datetime,actual_power,baseline_power,z_score,deviation_pct,severity,explanation,recommendation,potential_saving_kwh,potential_cost_saving
2006-12-19 08:00:00,3.87903333333333,1.5086777777777771,3.0217732944993343,157.1147656888665,Moderate,Consumption is 157.1% above the recent 24-hour baseline. High sub-metering activity indicates significant appliance/load usage.,Review active loads and consider shifting flexible electricity usage.,0.7111066666666658,5.688853333333326
2006-12-22 19:00:00,3.93816666666667,1.1534416666666671,3.4105089742236974,241.4274670731797,Moderate,Consumption is 241.4% above the recent 24-hour baseline. High sub-metering activity indicates significant appliance/load usage.,Review active loads and consider shifting flexible electricity usage. Consider shifting flexible loads away from evening peak hours.,0.8354175000000009,6.683340000000007
2006-12-22 21:00:00,4.54866666666667,1.2717638888888896,3.1004898844156936,257.66597136522995,Moderate,Consumption is 257.7% above the recent 24-hour baseline. High sub-metering activity indicates significant appliance/load usage.,Review active loads and consider shifting flexible electricity usage. Consider shifting flexible loads away from evening peak hours.,0.9830708333333341,7.864566666666673
2006-12-25 16:00:00,3.87283333333333,1.236561111111111,3.0278098588182867,213.19384853154557,Moderate,Consumption is 213.2% above the recent 24-hour baseline. High sub-metering activity indicates significant appliance/load usage.,Review active loads and consider shifting flexible electricity usage.,0.7908816666666656,6.327053333333325
2006-12-26 22:00:00,0.8636,2.947658333333333,-3.5998902352489615,-70.70216753977027,Moderate,Consumption is -70.7% above the recent 24-hour baseline.,Review active loads and consider shifting flexible electricity usage. Consider shifting flexible loads away from evening peak hours.,0.0,0.0
2006-12-26 23:00:00,0.7682,2.8080222222222218,-3.0969505645895725,-72.64266664556311,Moderate,Consumption is -72.6% above the recent 24-hour baseline.,Review active loads and consider shifting flexible electricity usage.,0.0,0.0
2006-12-28 21:00:00,5.03533333333333,1.1220763888888883,4.474328927298789,348.7513847715359,Moderate,Consumption is 348.8% above the recent 24-hour baseline. High sub-metering activity indicates significant appliance/load usage.,Review active loads and consider shifting flexible electricity usage. Consider shifting flexible loads away from evening peak hours.,1.1739770833333327,9.391816666666662
2007-01-01 14:00:00,1.2944,2.594518055555555,-5.461785921894379,-50.110194946288985,Moderate,Consumption is -50.1% above the recent 24-hour baseline.,Review active loads and consider shifting flexible electricity usage.,0.0,0.0
2007-01-01 16:00:00,1.3901,2.495934722222222,-3.0712694649994594,-44.30543444812759,Moderate,Consumption is -44.3% above the recent 24-hour baseline. High sub-metering activity indicates significant appliance/load usage.,Review active loads and consider shifting flexible electricity usage.,0.0,0.0
2007-01-01 19:00:00,0.7323,2.349490277777777,-3.3636846784546837,-68.83153733699922,Moderate,Consumption is -68.8% above the recent 24-hour baseline.,Review active loads and consider shifting flexible electricity usage. Consider shifting flexible loads away from evening peak hours.,0.0,0.0
2007-01-01 20:00:00,0.4123,2.278574999999999,-3.2039464011680048,-81.9053575151136,Moderate,Consumption is -81.9% above the recent 24-hour baseline.,Review active loads and consider shifting flexible electricity usage. Consider shifting flexible loads away from evening peak hours.,0.0,0.0
2007-01-02 17:00:00,2.1362,0.6636027777777782,3.612242933754582,221.90944214452233,Moderate,Consumption is 221.9% above the recent 24-hour baseline.,Review active loads and consider shifting flexible electricity usage. Consider shifting flexible loads away from evening peak hours.,0.44177916666666656,3.5342333333333324
2007-01-02 20:00:00,2.57353333333333,0.7386152777777782,3.395007753753722,248.42676705471698,Moderate,Consumption is 248.4% above the recent 24-hour baseline. High sub-metering activity indicates significant appliance/load usage.,Review active loads and consider shifting flexible electricity usage. Consider shifting flexible loads away from evening peak hours.,0.5504754166666656,4.403803333333324
2007-01-04 00:00:00,3.37506666666667,0.7042041666666664,6.047457665095387,379.2738848227024,High,Consumption is 379.3% above the recent 24-hour baseline. High sub-metering activity indicates significant appliance/load usage.,Reduce non-essential loads and shift flexible equipment usage.,0.8012587500000011,6.410070000000009
2007-01-04 01:00:00,2.89673333333333,0.797938888888889,3.0034159854763947,263.0269653064488,Moderate,Consumption is 263.0% above the recent 24-hour baseline.,Review active loads and consider shifting flexible electricity usage.,0.6296383333333323,5.037106666666658
2007-01-07 13:00:00,3.33193333333333,0.7809638888888882,5.123287177346395,326.64371307536624,Moderate,Consumption is 326.6% above the recent 24-hour baseline. The event occurred during a weekend. High sub-metering activity indicates significant appliance/load usage.,Review active loads and consider shifting flexible electricity usage.,0.7652908333333326,6.122326666666661
2007-01-07 15:00:00,3.77076666666667,0.8757569444444436,3.8523240971678647,330.572282707817,Moderate,Consumption is 330.6% above the recent 24-hour baseline. The event occurred during a weekend. High sub-metering activity indicates significant appliance/load usage.,Review active loads and consider shifting flexible electricity usage.,0.8685029166666679,6.948023333333343
2007-01-07 18:00:00,5.21153333333333,1.1060624999999995,3.991348439849882,371.17891921417936,Moderate,Consumption is 371.2% above the recent 24-hour baseline. The event occurred during a weekend. High sub-metering activity indicates significant appliance/load usage.,Review active loads and consider shifting flexible electricity usage. Consider shifting flexible loads away from evening peak hours.,1.2316412499999991,9.853129999999993
2007-01-20 13:00:00,4.25103333333333,1.4221833333333327,4.341650982547202,198.90895454172565,Moderate,Consumption is 198.9% above the recent 24-hour baseline. The event occurred during a weekend. High sub-metering activity indicates significant appliance/load usage.,Review active loads and consider shifting flexible electricity usage.,0.8486549999999992,6.789239999999993
2007-01-20 18:00:00,4.31236666666667,1.8416374999999992,3.1543582907274956,134.15936451482293,Moderate,Consumption is 134.2% above the recent 24-hour baseline. The event occurred during a weekend. High sub-metering activity indicates significant appliance/load usage.,Review active loads and consider shifting flexible electricity usage. Consider shifting flexible loads away from evening peak hours.,0.7412187500000013,5.92975000000001
2007-01-20 19:00:00,5.34303333333333,1.9906999999999992,3.742206965620483,168.39972538972881,Moderate,Consumption is 168.4% above the recent 24-hour baseline. The event occurred during a weekend. High sub-metering activity indicates significant appliance/load usage.,Review active loads and consider shifting flexible electricity usage. Consider shifting flexible loads away from evening peak hours.,1.0056999999999992,8.045599999999993
2007-01-21 19:00:00,5.33043333333333,2.0955097222222214,3.0859188964553255,154.37406836178144,Moderate,Consumption is 154.4% above the recent 24-hour baseline. The event occurred during a weekend. High sub-metering activity indicates significant appliance/load usage.,Review active loads and consider shifting flexible electricity usage. Consider shifting flexible loads away from evening peak hours.,0.9704770833333325,7.76381666666666
2007-01-21 20:00:00,6.07656666666667,2.0949847222222213,3.804337786536924,190.0530300870667,Moderate,Consumption is 190.1% above the recent 24-hour baseline. The event occurred during a weekend. High sub-metering activity indicates significant appliance/load usage.,Review active loads and consider shifting flexible electricity usage. Consider shifting flexible loads away from evening peak hours.,1.1944745833333346,9.555796666666676
2007-01-28 12:00:00,4.19583333333333,1.8366805555555556,3.6056969528096925,128.44654834733535,Moderate,Consumption is 128.4% above the recent 24-hour baseline. The event occurred during a weekend. High sub-metering activity indicates significant appliance/load usage.,Review active loads and consider shifting flexible electricity usage.,0.7077458333333323,5.661966666666658
2007-02-02 23:00:00,3.4555,1.0716055555555555,3.3433448897242055,222.46006770733428,Moderate,Consumption is 222.5% above the recent 24-hour baseline. High sub-metering activity indicates significant appliance/load usage.,Review active loads and consider shifting flexible electricity usage.,0.7151683333333333,5.721346666666666
2007-02-03 18:00:00,5.02113333333333,2.289475,3.2662195936884713,119.31374368941918,Moderate,Consumption is 119.3% above the recent 24-hour baseline. The event occurred during a weekend. High sub-metering activity indicates significant appliance/load usage.,Review active loads and consider shifting flexible electricity usage. Consider shifting flexible loads away from evening peak hours.,0.8194974999999989,6.555979999999991
2007-02-03 19:00:00,5.81466666666667,2.403309722222222,3.3938058850068495,141.94412450885164,Moderate,Consumption is 141.9% above the recent 24-hour baseline. The event occurred during a weekend. High sub-metering activity indicates significant appliance/load usage.,Review active loads and consider shifting flexible electricity usage. Consider shifting flexible loads away from evening peak hours.,1.0234070833333344,8.187256666666675
2007-02-06 21:00:00,2.77906666666667,0.8775486111111109,3.403868702651886,216.68521053756166,Moderate,Consumption is 216.7% above the recent 24-hour baseline. High sub-metering activity indicates significant appliance/load usage.,Review active loads and consider shifting flexible electricity usage. Consider shifting flexible loads away from evening peak hours.,0.5704554166666677,4.563643333333341
2007-02-09 22:00:00,3.83576666666667,1.0570652777777776,3.8739658936701433,262.86942228680863,Moderate,Consumption is 262.9% above the recent 24-hour baseline. High sub-metering activity indicates significant appliance/load usage.,Review active loads and consider shifting flexible electricity usage. Consider shifting flexible loads away from evening peak hours.,0.8336104166666677,6.6688833333333415
2007-02-10 19:00:00,4.71146666666667,1.6094236111111115,3.0457690410463196,192.7424845851475,Moderate,Consumption is 192.7% above the recent 24-hour baseline. The event occurred during a weekend. High sub-metering activity indicates significant appliance/load usage.,Review active loads and consider shifting flexible electricity usage. Consider shifting flexible loads away from evening peak hours.,0.9306129166666675,7.44490333333334
2007-02-13 21:00:00,3.5453,0.9231763888888885,3.78157319405021,284.03278535611514,Moderate,Consumption is 284.0% above the recent 24-hour baseline. High sub-metering activity indicates significant appliance/load usage.,Review active loads and consider shifting flexible electricity usage. Consider shifting flexible loads away from evening peak hours.,0.7866370833333335,6.293096666666668
2007-02-15 19:00:00,4.1108,1.1576555555555557,3.575379911533268,255.09698720594307,Moderate,Consumption is 255.1% above the recent 24-hour baseline. High sub-metering activity indicates significant appliance/load usage.,Review active loads and consider shifting flexible electricity usage. Consider shifting flexible loads away from evening peak hours.,0.8859433333333334,7.087546666666667
2007-02-17 22:00:00,3.84826666666667,1.278169444444444,3.030225994338003,201.07640918761894,Moderate,Consumption is 201.1% above the recent 24-hour baseline. The event occurred during a weekend.,Review active loads and consider shifting flexible electricity usage. Consider shifting flexible loads away from evening peak hours.,0.7710291666666678,6.168233333333342
2007-02-22 21:00:00,6.36386666666667,2.120634722222222,3.7619024306320132,200.09254304758093,Moderate,Consumption is 200.1% above the recent 24-hour baseline. High sub-metering activity indicates significant appliance/load usage.,Review active loads and consider shifting flexible electricity usage. Consider shifting flexible loads away from evening peak hours.,1.2729695833333343,10.183756666666675
2007-02-25 14:00:00,1.2028,0.33503055555555555,6.14329028266494,259.01203041181986,High,Consumption is 259.0% above the recent 24-hour baseline. The event occurred during a weekend. High sub-metering activity indicates significant appliance/load usage.,Reduce non-essential loads and shift flexible equipment usage.,0.26033083333333334,2.0826466666666668
2007-02-27 09:00:00,1.11213333333333,0.35687222222222226,3.9756673034744128,211.63348226100126,Moderate,Consumption is 211.6% above the recent 24-hour baseline. High sub-metering activity indicates significant appliance/load usage.,Review active loads and consider shifting flexible electricity usage.,0.22657833333333233,1.8126266666666586
2007-02-27 20:00:00,1.2159,0.35932916666666653,4.00236534570936,238.38054708426597,Moderate,Consumption is 238.4% above the recent 24-hour baseline. High sub-metering activity indicates significant appliance/load usage.,Review active loads and consider shifting flexible electricity usage. Consider shifting flexible loads away from evening peak hours.,0.25697125000000004,2.0557700000000003
2007-02-28 07:00:00,1.2055,0.3643083333333332,3.3882225610835697,230.90102248553208,Moderate,Consumption is 230.9% above the recent 24-hour baseline. High sub-metering activity indicates significant appliance/load usage.,Review active loads and consider shifting flexible electricity usage.,0.2523575,2.01886
2007-02-28 18:00:00,1.25003333333333,0.3617916666666667,3.3830150609560086,245.51191984337115,Moderate,Consumption is 245.5% above the recent 24-hour baseline. High sub-metering activity indicates significant appliance/load usage.,Review active loads and consider shifting flexible electricity usage. Consider shifting flexible loads away from evening peak hours.,0.26647249999999895,2.1317799999999916
2007-03-01 05:00:00,1.169,0.36156527777777764,3.0138046318203364,223.31644431810776,Moderate,Consumption is 223.3% above the recent 24-hour baseline. High sub-metering activity indicates significant appliance/load usage.,Review active loads and consider shifting flexible electricity usage.,0.24223041666666673,1.9378433333333338
2007-03-01 16:00:00,1.24373333333333,0.35964305555555537,3.3601768653038038,245.8243706143816,Moderate,Consumption is 245.8% above the recent 24-hour baseline. High sub-metering activity indicates significant appliance/load usage.,Review active loads and consider shifting flexible electricity usage.,0.2652270833333324,2.121816666666659
2007-03-03 19:00:00,1.53856666666667,0.3708777777777778,6.0823178361076025,314.84466281194847,High,Consumption is 314.8% above the recent 24-hour baseline. The event occurred during a weekend.,Reduce non-essential loads and shift flexible equipment usage. Consider shifting flexible loads away from evening peak hours.,0.3503066666666676,2.802453333333341
2007-03-03 20:00:00,1.81356666666667,0.4242916666666668,4.5655739667123685,327.4339585583823,Moderate,Consumption is 327.4% above the recent 24-hour baseline. The event occurred during a weekend. High sub-metering activity indicates significant appliance/load usage.,Review active loads and consider shifting flexible electricity usage. Consider shifting flexible loads away from evening peak hours.,0.416782500000001,3.334260000000008
2007-03-04 16:00:00,3.3447,0.6364430555555559,4.933339016186895,425.5301272916531,Moderate,Consumption is 425.5% above the recent 24-hour baseline. The event occurred during a weekend. High sub-metering activity indicates significant appliance/load usage.,Review active loads and consider shifting flexible electricity usage.,0.8124770833333331,6.499816666666665
2007-03-04 17:00:00,4.08716666666667,0.7626458333333336,4.294881809107993,435.9193596853064,Moderate,Consumption is 435.9% above the recent 24-hour baseline. The event occurred during a weekend. High sub-metering activity indicates significant appliance/load usage.,Review active loads and consider shifting flexible electricity usage. Consider shifting flexible loads away from evening peak hours.,0.9973562500000009,7.9788500000000075
2007-03-04 18:00:00,4.10613333333333,0.9213597222222227,3.1181005143599516,345.6601731438583,Moderate,Consumption is 345.7% above the recent 24-hour baseline. The event occurred during a weekend. High sub-metering activity indicates significant appliance/load usage.,Review active loads and consider shifting flexible electricity usage. Consider shifting flexible loads away from evening peak hours.,0.9554320833333321,7.643456666666657
2007-03-04 19:00:00,5.43213333333333,1.0769958333333336,3.6220425641372396,404.3783053942482,Moderate,Consumption is 404.4% above the recent 24-hour baseline. The event occurred during a weekend. High sub-metering activity indicates significant appliance/load usage.,Review active loads and consider shifting flexible electricity usage. Consider shifting flexible loads away from evening peak hours.,1.3065412499999989,10.452329999999991
2007-03-07 19:00:00,4.85256666666667,1.286301388888889,4.594921877689504,277.2495861843336,Moderate,Consumption is 277.2% above the recent 24-hour baseline. High sub-metering activity indicates significant appliance/load usage.,Review active loads and consider shifting flexible electricity usage. Consider shifting flexible loads away from evening peak hours.,1.069879583333334,8.559036666666673
2007-03-10 10:00:00,3.11226666666667,0.8042444444444445,4.014741974495003,286.98018844464127,Moderate,Consumption is 287.0% above the recent 24-hour baseline. The event occurred during a weekend. High sub-metering activity indicates significant appliance/load usage.,Review active loads and consider shifting flexible electricity usage.,0.6924066666666676,5.539253333333341
2007-03-11 19:00:00,4.6315,2.4381750000000006,3.2039304622444753,89.95765275257102,Moderate,Consumption is 90.0% above the recent 24-hour baseline. The event occurred during a weekend. High sub-metering activity indicates significant appliance/load usage.,Review active loads and consider shifting flexible electricity usage. Consider shifting flexible loads away from evening peak hours.,0.6579974999999998,5.263979999999998
2007-03-14 19:00:00,3.70646666666667,1.121129166666667,3.2471617140949505,230.60121677921464,Moderate,Consumption is 230.6% above the recent 24-hour baseline. High sub-metering activity indicates significant appliance/load usage.,Review active loads and consider shifting flexible electricity usage. Consider shifting flexible loads away from evening peak hours.,0.7756012500000009,6.204810000000007
2007-03-17 20:00:00,4.12983333333333,1.2978250000000011,3.919196140802344,218.21188013278575,Moderate,Consumption is 218.2% above the recent 24-hour baseline. The event occurred during a weekend. High sub-metering activity indicates significant appliance/load usage.,Review active loads and consider shifting flexible electricity usage. Consider shifting flexible loads away from evening peak hours.,0.8496024999999987,6.79681999999999
2007-03-19 20:00:00,4.10206666666667,1.3779388888888888,3.1083664005939284,197.69583395490068,Moderate,Consumption is 197.7% above the recent 24-hour baseline. High sub-metering activity indicates significant appliance/load usage.,Review active loads and consider shifting flexible electricity usage. Consider shifting flexible loads away from evening peak hours.,0.8172383333333343,6.537906666666674
2007-03-20 21:00:00,5.2927,1.3259763888888887,3.7621277261006902,299.1549204307518,Moderate,Consumption is 299.2% above the recent 24-hour baseline. High sub-metering activity indicates significant appliance/load usage.,Review active loads and consider shifting flexible electricity usage. Consider shifting flexible loads away from evening peak hours.,1.1900170833333332,9.520136666666666
2007-03-24 19:00:00,5.01586666666667,1.5361541666666667,3.6476331208777464,226.5210468784331,Moderate,Consumption is 226.5% above the recent 24-hour baseline. The event occurred during a weekend. High sub-metering activity indicates significant appliance/load usage.,Review active loads and consider shifting flexible electricity usage. Consider shifting flexible loads away from evening peak hours.,1.0439137500000009,8.351310000000007
2007-03-27 20:00:00,2.87466666666667,0.699822222222222,3.8577081337440786,310.7709894576406,Moderate,Consumption is 310.8% above the recent 24-hour baseline. High sub-metering activity indicates significant appliance/load usage.,Review active loads and consider shifting flexible electricity usage. Consider shifting flexible loads away from evening peak hours.,0.6524533333333343,5.219626666666675
2007-03-27 21:00:00,2.90333333333333,0.729361111111111,3.3185920041267534,298.0652778306734,Moderate,Consumption is 298.1% above the recent 24-hour baseline. High sub-metering activity indicates significant appliance/load usage.,Review active loads and consider shifting flexible electricity usage. Consider shifting flexible loads away from evening peak hours.,0.6521916666666657,5.217533333333326
2007-03-31 10:00:00,5.16106666666667,1.4124736111111107,4.23025342846092,265.392077138118,Moderate,Consumption is 265.4% above the recent 24-hour baseline. The event occurred during a weekend. High sub-metering activity indicates significant appliance/load usage.,Review active loads and consider shifting flexible electricity usage.,1.1245779166666678,8.996623333333343
2007-04-03 19:00:00,4.56563333333333,1.1618125,3.1845381458747055,292.9750569333116,Moderate,Consumption is 293.0% above the recent 24-hour baseline. High sub-metering activity indicates significant appliance/load usage.,Review active loads and consider shifting flexible electricity usage. Consider shifting flexible loads away from evening peak hours.,1.021146249999999,8.169169999999992
2007-04-05 21:00:00,4.75263333333333,1.2267083333333333,3.0194041565882737,287.42977480384474,Moderate,Consumption is 287.4% above the recent 24-hour baseline. High sub-metering activity indicates significant appliance/load usage.,Review active loads and consider shifting flexible electricity usage. Consider shifting flexible loads away from evening peak hours.,1.057777499999999,8.462219999999991
2007-04-07 21:00:00,3.29703333333333,0.9128263888888891,3.096569226801863,261.1895288595399,Moderate,Consumption is 261.2% above the recent 24-hour baseline. The event occurred during a weekend. High sub-metering activity indicates significant appliance/load usage.,Review active loads and consider shifting flexible electricity usage. Consider shifting flexible loads away from evening peak hours.,0.7152620833333323,5.722096666666658
2007-04-09 15:00:00,1.18196666666667,0.3702527777777777,4.097422206640707,219.23235627311763,Moderate,Consumption is 219.2% above the recent 24-hour baseline. High sub-metering activity indicates significant appliance/load usage.,Review active loads and consider shifting flexible electricity usage.,0.24351416666666764,1.9481133333333411
2007-04-09 17:00:00,1.43626666666667,0.4244277777777777,3.528688740353412,238.4007225414619,Moderate,Consumption is 238.4% above the recent 24-hour baseline. High sub-metering activity indicates significant appliance/load usage.,Review active loads and consider shifting flexible electricity usage. Consider shifting flexible loads away from evening peak hours.,0.30355166666666766,2.4284133333333413
2007-04-09 19:00:00,2.41473333333333,0.49953333333333344,5.239202513861847,383.39783798211585,Moderate,Consumption is 383.4% above the recent 24-hour baseline.,Review active loads and consider shifting flexible electricity usage. Consider shifting flexible loads away from evening peak hours.,0.574559999999999,4.596479999999992
2007-04-10 23:00:00,1.8182,0.4768805555555556,4.475490722139197,281.2694769829389,Moderate,Consumption is 281.3% above the recent 24-hour baseline. High sub-metering activity indicates significant appliance/load usage.,Review active loads and consider shifting flexible electricity usage.,0.40239583333333334,3.2191666666666667
2007-04-12 21:00:00,1.01553333333333,0.36150416666666674,3.5517226778273887,180.91884602528688,Moderate,Consumption is 180.9% above the recent 24-hour baseline. High sub-metering activity indicates significant appliance/load usage.,Review active loads and consider shifting flexible electricity usage. Consider shifting flexible loads away from evening peak hours.,0.196208749999999,1.569669999999992
2007-04-13 22:00:00,1.06216666666667,0.35990972222222223,4.703118666586307,195.1203040886034,Moderate,Consumption is 195.1% above the recent 24-hour baseline. High sub-metering activity indicates significant appliance/load usage.,Review active loads and consider shifting flexible electricity usage. Consider shifting flexible loads away from evening peak hours.,0.21067708333333432,1.6854166666666746
2007-04-14 10:00:00,0.944466666666667,0.3625708333333335,3.163967328844578,160.49162807267544,Moderate,Consumption is 160.5% above the recent 24-hour baseline. The event occurred during a weekend. High sub-metering activity indicates significant appliance/load usage.,Review active loads and consider shifting flexible electricity usage.,0.17456875000000005,1.3965500000000004
2007-04-14 23:00:00,1.15523333333333,0.3503166666666668,5.371853002758778,229.768304867024,Moderate,Consumption is 229.8% above the recent 24-hour baseline. The event occurred during a weekend. High sub-metering activity indicates significant appliance/load usage.,Review active loads and consider shifting flexible electricity usage.,0.24147499999999894,1.9317999999999915
2007-04-15 15:00:00,1.68906666666667,0.3977902777777776,5.824177702185133,324.6123550586759,Moderate,Consumption is 324.6% above the recent 24-hour baseline. The event occurred during a weekend. High sub-metering activity indicates significant appliance/load usage.,Review active loads and consider shifting flexible electricity usage.,0.38738291666666774,3.099063333333342
2007-04-15 22:00:00,1.78783333333333,0.4650194444444444,3.7150892992536515,284.4642099792714,Moderate,Consumption is 284.5% above the recent 24-hour baseline. The event occurred during a weekend. High sub-metering activity indicates significant appliance/load usage.,Review active loads and consider shifting flexible electricity usage. Consider shifting flexible loads away from evening peak hours.,0.39684416666666567,3.1747533333333253
2007-04-16 21:00:00,2.90346666666667,0.5453624999999999,5.145622910204644,432.3920633829188,Moderate,Consumption is 432.4% above the recent 24-hour baseline. High sub-metering activity indicates significant appliance/load usage.,Review active loads and consider shifting flexible electricity usage. Consider shifting flexible loads away from evening peak hours.,0.7074312500000011,5.6594500000000085
2007-04-20 21:00:00,2.88426666666667,0.4490291666666664,6.450316842146394,542.333924114062,High,Consumption is 542.3% above the recent 24-hour baseline. High sub-metering activity indicates significant appliance/load usage.,Reduce non-essential loads and shift flexible equipment usage. Consider shifting flexible loads away from evening peak hours.,0.730571250000001,5.844570000000008
2007-04-25 22:00:00,2.80053333333333,0.8014624999999999,3.007625368605344,249.42786884393598,Moderate,Consumption is 249.4% above the recent 24-hour baseline. High sub-metering activity indicates significant appliance/load usage.,Review active loads and consider shifting flexible electricity usage. Consider shifting flexible loads away from evening peak hours.,0.599721249999999,4.797769999999992
2007-04-27 21:00:00,3.10333333333333,0.6271305555555556,5.454470098288031,394.8464567452279,Moderate,Consumption is 394.8% above the recent 24-hour baseline. High sub-metering activity indicates significant appliance/load usage.,Review active loads and consider shifting flexible electricity usage. Consider shifting flexible loads away from evening peak hours.,0.7428608333333323,5.942886666666658
2007-05-01 21:00:00,3.45216666666667,1.0256347222222217,3.249863398548084,236.58831861570863,Moderate,Consumption is 236.6% above the recent 24-hour baseline. High sub-metering activity indicates significant appliance/load usage.,Review active loads and consider shifting flexible electricity usage. Consider shifting flexible loads away from evening peak hours.,0.7279595833333344,5.8236766666666755
2007-05-04 20:00:00,3.15606666666667,0.635165277777778,4.145611101626068,396.8890424408349,Moderate,Consumption is 396.9% above the recent 24-hour baseline. High sub-metering activity indicates significant appliance/load usage.,Review active loads and consider shifting flexible electricity usage. Consider shifting flexible loads away from evening peak hours.,0.7562704166666676,6.050163333333341
2007-05-05 14:00:00,3.23503333333333,0.8010500000000005,3.152489001275227,303.8491147036175,Moderate,Consumption is 303.8% above the recent 24-hour baseline. The event occurred during a weekend. High sub-metering activity indicates significant appliance/load usage.,Review active loads and consider shifting flexible electricity usage.,0.7301949999999988,5.8415599999999905
2007-05-08 12:00:00,4.71913333333333,0.9235875000000004,6.232961148109475,410.95682145257786,High,Consumption is 411.0% above the recent 24-hour baseline. High sub-metering activity indicates significant appliance/load usage.,Reduce non-essential loads and shift flexible equipment usage.,1.1386637499999988,9.10930999999999
2007-05-11 21:00:00,2.17513333333333,0.6047291666666667,3.390297338828671,259.68718779067717,Moderate,Consumption is 259.7% above the recent 24-hour baseline. High sub-metering activity indicates significant appliance/load usage.,Review active loads and consider shifting flexible electricity usage. Consider shifting flexible loads away from evening peak hours.,0.47112124999999905,3.7689699999999924
2007-05-12 14:00:00,2.61086666666667,0.7201180555555556,3.6497132171463003,262.5609226882171,Moderate,Consumption is 262.6% above the recent 24-hour baseline. The event occurred during a weekend. High sub-metering activity indicates significant appliance/load usage.,Review active loads and consider shifting flexible electricity usage.,0.5672245833333344,4.537796666666675
2007-05-14 18:00:00,2.8374,0.7684097222222223,3.498199303305527,269.2561296328095,Moderate,Consumption is 269.3% above the recent 24-hour baseline. High sub-metering activity indicates significant appliance/load usage.,Review active loads and consider shifting flexible electricity usage. Consider shifting flexible loads away from evening peak hours.,0.6206970833333334,4.965576666666667
2007-05-14 21:00:00,3.56123333333333,0.8556138888888883,3.6139042814036677,316.2196733339609,Moderate,Consumption is 316.2% above the recent 24-hour baseline. High sub-metering activity indicates significant appliance/load usage.,Review active loads and consider shifting flexible electricity usage. Consider shifting flexible loads away from evening peak hours.,0.8116858333333324,6.4934866666666595
2007-05-16 08:00:00,2.18136666666667,0.6691736111111108,3.4859177205658267,225.9791824493318,Moderate,Consumption is 226.0% above the recent 24-hour baseline. High sub-metering activity indicates significant appliance/load usage.,Review active loads and consider shifting flexible electricity usage.,0.4536579166666677,3.6292633333333417
2007-05-16 12:00:00,2.8142,0.7718847222222222,3.440013455913945,264.588120347562,Moderate,Consumption is 264.6% above the recent 24-hour baseline. High sub-metering activity indicates significant appliance/load usage.,Review active loads and consider shifting flexible electricity usage.,0.6126945833333334,4.901556666666667
2007-05-18 20:00:00,3.98566666666667,1.0036569444444448,4.822591258237479,297.11444121704955,Moderate,Consumption is 297.1% above the recent 24-hour baseline. High sub-metering activity indicates significant appliance/load usage.,Review active loads and consider shifting flexible electricity usage. Consider shifting flexible loads away from evening peak hours.,0.8946029166666676,7.156823333333341
2007-05-20 18:00:00,2.4479,0.8663777777777772,3.1349475112435514,182.54418139379814,Moderate,Consumption is 182.5% above the recent 24-hour baseline. The event occurred during a weekend. High sub-metering activity indicates significant appliance/load usage.,Review active loads and consider shifting flexible electricity usage. Consider shifting flexible loads away from evening peak hours.,0.47445666666666686,3.795653333333335
2007-05-20 19:00:00,3.15956666666667,0.9026277777777773,3.871375366095977,250.04092987758025,Moderate,Consumption is 250.0% above the recent 24-hour baseline. The event occurred during a weekend. High sub-metering activity indicates significant appliance/load usage.,Review active loads and consider shifting flexible electricity usage. Consider shifting flexible loads away from evening peak hours.,0.6770816666666679,5.416653333333343
2007-05-20 21:00:00,4.09726666666667,1.0843027777777774,3.6595929729007444,277.87108459353084,Moderate,Consumption is 277.9% above the recent 24-hour baseline. The event occurred during a weekend. High sub-metering activity indicates significant appliance/load usage.,Review active loads and consider shifting flexible electricity usage. Consider shifting flexible loads away from evening peak hours.,0.9038891666666676,7.231113333333341
2007-05-22 20:00:00,2.8976,0.7449069444444444,3.9789419079579296,288.9881845793565,Moderate,Consumption is 289.0% above the recent 24-hour baseline. High sub-metering activity indicates significant appliance/load usage.,Review active loads and consider shifting flexible electricity usage. Consider shifting flexible loads away from evening peak hours.,0.6458079166666667,5.166463333333334
2007-05-25 20:00:00,3.57326666666667,0.993248611111111,3.0705155856626662,259.7555160605145,Moderate,Consumption is 259.8% above the recent 24-hour baseline. High sub-metering activity indicates significant appliance/load usage.,Review active loads and consider shifting flexible electricity usage. Consider shifting flexible loads away from evening peak hours.,0.7740054166666678,6.192043333333342
2007-05-25 21:00:00,4.47473333333333,1.0763791666666667,3.44454936200501,315.72091618892017,Moderate,Consumption is 315.7% above the recent 24-hour baseline. High sub-metering activity indicates significant appliance/load usage.,Review active loads and consider shifting flexible electricity usage. Consider shifting flexible loads away from evening peak hours.,1.0195062499999992,8.156049999999993
2007-05-27 14:00:00,3.85683333333333,1.0322625,4.357369370306256,273.6291237290253,Moderate,Consumption is 273.6% above the recent 24-hour baseline. The event occurred during a weekend. High sub-metering activity indicates significant appliance/load usage.,Review active loads and consider shifting flexible electricity usage.,0.8473712499999989,6.778969999999991
2007-05-27 15:00:00,3.74743333333333,1.1249791666666666,3.0434272181899837,233.11135391396104,Moderate,Consumption is 233.1% above the recent 24-hour baseline. The event occurred during a weekend. High sub-metering activity indicates significant appliance/load usage.,Review active loads and consider shifting flexible electricity usage.,0.7867362499999989,6.293889999999991
2007-05-29 21:00:00,2.48023333333333,0.7199208333333331,3.5662970119021127,244.51473252267286,Moderate,Consumption is 244.5% above the recent 24-hour baseline. High sub-metering activity indicates significant appliance/load usage.,Review active loads and consider shifting flexible electricity usage. Consider shifting flexible loads away from evening peak hours.,0.528093749999999,4.224749999999992
2007-06-02 09:00:00,2.4007,0.6275281779661015,4.524566492812805,282.56449420024035,Moderate,Consumption is 282.6% above the recent 24-hour baseline. The event occurred during a weekend. High sub-metering activity indicates significant appliance/load usage.,Review active loads and consider shifting flexible electricity usage.,0.5319515466101695,4.255612372881356
2007-06-02 17:00:00,2.6615,0.8216379001883239,3.192934530562818,223.92614792842073,Moderate,Consumption is 223.9% above the recent 24-hour baseline. The event occurred during a weekend. High sub-metering activity indicates significant appliance/load usage.,Review active loads and consider shifting flexible electricity usage. Consider shifting flexible loads away from evening peak hours.,0.5519586299435029,4.415669039548023
2007-06-02 19:00:00,3.1521,0.9868712335216573,3.1007790946644707,219.40337228715316,Moderate,Consumption is 219.4% above the recent 24-hour baseline. The event occurred during a weekend. High sub-metering activity indicates significant appliance/load usage.,Review active loads and consider shifting flexible electricity usage. Consider shifting flexible loads away from evening peak hours.,0.6495686299435027,5.196549039548022
2007-06-08 09:00:00,1.955,0.6601374999999998,3.038420746145798,196.15042320728645,Moderate,Consumption is 196.2% above the recent 24-hour baseline. High sub-metering activity indicates significant appliance/load usage.,Review active loads and consider shifting flexible electricity usage.,0.3884587500000001,3.1076700000000006
2007-06-08 10:00:00,3.12126666666667,0.6894874999999998,4.979891330065446,352.69372782924574,Moderate,Consumption is 352.7% above the recent 24-hour baseline. High sub-metering activity indicates significant appliance/load usage.,Review active loads and consider shifting flexible electricity usage.,0.7295337500000011,5.836270000000009
2007-06-12 18:00:00,2.0773,0.4571875000000001,5.31506959843208,354.3650034176349,Moderate,Consumption is 354.4% above the recent 24-hour baseline. High sub-metering activity indicates significant appliance/load usage.,Review active loads and consider shifting flexible electricity usage. Consider shifting flexible loads away from evening peak hours.,0.48603375,3.88827
2007-06-14 19:00:00,3.23296666666667,0.6258611111111111,4.580115488107031,416.5629577027213,Moderate,Consumption is 416.6% above the recent 24-hour baseline. High sub-metering activity indicates significant appliance/load usage.,Review active loads and consider shifting flexible electricity usage. Consider shifting flexible loads away from evening peak hours.,0.7821316666666677,6.257053333333341
2007-06-16 10:00:00,2.19513333333333,0.5722111111111109,3.390045061211293,283.6229829705427,Moderate,Consumption is 283.6% above the recent 24-hour baseline. The event occurred during a weekend. High sub-metering activity indicates significant appliance/load usage.,Review active loads and consider shifting flexible electricity usage.,0.48687666666666574,3.895013333333326
2007-06-20 21:00:00,3.2391,0.6671083333333336,4.388970987054005,385.5433275455009,Moderate,Consumption is 385.5% above the recent 24-hour baseline. High sub-metering activity indicates significant appliance/load usage.,Review active loads and consider shifting flexible electricity usage. Consider shifting flexible loads away from evening peak hours.,0.7715974999999999,6.1727799999999995
2007-06-21 22:00:00,2.16686666666667,0.5065708333333334,3.353782997197133,327.7519596634238,Moderate,Consumption is 327.8% above the recent 24-hour baseline. High sub-metering activity indicates significant appliance/load usage.,Review active loads and consider shifting flexible electricity usage. Consider shifting flexible loads away from evening peak hours.,0.49808875000000097,3.9847100000000077
2007-06-23 17:00:00,1.21666666666667,0.28254583333333344,5.069102366459419,330.60860332394543,Moderate,Consumption is 330.6% above the recent 24-hour baseline. The event occurred during a weekend. High sub-metering activity indicates significant appliance/load usage.,Review active loads and consider shifting flexible electricity usage. Consider shifting flexible loads away from evening peak hours.,0.2802362500000009,2.2418900000000073
2007-06-24 15:00:00,1.21073333333333,0.3484597222222223,3.128070989657546,247.45287794301007,Moderate,Consumption is 247.5% above the recent 24-hour baseline. The event occurred during a weekend.,Review active loads and consider shifting flexible electricity usage.,0.2586820833333323,2.0694566666666585
2007-06-25 07:00:00,1.55713333333333,0.47966805555555525,3.113441701380508,224.62727406974102,Moderate,Consumption is 224.6% above the recent 24-hour baseline. High sub-metering activity indicates significant appliance/load usage.,Review active loads and consider shifting flexible electricity usage.,0.3232395833333324,2.5859166666666593
2007-06-25 21:00:00,3.56833333333333,0.5174652777777778,7.500143528014674,589.5792793397295,High,Consumption is 589.6% above the recent 24-hour baseline. High sub-metering activity indicates significant appliance/load usage.,Reduce non-essential loads and shift flexible equipment usage. Consider shifting flexible loads away from evening peak hours.,0.9152604166666656,7.322083333333325
2007-06-26 22:00:00,3.5618,0.6178263888888887,4.864080149397244,476.50499623455903,Moderate,Consumption is 476.5% above the recent 24-hour baseline. High sub-metering activity indicates significant appliance/load usage.,Review active loads and consider shifting flexible electricity usage. Consider shifting flexible loads away from evening peak hours.,0.8831920833333333,7.065536666666667
2007-06-27 21:00:00,4.59796666666667,0.9853333333333328,3.462456382629264,366.64073071718593,Moderate,Consumption is 366.6% above the recent 24-hour baseline. High sub-metering activity indicates significant appliance/load usage.,Review active loads and consider shifting flexible electricity usage. Consider shifting flexible loads away from evening peak hours.,1.0837900000000011,8.67032000000001
2007-06-29 21:00:00,3.11996666666667,0.8127056026365344,3.513656335144543,283.89875208747765,Moderate,Consumption is 283.9% above the recent 24-hour baseline. High sub-metering activity indicates significant appliance/load usage.,Review active loads and consider shifting flexible electricity usage. Consider shifting flexible loads away from evening peak hours.,0.6921783192090407,5.537426553672326
2007-07-02 20:00:00,2.0822,0.4198944444444443,5.138371893867503,395.88653232955386,Moderate,Consumption is 395.9% above the recent 24-hour baseline. High sub-metering activity indicates significant appliance/load usage.,Review active loads and consider shifting flexible electricity usage. Consider shifting flexible loads away from evening peak hours.,0.49869166666666664,3.989533333333333
2007-07-02 21:00:00,2.6667,0.48135694444444416,4.666238804165057,453.9963702149886,Moderate,Consumption is 454.0% above the recent 24-hour baseline. High sub-metering activity indicates significant appliance/load usage.,Review active loads and consider shifting flexible electricity usage. Consider shifting flexible loads away from evening peak hours.,0.6556029166666667,5.244823333333334
2007-07-02 22:00:00,3.10566666666667,0.5548152777777776,3.9664439868853116,459.76588804582184,Moderate,Consumption is 459.8% above the recent 24-hour baseline. High sub-metering activity indicates significant appliance/load usage.,Review active loads and consider shifting flexible electricity usage. Consider shifting flexible loads away from evening peak hours.,0.7652554166666677,6.122043333333342
2007-07-03 22:00:00,3.94863333333333,0.6975430555555557,4.570533599354359,466.07736280715386,Moderate,Consumption is 466.1% above the recent 24-hour baseline. High sub-metering activity indicates significant appliance/load usage.,Review active loads and consider shifting flexible electricity usage. Consider shifting flexible loads away from evening peak hours.,0.9753270833333322,7.802616666666657
2007-07-05 20:00:00,2.0064,0.5507361111111114,3.0067270270283695,264.3124101581215,Moderate,Consumption is 264.3% above the recent 24-hour baseline. High sub-metering activity indicates significant appliance/load usage.,Review active loads and consider shifting flexible electricity usage. Consider shifting flexible loads away from evening peak hours.,0.4366991666666666,3.4935933333333327
2007-07-05 22:00:00,2.70363333333333,0.6443305555555557,3.4320999391499813,319.6034644053468,Moderate,Consumption is 319.6% above the recent 24-hour baseline. High sub-metering activity indicates significant appliance/load usage.,Review active loads and consider shifting flexible electricity usage. Consider shifting flexible loads away from evening peak hours.,0.6177908333333322,4.942326666666657
2007-07-06 21:00:00,4.27223333333333,0.7100430555555555,4.8675253128181435,501.68651744514665,Moderate,Consumption is 501.7% above the recent 24-hour baseline. High sub-metering activity indicates significant appliance/load usage.,Review active loads and consider shifting flexible electricity usage. Consider shifting flexible loads away from evening peak hours.,1.0686570833333322,8.549256666666658
2007-07-09 22:00:00,2.6201,0.7420805555555557,3.521700546310667,253.0748758183634,Moderate,Consumption is 253.1% above the recent 24-hour baseline. High sub-metering activity indicates significant appliance/load usage.,Review active loads and consider shifting flexible electricity usage. Consider shifting flexible loads away from evening peak hours.,0.5634058333333332,4.507246666666665
2007-07-10 22:00:00,3.25283333333333,0.6680638888888891,3.7828788827709285,386.9045292574306,Moderate,Consumption is 386.9% above the recent 24-hour baseline. High sub-metering activity indicates significant appliance/load usage.,Review active loads and consider shifting flexible electricity usage. Consider shifting flexible loads away from evening peak hours.,0.7754308333333323,6.203446666666658
2007-07-12 19:00:00,2.15243333333333,0.40679583333333347,5.804332492392943,429.1188249633816,Moderate,Consumption is 429.1% above the recent 24-hour baseline. High sub-metering activity indicates significant appliance/load usage.,Review active loads and consider shifting flexible electricity usage. Consider shifting flexible loads away from evening peak hours.,0.5236912499999989,4.1895299999999915
2007-07-12 20:00:00,2.0498,0.4703347222222222,3.393698836588206,335.8172814278247,Moderate,Consumption is 335.8% above the recent 24-hour baseline. High sub-metering activity indicates significant appliance/load usage.,Review active loads and consider shifting flexible electricity usage. Consider shifting flexible loads away from evening peak hours.,0.47383958333333326,3.790716666666666
2007-07-12 21:00:00,2.85886666666667,0.5462388888888888,4.110663910528828,423.3729646166214,Moderate,Consumption is 423.4% above the recent 24-hour baseline. High sub-metering activity indicates significant appliance/load usage.,Review active loads and consider shifting flexible electricity usage. Consider shifting flexible loads away from evening peak hours.,0.6937883333333343,5.550306666666675
2007-07-14 10:00:00,1.79136666666667,0.46710694444444445,4.220799001834931,283.50246939643324,Moderate,Consumption is 283.5% above the recent 24-hour baseline. The event occurred during a weekend. High sub-metering activity indicates significant appliance/load usage.,Review active loads and consider shifting flexible electricity usage.,0.3972779166666677,3.1782233333333414
2007-07-14 11:00:00,1.81193333333333,0.509288888888889,3.1724968985721542,255.7771184222002,Moderate,Consumption is 255.8% above the recent 24-hour baseline. The event occurred during a weekend. High sub-metering activity indicates significant appliance/load usage.,Review active loads and consider shifting flexible electricity usage.,0.3907933333333323,3.1263466666666586
2007-07-14 19:00:00,3.7519,0.7526736111111109,5.947241654597879,398.4763574295338,Moderate,Consumption is 398.5% above the recent 24-hour baseline. The event occurred during a weekend. High sub-metering activity indicates significant appliance/load usage.,Review active loads and consider shifting flexible electricity usage. Consider shifting flexible loads away from evening peak hours.,0.8997679166666668,7.198143333333334
2007-07-15 21:00:00,1.81923333333333,0.6187052524856095,3.002755386632006,194.03877307080782,Moderate,Consumption is 194.0% above the recent 24-hour baseline. The event occurred during a weekend. High sub-metering activity indicates significant appliance/load usage.,Review active loads and consider shifting flexible electricity usage. Consider shifting flexible loads away from evening peak hours.,0.3601584242543161,2.881267394034529
2007-07-17 08:00:00,2.01486666666667,0.560201388888889,3.980158994085832,259.66827405818884,Moderate,Consumption is 259.7% above the recent 24-hour baseline. High sub-metering activity indicates significant appliance/load usage.,Review active loads and consider shifting flexible electricity usage.,0.43639958333333423,3.491196666666674
2007-07-18 07:00:00,1.9317,0.5026861111111113,3.1189668781975732,284.27558615659194,Moderate,Consumption is 284.3% above the recent 24-hour baseline. High sub-metering activity indicates significant appliance/load usage.,Review active loads and consider shifting flexible electricity usage.,0.42870416666666655,3.4296333333333324
2007-07-19 20:00:00,1.505,0.3816208333333335,4.220155540026803,294.3705030080029,Moderate,Consumption is 294.4% above the recent 24-hour baseline. High sub-metering activity indicates significant appliance/load usage.,Review active loads and consider shifting flexible electricity usage. Consider shifting flexible loads away from evening peak hours.,0.3370137499999999,2.696109999999999
2007-07-20 18:00:00,2.81283333333333,0.5899763888888886,6.073751870933459,376.770492227796,High,Consumption is 376.8% above the recent 24-hour baseline. High sub-metering activity indicates significant appliance/load usage.,Reduce non-essential loads and shift flexible equipment usage. Consider shifting flexible loads away from evening peak hours.,0.6668570833333324,5.334856666666659
2007-07-22 10:00:00,2.56543333333333,0.6648402777777781,3.8520488517728038,285.87212885300283,Moderate,Consumption is 285.9% above the recent 24-hour baseline. The event occurred during a weekend. High sub-metering activity indicates significant appliance/load usage.,Review active loads and consider shifting flexible electricity usage.,0.5701779166666655,4.561423333333324
2007-07-22 11:00:00,3.03323333333333,0.7544444444444446,3.6517800159274576,302.0486008836519,Moderate,Consumption is 302.0% above the recent 24-hour baseline. The event occurred during a weekend. High sub-metering activity indicates significant appliance/load usage.,Review active loads and consider shifting flexible electricity usage.,0.6836366666666656,5.4690933333333245
2007-07-26 08:00:00,1.66766666666667,0.31815000000000004,6.2043430383568285,424.1762271465251,High,Consumption is 424.2% above the recent 24-hour baseline. High sub-metering activity indicates significant appliance/load usage.,Reduce non-essential loads and shift flexible equipment usage.,0.4048550000000009,3.2388400000000073
2007-07-26 09:00:00,1.5946,0.348438888888889,3.780000058661386,357.64122514708447,Moderate,Consumption is 357.6% above the recent 24-hour baseline. High sub-metering activity indicates significant appliance/load usage.,Review active loads and consider shifting flexible electricity usage.,0.3738483333333333,2.9907866666666663
2007-07-26 19:00:00,2.47306666666667,0.41102361111111135,4.794689163804676,501.68481805249144,Moderate,Consumption is 501.7% above the recent 24-hour baseline. High sub-metering activity indicates significant appliance/load usage.,Review active loads and consider shifting flexible electricity usage. Consider shifting flexible loads away from evening peak hours.,0.6186129166666676,4.948903333333341
2007-07-30 06:00:00,0.925066666666667,0.22162500000000007,4.646370823887462,317.401767249483,Moderate,Consumption is 317.4% above the recent 24-hour baseline. High sub-metering activity indicates significant appliance/load usage.,Review active loads and consider shifting flexible electricity usage.,0.2110325000000001,1.6882600000000008
2007-07-30 18:00:00,1.19143333333333,0.23946944444444448,5.251348741020397,397.53042025774425,Moderate,Consumption is 397.5% above the recent 24-hour baseline. High sub-metering activity indicates significant appliance/load usage.,Review active loads and consider shifting flexible electricity usage. Consider shifting flexible loads away from evening peak hours.,0.2855891666666656,2.284713333333325
2007-07-31 12:00:00,2.0913,0.3217708333333332,5.966164355639392,549.9346066688252,Moderate,Consumption is 549.9% above the recent 24-hour baseline. High sub-metering activity indicates significant appliance/load usage.,Review active loads and consider shifting flexible electricity usage.,0.53085875,4.24687
2007-07-31 20:00:00,1.92106666666667,0.46544999999999986,3.1304174046464377,312.733197264297,Moderate,Consumption is 312.7% above the recent 24-hour baseline. High sub-metering activity indicates significant appliance/load usage.,Review active loads and consider shifting flexible electricity usage. Consider shifting flexible loads away from evening peak hours.,0.43668500000000104,3.4934800000000084
2007-08-11 11:00:00,2.6036,0.654061111111111,3.2499280085997277,298.0667793529318,Moderate,Consumption is 298.1% above the recent 24-hour baseline. The event occurred during a weekend. High sub-metering activity indicates significant appliance/load usage.,Review active loads and consider shifting flexible electricity usage.,0.5848616666666667,4.678893333333334
2007-08-12 22:00:00,2.76583333333333,0.5992874999999999,3.793461415694257,361.5202775518145,Moderate,Consumption is 361.5% above the recent 24-hour baseline. The event occurred during a weekend. High sub-metering activity indicates significant appliance/load usage.,Review active loads and consider shifting flexible electricity usage. Consider shifting flexible loads away from evening peak hours.,0.649963749999999,5.199709999999992
2007-08-12 23:00:00,4.6344,0.7076944444444441,5.499726312089034,554.8588923342627,Moderate,Consumption is 554.9% above the recent 24-hour baseline. The event occurred during a weekend. High sub-metering activity indicates significant appliance/load usage.,Review active loads and consider shifting flexible electricity usage.,1.178011666666667,9.424093333333335
2007-08-15 10:00:00,2.82706666666667,0.7322930555555551,3.010805444221684,286.05673578618223,Moderate,Consumption is 286.1% above the recent 24-hour baseline. High sub-metering activity indicates significant appliance/load usage.,Review active loads and consider shifting flexible electricity usage.,0.6284320833333344,5.027456666666676
2007-08-17 00:00:00,2.735,0.6656222222222222,3.0795190254418072,310.89373351584146,Moderate,Consumption is 310.9% above the recent 24-hour baseline. High sub-metering activity indicates significant appliance/load usage.,Review active loads and consider shifting flexible electricity usage.,0.6208133333333332,4.966506666666666
2007-08-17 07:00:00,3.14446666666667,0.8061791666666664,3.0440310301868383,290.04563708439554,Moderate,Consumption is 290.0% above the recent 24-hour baseline. High sub-metering activity indicates significant appliance/load usage.,Review active loads and consider shifting flexible electricity usage.,0.701486250000001,5.611890000000008
2007-08-19 07:00:00,0.924466666666667,0.24197222222222223,3.396648847024679,282.05487314889234,Moderate,Consumption is 282.1% above the recent 24-hour baseline. The event occurred during a weekend. High sub-metering activity indicates significant appliance/load usage.,Review active loads and consider shifting flexible electricity usage.,0.20474833333333342,1.6379866666666674
2007-08-19 15:00:00,2.3622,0.26343750000000005,10.26994383307072,796.6832740213521,Critical,Consumption is 796.7% above the recent 24-hour baseline. The event occurred during a weekend. High sub-metering activity indicates significant appliance/load usage.,Investigate high-load sources immediately. Switch off or postpone non-essential equipment.,0.62962875,5.03703
2007-08-19 16:00:00,3.69613333333333,0.3548194444444445,7.0570598315310455,941.694132383449,High,Consumption is 941.7% above the recent 24-hour baseline. The event occurred during a weekend. High sub-metering activity indicates significant appliance/load usage.,Reduce non-essential loads and shift flexible equipment usage.,1.0023941666666656,8.019153333333325
2007-08-21 21:00:00,1.7089,0.41538055555555586,3.5020284038644474,311.40587279402394,Moderate,Consumption is 311.4% above the recent 24-hour baseline. High sub-metering activity indicates significant appliance/load usage.,Review active loads and consider shifting flexible electricity usage. Consider shifting flexible loads away from evening peak hours.,0.38805583333333327,3.104446666666666
2007-08-22 18:00:00,2.36773333333333,0.5289013888888888,3.6033421488614374,347.6700918308123,Moderate,Consumption is 347.7% above the recent 24-hour baseline. High sub-metering activity indicates significant appliance/load usage.,Review active loads and consider shifting flexible electricity usage. Consider shifting flexible loads away from evening peak hours.,0.5516495833333324,4.413196666666659
2007-08-22 19:00:00,3.23913333333333,0.6007569444444444,4.163960289691175,439.1753459177653,Moderate,Consumption is 439.2% above the recent 24-hour baseline. High sub-metering activity indicates significant appliance/load usage.,Review active loads and consider shifting flexible electricity usage. Consider shifting flexible loads away from evening peak hours.,0.7915129166666657,6.332103333333325
2007-08-24 14:00:00,2.5673,0.7703624999999997,3.665503594986599,233.25869314770657,Moderate,Consumption is 233.3% above the recent 24-hour baseline. High sub-metering activity indicates significant appliance/load usage.,Review active loads and consider shifting flexible electricity usage.,0.5390812500000001,4.3126500000000005
2007-08-24 19:00:00,2.8103,0.8745685263653485,3.201278210488368,221.33559752938154,Moderate,Consumption is 221.3% above the recent 24-hour baseline. High sub-metering activity indicates significant appliance/load usage.,Review active loads and consider shifting flexible electricity usage. Consider shifting flexible loads away from evening peak hours.,0.5807194420903953,4.645755536723162
2007-08-26 14:00:00,3.7632,0.8838097222222222,3.8319333362489614,325.79300785896913,Moderate,Consumption is 325.8% above the recent 24-hour baseline. The event occurred during a weekend. High sub-metering activity indicates significant appliance/load usage.,Review active loads and consider shifting flexible electricity usage.,0.8638170833333333,6.910536666666666
2007-08-27 21:00:00,2.79333333333333,0.6581680555555561,3.5081639064511148,324.4103477455302,Moderate,Consumption is 324.4% above the recent 24-hour baseline. High sub-metering activity indicates significant appliance/load usage.,Review active loads and consider shifting flexible electricity usage. Consider shifting flexible loads away from evening peak hours.,0.6405495833333321,5.124396666666657
2007-08-27 23:00:00,2.99443333333333,0.7272416666666667,3.2024616131177543,311.75216858219943,Moderate,Consumption is 311.8% above the recent 24-hour baseline. High sub-metering activity indicates significant appliance/load usage.,Review active loads and consider shifting flexible electricity usage.,0.6801574999999991,5.441259999999993
2007-08-30 19:00:00,2.8546,0.5565972222222224,4.606444856295651,412.8663755458514,Moderate,Consumption is 412.9% above the recent 24-hour baseline. High sub-metering activity indicates significant appliance/load usage.,Review active loads and consider shifting flexible electricity usage. Consider shifting flexible loads away from evening peak hours.,0.6894008333333332,5.515206666666666
2007-08-30 22:00:00,3.06203333333333,0.6929916666666669,3.2972194400105197,341.85716518957594,Moderate,Consumption is 341.9% above the recent 24-hour baseline. High sub-metering activity indicates significant appliance/load usage.,Review active loads and consider shifting flexible electricity usage. Consider shifting flexible loads away from evening peak hours.,0.7107124999999989,5.685699999999991
2007-09-04 12:00:00,2.51926666666667,0.6251152777777779,3.8398651421450896,303.00833401839265,Moderate,Consumption is 303.0% above the recent 24-hour baseline. High sub-metering activity indicates significant appliance/load usage.,Review active loads and consider shifting flexible electricity usage.,0.5682454166666676,4.545963333333341
2007-09-04 21:00:00,3.2361,1.0177541666666672,3.1091035323869742,217.96479994759687,Moderate,Consumption is 218.0% above the recent 24-hour baseline. High sub-metering activity indicates significant appliance/load usage.,Review active loads and consider shifting flexible electricity usage. Consider shifting flexible loads away from evening peak hours.,0.6655037499999998,5.324029999999999
2007-09-10 20:00:00,3.32486666666667,0.7174583333333339,3.585419188571262,363.42296300598184,Moderate,Consumption is 363.4% above the recent 24-hour baseline. High sub-metering activity indicates significant appliance/load usage.,Review active loads and consider shifting flexible electricity usage. Consider shifting flexible loads away from evening peak hours.,0.7822225000000008,6.257780000000007
2007-09-10 21:00:00,3.53953333333333,0.7672166666666671,3.233628016544523,361.3472943323261,Moderate,Consumption is 361.3% above the recent 24-hour baseline. High sub-metering activity indicates significant appliance/load usage.,Review active loads and consider shifting flexible electricity usage. Consider shifting flexible loads away from evening peak hours.,0.8316949999999989,6.653559999999991
2007-09-11 22:00:00,3.3426,0.5714763888888892,4.782431746408408,484.9060547363916,Moderate,Consumption is 484.9% above the recent 24-hour baseline. High sub-metering activity indicates significant appliance/load usage.,Review active loads and consider shifting flexible electricity usage. Consider shifting flexible loads away from evening peak hours.,0.8313370833333332,6.650696666666666
2007-09-12 21:00:00,3.3821,0.8739611111111111,3.045767966120558,286.9851824070484,Moderate,Consumption is 287.0% above the recent 24-hour baseline. High sub-metering activity indicates significant appliance/load usage.,Review active loads and consider shifting flexible electricity usage. Consider shifting flexible loads away from evening peak hours.,0.7524416666666667,6.019533333333333
2007-09-16 11:00:00,2.17336666666667,0.5475194444444447,3.6221776010298763,296.94785065979437,Moderate,Consumption is 296.9% above the recent 24-hour baseline. The event occurred during a weekend. High sub-metering activity indicates significant appliance/load usage.,Review active loads and consider shifting flexible electricity usage.,0.4877541666666676,3.902033333333341
2007-09-16 20:00:00,3.81396666666667,0.9008375000000005,4.349760957467964,323.3800953742121,Moderate,Consumption is 323.4% above the recent 24-hour baseline. The event occurred during a weekend. High sub-metering activity indicates significant appliance/load usage.,Review active loads and consider shifting flexible electricity usage. Consider shifting flexible loads away from evening peak hours.,0.8739387500000008,6.991510000000006
2007-09-17 21:00:00,5.73576666666667,0.8836611111111115,5.047708702951095,549.0912177242408,Moderate,Consumption is 549.1% above the recent 24-hour baseline. High sub-metering activity indicates significant appliance/load usage.,Review active loads and consider shifting flexible electricity usage. Consider shifting flexible loads away from evening peak hours.,1.4556316666666675,11.64505333333334
2007-09-21 19:00:00,3.53376666666667,0.7985902777777777,3.358703408310765,342.5005869718345,Moderate,Consumption is 342.5% above the recent 24-hour baseline. High sub-metering activity indicates significant appliance/load usage.,Review active loads and consider shifting flexible electricity usage. Consider shifting flexible loads away from evening peak hours.,0.8205529166666676,6.564423333333341
2007-09-23 20:00:00,3.28526666666667,0.8640875000000005,3.3947557538329827,280.20069340971463,Moderate,Consumption is 280.2% above the recent 24-hour baseline. The event occurred during a weekend. High sub-metering activity indicates significant appliance/load usage.,Review active loads and consider shifting flexible electricity usage. Consider shifting flexible loads away from evening peak hours.,0.7263537500000008,5.810830000000006
2007-09-26 21:00:00,4.82186666666667,1.2477222701149424,4.171695616576223,286.4535227236484,Moderate,Consumption is 286.5% above the recent 24-hour baseline. High sub-metering activity indicates significant appliance/load usage.,Review active loads and consider shifting flexible electricity usage. Consider shifting flexible loads away from evening peak hours.,1.0722433189655183,8.577946551724146
2007-09-29 12:00:00,3.00173333333333,0.8679166666666668,3.5290168577550145,245.85501680268797,Moderate,Consumption is 245.9% above the recent 24-hour baseline. The event occurred during a weekend. High sub-metering activity indicates significant appliance/load usage.,Review active loads and consider shifting flexible electricity usage.,0.640144999999999,5.121159999999992
2007-10-04 19:00:00,3.18706666666667,0.8946791666666667,3.3255703017945835,256.2245311401204,Moderate,Consumption is 256.2% above the recent 24-hour baseline. High sub-metering activity indicates significant appliance/load usage.,Review active loads and consider shifting flexible electricity usage. Consider shifting flexible loads away from evening peak hours.,0.687716250000001,5.501730000000008
2007-10-07 20:00:00,4.0393,1.3117583333333334,3.0301278051790392,207.93019547553854,Moderate,Consumption is 207.9% above the recent 24-hour baseline. The event occurred during a weekend. High sub-metering activity indicates significant appliance/load usage.,Review active loads and consider shifting flexible electricity usage. Consider shifting flexible loads away from evening peak hours.,0.8182624999999999,6.546099999999999
2007-10-09 21:00:00,3.96733333333333,1.1602513888888895,3.1870631900180566,241.93739144174887,Moderate,Consumption is 241.9% above the recent 24-hour baseline. High sub-metering activity indicates significant appliance/load usage.,Review active loads and consider shifting flexible electricity usage. Consider shifting flexible loads away from evening peak hours.,0.8421245833333321,6.7369966666666565
2007-10-11 20:00:00,4.31836666666667,0.9868013888888888,3.590693853799447,337.61254445831617,Moderate,Consumption is 337.6% above the recent 24-hour baseline. High sub-metering activity indicates significant appliance/load usage.,Review active loads and consider shifting flexible electricity usage. Consider shifting flexible loads away from evening peak hours.,0.9994695833333341,7.995756666666673
2007-10-13 19:00:00,4.73276666666667,0.9765180555555558,4.819529606796533,384.657363961809,Moderate,Consumption is 384.7% above the recent 24-hour baseline. The event occurred during a weekend. High sub-metering activity indicates significant appliance/load usage.,Review active loads and consider shifting flexible electricity usage. Consider shifting flexible loads away from evening peak hours.,1.1268745833333342,9.014996666666674
2007-10-13 20:00:00,5.0948,1.0675347222222225,3.8314608938314834,377.24911367702055,Moderate,Consumption is 377.2% above the recent 24-hour baseline. The event occurred during a weekend. High sub-metering activity indicates significant appliance/load usage.,Review active loads and consider shifting flexible electricity usage. Consider shifting flexible loads away from evening peak hours.,1.2081795833333333,9.665436666666666
2007-10-16 13:00:00,3.60346666666667,0.8645083333333337,3.6786335363747873,316.82266413472036,Moderate,Consumption is 316.8% above the recent 24-hour baseline. High sub-metering activity indicates significant appliance/load usage.,Review active loads and consider shifting flexible electricity usage.,0.8216875000000009,6.573500000000007
2007-10-18 21:00:00,3.40176666666667,0.9418291666666668,3.160280650423466,261.1872287525607,Moderate,Consumption is 261.2% above the recent 24-hour baseline. High sub-metering activity indicates significant appliance/load usage.,Review active loads and consider shifting flexible electricity usage. Consider shifting flexible loads away from evening peak hours.,0.7379812500000009,5.903850000000007
2007-10-19 11:00:00,4.32846666666667,1.2355402777777782,3.07467003102482,250.32987143501114,Moderate,Consumption is 250.3% above the recent 24-hour baseline. High sub-metering activity indicates significant appliance/load usage.,Review active loads and consider shifting flexible electricity usage.,0.9278779166666675,7.42302333333334
2007-10-23 16:00:00,2.88876666666667,0.9196861111111106,3.2393788065146967,214.10354378154435,Moderate,Consumption is 214.1% above the recent 24-hour baseline. High sub-metering activity indicates significant appliance/load usage.,Review active loads and consider shifting flexible electricity usage.,0.5907241666666677,4.725793333333342
2007-10-23 17:00:00,4.50836666666667,0.9841513888888885,4.859290843225896,358.0968657430476,Moderate,Consumption is 358.1% above the recent 24-hour baseline. High sub-metering activity indicates significant appliance/load usage.,Review active loads and consider shifting flexible electricity usage. Consider shifting flexible loads away from evening peak hours.,1.0572645833333345,8.458116666666676
2007-10-24 19:00:00,3.7766,1.120932279693487,3.2394860811911848,236.9159822065871,Moderate,Consumption is 236.9% above the recent 24-hour baseline. High sub-metering activity indicates significant appliance/load usage.,Review active loads and consider shifting flexible electricity usage. Consider shifting flexible loads away from evening peak hours.,0.796700316091954,6.373602528735632
2007-10-25 21:00:00,4.80096666666667,1.2354069444444449,3.3398628182148724,288.6141880824246,Moderate,Consumption is 288.6% above the recent 24-hour baseline. High sub-metering activity indicates significant appliance/load usage.,Review active loads and consider shifting flexible electricity usage. Consider shifting flexible loads away from evening peak hours.,1.0696679166666676,8.55734333333334
2007-10-27 08:00:00,2.86683333333333,0.8658138888888884,3.645243179027534,231.11426948952953,Moderate,Consumption is 231.1% above the recent 24-hour baseline. The event occurred during a weekend. High sub-metering activity indicates significant appliance/load usage.,Review active loads and consider shifting flexible electricity usage.,0.6003058333333324,4.802446666666659
2007-10-27 09:00:00,3.19163333333333,0.8904763888888884,3.692099155763257,258.4186367159899,Moderate,Consumption is 258.4% above the recent 24-hour baseline. The event occurred during a weekend. High sub-metering activity indicates significant appliance/load usage.,Review active loads and consider shifting flexible electricity usage.,0.6903470833333326,5.522776666666661
2007-10-27 10:00:00,4.33676666666667,0.959641666666666,4.3751010592014135,351.91521140703634,Moderate,Consumption is 351.9% above the recent 24-hour baseline. The event occurred during a weekend. High sub-metering activity indicates significant appliance/load usage.,Review active loads and consider shifting flexible electricity usage.,1.0131375000000014,8.10510000000001
2007-10-29 00:00:00,1.067,0.3556652777777778,3.7617324983926395,200.00117151347823,Moderate,Consumption is 200.0% above the recent 24-hour baseline. High sub-metering activity indicates significant appliance/load usage.,Review active loads and consider shifting flexible electricity usage.,0.21340041666666665,1.7072033333333332
2007-10-29 11:00:00,1.2306,0.349875,4.187350610098905,251.72561629153267,Moderate,Consumption is 251.7% above the recent 24-hour baseline. High sub-metering activity indicates significant appliance/load usage.,Review active loads and consider shifting flexible electricity usage.,0.2642175,2.11374
2007-10-29 22:00:00,1.1052,0.34783749999999997,3.0121221204175144,217.73457433427964,Moderate,Consumption is 217.7% above the recent 24-hour baseline. High sub-metering activity indicates significant appliance/load usage.,Review active loads and consider shifting flexible electricity usage. Consider shifting flexible loads away from evening peak hours.,0.22720874999999996,1.8176699999999997
2007-10-30 13:00:00,3.35703333333333,0.3737347222222221,11.556225165056937,798.2396158891662,Critical,Consumption is 798.2% above the recent 24-hour baseline. High sub-metering activity indicates significant appliance/load usage.,Investigate high-load sources immediately. Switch off or postpone non-essential equipment.,0.8949895833333323,7.159916666666659
2007-10-31 12:00:00,2.74963333333333,0.5947777777777777,3.1028571662046556,362.29590883616606,Moderate,Consumption is 362.3% above the recent 24-hour baseline. High sub-metering activity indicates significant appliance/load usage.,Review active loads and consider shifting flexible electricity usage.,0.6464566666666657,5.171653333333325
2007-10-31 13:00:00,3.67363333333333,0.6697305555555554,3.6621798034129407,448.524074773022,Moderate,Consumption is 448.5% above the recent 24-hour baseline. High sub-metering activity indicates significant appliance/load usage.,Review active loads and consider shifting flexible electricity usage.,0.9011708333333324,7.209366666666659
2007-11-02 05:00:00,1.19513333333333,0.34383611111111123,3.401550965911792,247.58807894587912,Moderate,Consumption is 247.6% above the recent 24-hour baseline. High sub-metering activity indicates significant appliance/load usage.,Review active loads and consider shifting flexible electricity usage.,0.2553891666666656,2.043113333333325
2007-11-02 11:00:00,2.2435,0.3437722222222221,7.070055899344174,552.6123563729217,High,Consumption is 552.6% above the recent 24-hour baseline. High sub-metering activity indicates significant appliance/load usage.,Reduce non-essential loads and shift flexible equipment usage.,0.5699183333333333,4.559346666666666
2007-11-02 12:00:00,2.65643333333333,0.4254583333333332,4.735104559623747,524.3697972774453,Moderate,Consumption is 524.4% above the recent 24-hour baseline. High sub-metering activity indicates significant appliance/load usage.,Review active loads and consider shifting flexible electricity usage.,0.6692924999999991,5.3543399999999925
2007-11-02 17:00:00,3.0781,0.7514569444444442,3.0099695941734215,309.61761319215094,Moderate,Consumption is 309.6% above the recent 24-hour baseline. High sub-metering activity indicates significant appliance/load usage.,Review active loads and consider shifting flexible electricity usage. Consider shifting flexible loads away from evening peak hours.,0.6979929166666667,5.583943333333334
2007-11-04 07:00:00,0.9623,0.3543930555555555,3.1574570451678987,171.53466607619447,Moderate,Consumption is 171.5% above the recent 24-hour baseline. The event occurred during a weekend. High sub-metering activity indicates significant appliance/load usage.,Review active loads and consider shifting flexible electricity usage.,0.18237208333333335,1.4589766666666668
2007-11-04 15:00:00,1.11096666666667,0.37204305555555556,3.362758070484285,198.6123917855992,Moderate,Consumption is 198.6% above the recent 24-hour baseline. The event occurred during a weekend. High sub-metering activity indicates significant appliance/load usage.,Review active loads and consider shifting flexible electricity usage.,0.2216770833333343,1.7734166666666744
2007-11-04 17:00:00,2.50396666666667,0.4291944444444445,7.562004345804426,483.41078247362697,High,Consumption is 483.4% above the recent 24-hour baseline. The event occurred during a weekend. High sub-metering activity indicates significant appliance/load usage.,Reduce non-essential loads and shift flexible equipment usage. Consider shifting flexible loads away from evening peak hours.,0.6224316666666676,4.979453333333341
2007-11-04 18:00:00,4.84356666666667,0.5218333333333336,8.600176893675686,828.182689236666,High,Consumption is 828.2% above the recent 24-hour baseline. The event occurred during a weekend. High sub-metering activity indicates significant appliance/load usage.,Reduce non-essential loads and shift flexible equipment usage. Consider shifting flexible loads away from evening peak hours.,1.296520000000001,10.372160000000008
2007-11-06 11:00:00,3.21403333333333,1.237070833333334,3.346769787808597,159.80996776659876,Moderate,Consumption is 159.8% above the recent 24-hour baseline. High sub-metering activity indicates significant appliance/load usage.,Review active loads and consider shifting flexible electricity usage.,0.5930887499999987,4.74470999999999
2007-11-07 19:00:00,4.48336666666667,1.0815069444444447,4.093298409812022,314.5481163756848,Moderate,Consumption is 314.5% above the recent 24-hour baseline. High sub-metering activity indicates significant appliance/load usage.,Review active loads and consider shifting flexible electricity usage. Consider shifting flexible loads away from evening peak hours.,1.0205579166666674,8.16446333333334
2007-11-12 20:00:00,4.75983333333333,1.3492916666666674,3.6693636064567547,252.76533983880384,Moderate,Consumption is 252.8% above the recent 24-hour baseline. High sub-metering activity indicates significant appliance/load usage.,Review active loads and consider shifting flexible electricity usage. Consider shifting flexible loads away from evening peak hours.,1.0231624999999986,8.18529999999999
2007-11-17 18:00:00,4.91236666666667,1.3923319444444446,3.7675039437151896,252.81576970689676,Moderate,Consumption is 252.8% above the recent 24-hour baseline. The event occurred during a weekend. High sub-metering activity indicates significant appliance/load usage.,Review active loads and consider shifting flexible electricity usage. Consider shifting flexible loads away from evening peak hours.,1.0560104166666675,8.44808333333334
2007-11-22 19:00:00,4.58306666666667,1.225009628060263,3.7751536529077265,274.1249506686499,Moderate,Consumption is 274.1% above the recent 24-hour baseline. High sub-metering activity indicates significant appliance/load usage.,Review active loads and consider shifting flexible electricity usage. Consider shifting flexible loads away from evening peak hours.,1.0074171115819222,8.059336892655377
2007-11-25 19:00:00,3.1197,0.7562652777777776,3.978753169992782,312.5139804338205,Moderate,Consumption is 312.5% above the recent 24-hour baseline. The event occurred during a weekend. High sub-metering activity indicates significant appliance/load usage.,Review active loads and consider shifting flexible electricity usage. Consider shifting flexible loads away from evening peak hours.,0.7090304166666667,5.672243333333333
2007-11-25 20:00:00,3.75123333333333,0.8552263888888887,3.7847749840499634,338.6246006986451,Moderate,Consumption is 338.6% above the recent 24-hour baseline. The event occurred during a weekend. High sub-metering activity indicates significant appliance/load usage.,Review active loads and consider shifting flexible electricity usage. Consider shifting flexible loads away from evening peak hours.,0.8688020833333323,6.9504166666666585
2007-11-30 13:00:00,4.56323333333333,1.2882680555555555,3.8434440075646554,254.21458396447406,Moderate,Consumption is 254.2% above the recent 24-hour baseline. High sub-metering activity indicates significant appliance/load usage.,Review active loads and consider shifting flexible electricity usage.,0.9824895833333325,7.85991666666666
2007-12-04 12:00:00,4.05403333333333,1.1039069444444438,3.300371578947918,267.24411905693535,Moderate,Consumption is 267.2% above the recent 24-hour baseline. High sub-metering activity indicates significant appliance/load usage.,Review active loads and consider shifting flexible electricity usage.,0.8850379166666659,7.080303333333327
2007-12-04 21:00:00,5.06606666666667,1.3426527777777768,3.6949116971673286,277.31770644764254,Moderate,Consumption is 277.3% above the recent 24-hour baseline. High sub-metering activity indicates significant appliance/load usage.,Review active loads and consider shifting flexible electricity usage. Consider shifting flexible loads away from evening peak hours.,1.1170241666666678,8.936193333333343
2007-12-06 20:00:00,4.73903333333333,1.478798611111112,3.5444871225500627,220.46509225300147,Moderate,Consumption is 220.5% above the recent 24-hour baseline. High sub-metering activity indicates significant appliance/load usage.,Review active loads and consider shifting flexible electricity usage. Consider shifting flexible loads away from evening peak hours.,0.9780704166666653,7.824563333333322
2007-12-08 18:00:00,3.89536666666667,1.0686902777777776,3.939200126434735,264.49912080857064,Moderate,Consumption is 264.5% above the recent 24-hour baseline. The event occurred during a weekend. High sub-metering activity indicates significant appliance/load usage.,Review active loads and consider shifting flexible electricity usage. Consider shifting flexible loads away from evening peak hours.,0.8480029166666677,6.784023333333342
2007-12-08 20:00:00,5.21293333333333,1.261944444444444,3.866955977072606,313.087387189082,Moderate,Consumption is 313.1% above the recent 24-hour baseline. The event occurred during a weekend. High sub-metering activity indicates significant appliance/load usage.,Review active loads and consider shifting flexible electricity usage. Consider shifting flexible loads away from evening peak hours.,1.1852966666666658,9.482373333333326
2007-12-13 20:00:00,4.14263333333333,1.1443416666666664,3.8901159331344637,262.01018052592076,Moderate,Consumption is 262.0% above the recent 24-hour baseline. High sub-metering activity indicates significant appliance/load usage.,Review active loads and consider shifting flexible electricity usage. Consider shifting flexible loads away from evening peak hours.,0.899487499999999,7.195899999999992
2007-12-14 12:00:00,4.4303,1.2855624999999993,3.1835776527019757,244.6195731440519,Moderate,Consumption is 244.6% above the recent 24-hour baseline. High sub-metering activity indicates significant appliance/load usage.,Review active loads and consider shifting flexible electricity usage.,0.9434212500000001,7.547370000000001
2007-12-15 17:00:00,4.33306666666667,1.3539513888888892,3.2396278824956615,220.03118444470675,Moderate,Consumption is 220.0% above the recent 24-hour baseline. The event occurred during a weekend. High sub-metering activity indicates significant appliance/load usage.,Review active loads and consider shifting flexible electricity usage. Consider shifting flexible loads away from evening peak hours.,0.8937345833333341,7.149876666666673
2007-12-22 14:00:00,4.2451,1.3508388888888894,3.4137121725363317,214.25657307598973,Moderate,Consumption is 214.3% above the recent 24-hour baseline. The event occurred during a weekend. High sub-metering activity indicates significant appliance/load usage.,Review active loads and consider shifting flexible electricity usage.,0.8682783333333332,6.946226666666665
2007-12-22 20:00:00,4.9255,1.451366666666667,3.416461056875508,239.3697893939046,Moderate,Consumption is 239.4% above the recent 24-hour baseline. The event occurred during a weekend. High sub-metering activity indicates significant appliance/load usage.,Review active loads and consider shifting flexible electricity usage. Consider shifting flexible loads away from evening peak hours.,1.04224,8.33792
2007-12-23 19:00:00,6.488,1.748633333333334,3.7735715227884805,271.03261594769236,Moderate,Consumption is 271.0% above the recent 24-hour baseline. The event occurred during a weekend. High sub-metering activity indicates significant appliance/load usage.,Review active loads and consider shifting flexible electricity usage. Consider shifting flexible loads away from evening peak hours.,1.4218099999999998,11.374479999999998
2007-12-27 19:00:00,5.1752,1.210602777777777,4.502191383544361,327.48951968372074,Moderate,Consumption is 327.5% above the recent 24-hour baseline. High sub-metering activity indicates significant appliance/load usage.,Review active loads and consider shifting flexible electricity usage. Consider shifting flexible loads away from evening peak hours.,1.1893791666666669,9.515033333333335
2007-12-29 19:00:00,5.2267,2.3734791666666673,3.2884709480388925,120.21259227399996,Moderate,Consumption is 120.2% above the recent 24-hour baseline. The event occurred during a weekend. High sub-metering activity indicates significant appliance/load usage.,Review active loads and consider shifting flexible electricity usage. Consider shifting flexible loads away from evening peak hours.,0.8559662499999998,6.8477299999999985
2008-01-08 13:00:00,4.36503333333333,1.099715277777778,3.1853400203979976,296.9239512752665,Moderate,Consumption is 296.9% above the recent 24-hour baseline. High sub-metering activity indicates significant appliance/load usage.,Review active loads and consider shifting flexible electricity usage.,0.9795954166666655,7.836763333333324
2008-01-11 22:00:00,3.05746666666667,1.0319291666666668,3.3379430910623453,196.28648607179946,Moderate,Consumption is 196.3% above the recent 24-hour baseline. High sub-metering activity indicates significant appliance/load usage.,Review active loads and consider shifting flexible electricity usage. Consider shifting flexible loads away from evening peak hours.,0.6076612500000009,4.861290000000007
2008-01-12 18:00:00,5.1968,1.4480166666666674,4.437715354632424,258.89089674382177,Moderate,Consumption is 258.9% above the recent 24-hour baseline. The event occurred during a weekend. High sub-metering activity indicates significant appliance/load usage.,Review active loads and consider shifting flexible electricity usage. Consider shifting flexible loads away from evening peak hours.,1.1246349999999996,8.997079999999997
2008-01-14 20:00:00,5.13686666666667,1.1706361111111108,4.466750696686941,338.8098588374321,Moderate,Consumption is 338.8% above the recent 24-hour baseline. High sub-metering activity indicates significant appliance/load usage.,Review active loads and consider shifting flexible electricity usage. Consider shifting flexible loads away from evening peak hours.,1.1898691666666676,9.518953333333341
2008-01-14 21:00:00,4.7452,1.2631,3.0184891616628233,275.67888528224216,Moderate,Consumption is 275.7% above the recent 24-hour baseline. High sub-metering activity indicates significant appliance/load usage.,Review active loads and consider shifting flexible electricity usage. Consider shifting flexible loads away from evening peak hours.,1.04463,8.35704
2008-01-24 20:00:00,3.5317,0.9977902777777778,3.0335282296364454,253.95213590030187,Moderate,Consumption is 254.0% above the recent 24-hour baseline. High sub-metering activity indicates significant appliance/load usage.,Review active loads and consider shifting flexible electricity usage. Consider shifting flexible loads away from evening peak hours.,0.7601729166666665,6.081383333333332
2008-01-26 18:00:00,3.7629,1.4534555555555562,3.2859365466268597,158.89336523686836,Moderate,Consumption is 158.9% above the recent 24-hour baseline. The event occurred during a weekend. High sub-metering activity indicates significant appliance/load usage.,Review active loads and consider shifting flexible electricity usage. Consider shifting flexible loads away from evening peak hours.,0.6928333333333332,5.5426666666666655
2008-01-26 19:00:00,6.0138,1.5492319444444451,5.275184257357177,288.17944734263466,Moderate,Consumption is 288.2% above the recent 24-hour baseline. The event occurred during a weekend. High sub-metering activity indicates significant appliance/load usage.,Review active loads and consider shifting flexible electricity usage. Consider shifting flexible loads away from evening peak hours.,1.3393704166666665,10.714963333333332
2008-01-29 12:00:00,3.9499,1.5215416666666666,3.6061486901571382,159.59854314428898,Moderate,Consumption is 159.6% above the recent 24-hour baseline. High sub-metering activity indicates significant appliance/load usage.,Review active loads and consider shifting flexible electricity usage.,0.7285075000000001,5.828060000000001
2008-01-29 13:00:00,4.46046666666667,1.6065333333333331,3.4215166438158744,177.64544775500065,Moderate,Consumption is 177.6% above the recent 24-hour baseline. High sub-metering activity indicates significant appliance/load usage.,Review active loads and consider shifting flexible electricity usage.,0.8561800000000009,6.8494400000000075
2008-01-31 20:00:00,3.80693333333333,0.916930555555556,4.578494892410769,315.1822960056948,Moderate,Consumption is 315.2% above the recent 24-hour baseline. High sub-metering activity indicates significant appliance/load usage.,Review active loads and consider shifting flexible electricity usage. Consider shifting flexible loads away from evening peak hours.,0.8670008333333322,6.936006666666658
2008-01-31 21:00:00,3.93023333333333,1.056502777777778,3.358739123873396,272.004070031892,Moderate,Consumption is 272.0% above the recent 24-hour baseline. High sub-metering activity indicates significant appliance/load usage.,Review active loads and consider shifting flexible electricity usage. Consider shifting flexible loads away from evening peak hours.,0.8621191666666655,6.896953333333324
2008-02-02 08:00:00,2.51703333333333,0.842379166666667,3.234331101349421,198.80052035158303,Moderate,Consumption is 198.8% above the recent 24-hour baseline. The event occurred during a weekend. High sub-metering activity indicates significant appliance/load usage.,Review active loads and consider shifting flexible electricity usage.,0.5023962499999989,4.019169999999991
2008-02-02 16:00:00,3.26538983050847,1.1137305555555554,3.0763874455007736,193.19388017325386,Moderate,Consumption is 193.2% above the recent 24-hour baseline. The event occurred during a weekend. High sub-metering activity indicates significant appliance/load usage.,Review active loads and consider shifting flexible electricity usage.,0.6454977824858742,5.1639822598869936
2008-02-02 19:00:00,6.49603333333333,1.3332287429378529,5.822349649280855,387.2407205247402,Moderate,Consumption is 387.2% above the recent 24-hour baseline. The event occurred during a weekend. High sub-metering activity indicates significant appliance/load usage.,Review active loads and consider shifting flexible electricity usage. Consider shifting flexible loads away from evening peak hours.,1.5488413771186433,12.390731016949147
2008-02-09 20:00:00,3.92086666666667,1.3118652777777773,3.131163043235059,198.87723481090893,Moderate,Consumption is 198.9% above the recent 24-hour baseline. The event occurred during a weekend. High sub-metering activity indicates significant appliance/load usage.,Review active loads and consider shifting flexible electricity usage. Consider shifting flexible loads away from evening peak hours.,0.7827004166666678,6.261603333333342
2008-02-13 19:00:00,3.0848,1.0744500000000001,3.0160366743574714,187.10503048071104,Moderate,Consumption is 187.1% above the recent 24-hour baseline.,Review active loads and consider shifting flexible electricity usage. Consider shifting flexible loads away from evening peak hours.,0.6031049999999999,4.824839999999999
2008-02-15 21:00:00,3.86523333333333,1.2513513888888887,3.350411104168871,208.8847279552215,Moderate,Consumption is 208.9% above the recent 24-hour baseline. High sub-metering activity indicates significant appliance/load usage.,Review active loads and consider shifting flexible electricity usage. Consider shifting flexible loads away from evening peak hours.,0.7841645833333324,6.273316666666659
2008-02-20 19:00:00,4.7124,1.2468402777777776,3.6370915937794233,277.9473669553594,Moderate,Consumption is 277.9% above the recent 24-hour baseline. High sub-metering activity indicates significant appliance/load usage.,Review active loads and consider shifting flexible electricity usage. Consider shifting flexible loads away from evening peak hours.,1.0396679166666667,8.317343333333334
2008-02-23 19:00:00,3.94886666666667,1.0655053160919536,3.1796250816315976,270.60975736378975,Moderate,Consumption is 270.6% above the recent 24-hour baseline. The event occurred during a weekend. High sub-metering activity indicates significant appliance/load usage.,Review active loads and consider shifting flexible electricity usage. Consider shifting flexible loads away from evening peak hours.,0.865008405172415,6.92006724137932
2008-02-25 16:00:00,1.09046666666667,0.3464319444444444,3.7788803660074843,214.7708183826399,Moderate,Consumption is 214.8% above the recent 24-hour baseline. High sub-metering activity indicates significant appliance/load usage.,Review active loads and consider shifting flexible electricity usage.,0.2232104166666677,1.7856833333333415
2008-02-27 22:00:00,1.23496666666667,0.3509569444444443,4.535911060868213,251.8855193538313,Moderate,Consumption is 251.9% above the recent 24-hour baseline. High sub-metering activity indicates significant appliance/load usage.,Review active loads and consider shifting flexible electricity usage. Consider shifting flexible loads away from evening peak hours.,0.26520291666666773,2.121623333333342
2008-02-29 06:00:00,0.950466666666667,0.35407361111111113,3.0766214940224375,168.43758948429596,Moderate,Consumption is 168.4% above the recent 24-hour baseline. High sub-metering activity indicates significant appliance/load usage.,Review active loads and consider shifting flexible electricity usage.,0.17891791666666676,1.431343333333334
2008-02-29 10:00:00,2.12136666666667,0.37610138888888883,7.910043136832197,464.0411679770166,High,Consumption is 464.0% above the recent 24-hour baseline. High sub-metering activity indicates significant appliance/load usage.,Reduce non-essential loads and shift flexible equipment usage.,0.5235795833333343,4.188636666666675
2008-02-29 11:00:00,2.8479,0.45417361111111115,5.737919053655503,527.0509625235088,Moderate,Consumption is 527.1% above the recent 24-hour baseline. High sub-metering activity indicates significant appliance/load usage.,Review active loads and consider shifting flexible electricity usage.,0.7181179166666667,5.7449433333333335
2008-02-29 12:00:00,2.71083333333333,0.5623555555555556,3.358775898813029,382.0497115308616,Moderate,Consumption is 382.0% above the recent 24-hour baseline. High sub-metering activity indicates significant appliance/load usage.,Review active loads and consider shifting flexible electricity usage.,0.6445433333333322,5.156346666666658
2008-03-01 20:00:00,2.3046,0.6706430555555555,6.474505173063531,243.64032862323276,High,Consumption is 243.6% above the recent 24-hour baseline. The event occurred during a weekend. High sub-metering activity indicates significant appliance/load usage.,Reduce non-essential loads and shift flexible equipment usage. Consider shifting flexible loads away from evening peak hours.,0.49018708333333344,3.9214966666666675
2008-03-02 11:00:00,2.9585,0.6924513888888889,4.5251904853976495,327.25020809723907,Moderate,Consumption is 327.3% above the recent 24-hour baseline. The event occurred during a weekend. High sub-metering activity indicates significant appliance/load usage.,Review active loads and consider shifting flexible electricity usage.,0.6798145833333333,5.438516666666667
2008-03-03 17:00:00,1.65656666666667,0.6893333333333332,3.278546169496309,140.31431334622877,Moderate,Consumption is 140.3% above the recent 24-hour baseline. High sub-metering activity indicates significant appliance/load usage.,Review active loads and consider shifting flexible electricity usage. Consider shifting flexible loads away from evening peak hours.,0.29017000000000104,2.3213600000000083
2008-03-04 16:00:00,3.4114,0.8610652777777782,6.108988764486694,296.1836678403848,High,Consumption is 296.2% above the recent 24-hour baseline. High sub-metering activity indicates significant appliance/load usage.,Reduce non-essential loads and shift flexible equipment usage.,0.7651004166666665,6.120803333333332
2008-03-04 17:00:00,3.4702,0.9716527777777784,3.750348987793726,257.1440415100271,Moderate,Consumption is 257.1% above the recent 24-hour baseline. High sub-metering activity indicates significant appliance/load usage.,Review active loads and consider shifting flexible electricity usage. Consider shifting flexible loads away from evening peak hours.,0.7495641666666665,5.996513333333332
2008-03-05 18:00:00,3.40166666666667,0.9046694444444442,3.1000724665267603,276.0121100094883,Moderate,Consumption is 276.0% above the recent 24-hour baseline. High sub-metering activity indicates significant appliance/load usage.,Review active loads and consider shifting flexible electricity usage. Consider shifting flexible loads away from evening peak hours.,0.7490991666666678,5.992793333333342
2008-03-05 21:00:00,4.64876666666667,1.0626583333333335,3.524929898059694,337.46578941177415,Moderate,Consumption is 337.5% above the recent 24-hour baseline. High sub-metering activity indicates significant appliance/load usage.,Review active loads and consider shifting flexible electricity usage. Consider shifting flexible loads away from evening peak hours.,1.0758325000000009,8.606660000000007
2008-03-07 11:00:00,4.50973333333333,1.2230958333333335,4.4327858608991315,268.714634653185,Moderate,Consumption is 268.7% above the recent 24-hour baseline. High sub-metering activity indicates significant appliance/load usage.,Review active loads and consider shifting flexible electricity usage.,0.9859912499999988,7.88792999999999
2008-03-08 19:00:00,4.41963333333333,1.3640527777777784,3.0748487625028473,224.00750215350865,Moderate,Consumption is 224.0% above the recent 24-hour baseline. The event occurred during a weekend. High sub-metering activity indicates significant appliance/load usage.,Review active loads and consider shifting flexible electricity usage. Consider shifting flexible loads away from evening peak hours.,0.9166741666666655,7.333393333333324
2008-03-11 12:00:00,3.68763333333333,0.9937805555555556,3.6250136648069433,271.0711899843747,Moderate,Consumption is 271.1% above the recent 24-hour baseline. High sub-metering activity indicates significant appliance/load usage.,Review active loads and consider shifting flexible electricity usage.,0.8081558333333324,6.465246666666659
2008-03-13 20:00:00,4.6837,1.0697555555555558,3.9862699798117256,337.82899520139586,Moderate,Consumption is 337.8% above the recent 24-hour baseline. High sub-metering activity indicates significant appliance/load usage.,Review active loads and consider shifting flexible electricity usage. Consider shifting flexible loads away from evening peak hours.,1.084183333333333,8.673466666666664
2008-03-13 21:00:00,5.01416666666667,1.1474583333333337,3.4578531820545026,336.9802825084427,Moderate,Consumption is 337.0% above the recent 24-hour baseline. High sub-metering activity indicates significant appliance/load usage.,Review active loads and consider shifting flexible electricity usage. Consider shifting flexible loads away from evening peak hours.,1.1600125000000008,9.280100000000006
2008-03-16 18:00:00,3.04603333333333,0.9442263888888885,3.6082413702777734,222.59565811518223,Moderate,Consumption is 222.6% above the recent 24-hour baseline. The event occurred during a weekend. High sub-metering activity indicates significant appliance/load usage.,Review active loads and consider shifting flexible electricity usage. Consider shifting flexible loads away from evening peak hours.,0.6305420833333323,5.044336666666658
2008-03-18 16:00:00,3.7211,1.0494291666666669,3.988229940951425,254.58324565339083,Moderate,Consumption is 254.6% above the recent 24-hour baseline. High sub-metering activity indicates significant appliance/load usage.,Review active loads and consider shifting flexible electricity usage.,0.8015012499999998,6.412009999999999
2008-03-21 16:00:00,3.63283333333333,1.0969958333333336,3.2440712815874635,231.16199924794572,Moderate,Consumption is 231.2% above the recent 24-hour baseline. High sub-metering activity indicates significant appliance/load usage.,Review active loads and consider shifting flexible electricity usage.,0.7607512499999989,6.086009999999991
2008-03-28 11:00:00,3.4577,1.0408333333333328,3.325110332864447,232.20496397117714,Moderate,Consumption is 232.2% above the recent 24-hour baseline. High sub-metering activity indicates significant appliance/load usage.,Review active loads and consider shifting flexible electricity usage.,0.7250600000000001,5.800480000000001
2008-03-28 19:00:00,3.82596666666667,1.1661263888888882,3.0158356959919983,228.09193781405966,Moderate,Consumption is 228.1% above the recent 24-hour baseline. High sub-metering activity indicates significant appliance/load usage.,Review active loads and consider shifting flexible electricity usage. Consider shifting flexible loads away from evening peak hours.,0.7979520833333346,6.3836166666666765
2008-04-01 14:00:00,3.89376666666667,1.1570319444444448,3.036003211804666,236.53061053005615,Moderate,Consumption is 236.5% above the recent 24-hour baseline. High sub-metering activity indicates significant appliance/load usage.,Review active loads and consider shifting flexible electricity usage.,0.8210204166666676,6.568163333333341
2008-04-02 21:00:00,3.40636666666667,1.055947222222222,3.0896945860265737,222.58872365780107,Moderate,Consumption is 222.6% above the recent 24-hour baseline. High sub-metering activity indicates significant appliance/load usage.,Review active loads and consider shifting flexible electricity usage. Consider shifting flexible loads away from evening peak hours.,0.7051258333333343,5.641006666666675
2008-04-05 20:00:00,3.84123333333333,1.3399569444444446,3.2098734061955967,186.66841492626705,Moderate,Consumption is 186.7% above the recent 24-hour baseline. The event occurred during a weekend. High sub-metering activity indicates significant appliance/load usage.,Review active loads and consider shifting flexible electricity usage. Consider shifting flexible loads away from evening peak hours.,0.7503829166666656,6.0030633333333245
2008-04-12 14:00:00,3.50823333333333,1.1933013888888886,3.4534619232713055,193.9939034680861,Moderate,Consumption is 194.0% above the recent 24-hour baseline. The event occurred during a weekend. High sub-metering activity indicates significant appliance/load usage.,Review active loads and consider shifting flexible electricity usage.,0.6944795833333324,5.555836666666659
2008-04-12 18:00:00,5.65643333333333,1.502972222222222,4.365448531072835,276.3498253460734,Moderate,Consumption is 276.3% above the recent 24-hour baseline. The event occurred during a weekend. High sub-metering activity indicates significant appliance/load usage.,Review active loads and consider shifting flexible electricity usage. Consider shifting flexible loads away from evening peak hours.,1.2460383333333322,9.968306666666658
2008-04-15 12:00:00,4.46356666666667,1.0759069444444445,4.3372096121389845,314.8654946150086,Moderate,Consumption is 314.9% above the recent 24-hour baseline. High sub-metering activity indicates significant appliance/load usage.,Review active loads and consider shifting flexible electricity usage.,1.0162979166666675,8.13038333333334
2008-04-17 20:00:00,3.03693333333333,0.8394111111111112,3.7039601754572673,261.79332071425694,Moderate,Consumption is 261.8% above the recent 24-hour baseline. High sub-metering activity indicates significant appliance/load usage.,Review active loads and consider shifting flexible electricity usage. Consider shifting flexible loads away from evening peak hours.,0.6592566666666657,5.274053333333326
2008-04-17 21:00:00,3.8928,0.8759583333333333,4.333008748327929,344.4046996147077,Moderate,Consumption is 344.4% above the recent 24-hour baseline. High sub-metering activity indicates significant appliance/load usage.,Review active loads and consider shifting flexible electricity usage. Consider shifting flexible loads away from evening peak hours.,0.9050524999999999,7.240419999999999
2008-04-19 15:00:00,3.53363333333333,1.05305,3.441223302679326,235.56178085877497,Moderate,Consumption is 235.6% above the recent 24-hour baseline. The event occurred during a weekend. High sub-metering activity indicates significant appliance/load usage.,Review active loads and consider shifting flexible electricity usage.,0.744174999999999,5.953399999999992
2008-04-20 21:00:00,5.6713,1.1959819444444446,5.332088800731719,374.19612196858213,Moderate,Consumption is 374.2% above the recent 24-hour baseline. The event occurred during a weekend. High sub-metering activity indicates significant appliance/load usage.,Review active loads and consider shifting flexible electricity usage. Consider shifting flexible loads away from evening peak hours.,1.3425954166666663,10.74076333333333
2008-04-22 13:00:00,2.67953333333333,0.7549486111111104,3.1045232019688953,254.92923543361107,Moderate,Consumption is 254.9% above the recent 24-hour baseline. High sub-metering activity indicates significant appliance/load usage.,Review active loads and consider shifting flexible electricity usage.,0.5773754166666659,4.619003333333327
2008-04-22 15:00:00,3.49406666666667,0.9586722222222216,3.016573336459027,264.4693760467319,Moderate,Consumption is 264.5% above the recent 24-hour baseline. High sub-metering activity indicates significant appliance/load usage.,Review active loads and consider shifting flexible electricity usage.,0.7606183333333345,6.084946666666676
2008-04-23 20:00:00,2.07743333333333,0.713713888888889,3.028298097270907,191.07368732412954,Moderate,Consumption is 191.1% above the recent 24-hour baseline. High sub-metering activity indicates significant appliance/load usage.,Review active loads and consider shifting flexible electricity usage. Consider shifting flexible loads away from evening peak hours.,0.4091158333333323,3.2729266666666583
2008-04-23 21:00:00,2.693,0.7625944444444445,3.650873631730751,253.13658781790232,Moderate,Consumption is 253.1% above the recent 24-hour baseline. High sub-metering activity indicates significant appliance/load usage.,Review active loads and consider shifting flexible electricity usage. Consider shifting flexible loads away from evening peak hours.,0.5791216666666666,4.632973333333333
2008-04-25 13:00:00,3.09776666666667,0.7442569444444449,5.140795755589188,316.2227426683961,Moderate,Consumption is 316.2% above the recent 24-hour baseline. High sub-metering activity indicates significant appliance/load usage.,Review active loads and consider shifting flexible electricity usage.,0.7060529166666675,5.64842333333334
2008-04-26 21:00:00,1.8937,0.5441291666666666,6.6074730690055015,248.0239832760298,High,Consumption is 248.0% above the recent 24-hour baseline. The event occurred during a weekend. High sub-metering activity indicates significant appliance/load usage.,Reduce non-essential loads and shift flexible equipment usage. Consider shifting flexible loads away from evening peak hours.,0.40487125,3.23897
2008-04-29 10:00:00,2.2723,0.45291805555555537,9.052083611134499,401.70223335715025,High,Consumption is 401.7% above the recent 24-hour baseline. High sub-metering activity indicates significant appliance/load usage.,Reduce non-essential loads and shift flexible equipment usage.,0.5458145833333333,4.366516666666667
2008-04-29 11:00:00,2.57716666666667,0.524498611111111,4.858161852178708,391.3581489200011,Moderate,Consumption is 391.4% above the recent 24-hour baseline. High sub-metering activity indicates significant appliance/load usage.,Review active loads and consider shifting flexible electricity usage.,0.6158004166666676,4.926403333333341
2008-04-29 12:00:00,4.58916666666667,0.6032375,6.6984029298612535,660.7561974623047,High,Consumption is 660.8% above the recent 24-hour baseline. High sub-metering activity indicates significant appliance/load usage.,Reduce non-essential loads and shift flexible equipment usage.,1.195778750000001,9.566230000000008
2008-04-29 13:00:00,3.8032,0.7753375,3.00830389025318,390.52186950843986,Moderate,Consumption is 390.5% above the recent 24-hour baseline. High sub-metering activity indicates significant appliance/load usage.,Review active loads and consider shifting flexible electricity usage.,0.9083587499999999,7.266869999999999
2008-05-01 14:00:00,1.08333333333333,0.39150694444444456,4.063106003345461,176.7085868350559,Moderate,Consumption is 176.7% above the recent 24-hour baseline. High sub-metering activity indicates significant appliance/load usage.,Review active loads and consider shifting flexible electricity usage.,0.2075479166666656,1.6603833333333249
2008-05-02 09:00:00,1.52886666666667,0.40804861111111085,5.654722623523829,274.6775813066945,Moderate,Consumption is 274.7% above the recent 24-hour baseline. High sub-metering activity indicates significant appliance/load usage.,Review active loads and consider shifting flexible electricity usage.,0.33624541666666774,2.689963333333342
2008-05-02 10:00:00,2.78996666666667,0.4569555555555554,7.721649825715962,510.5553664348596,High,Consumption is 510.6% above the recent 24-hour baseline. High sub-metering activity indicates significant appliance/load usage.,Reduce non-essential loads and shift flexible equipment usage.,0.6999033333333343,5.599226666666675
2008-05-04 18:00:00,3.37043333333333,0.7220486111111112,5.524210383077896,366.787593171435,Moderate,Consumption is 366.8% above the recent 24-hour baseline. The event occurred during a weekend. High sub-metering activity indicates significant appliance/load usage.,Review active loads and consider shifting flexible electricity usage. Consider shifting flexible loads away from evening peak hours.,0.7945154166666657,6.356123333333326
2008-05-04 19:00:00,3.19326666666667,0.8471972222222223,3.2756500204853083,276.9212862018883,Moderate,Consumption is 276.9% above the recent 24-hour baseline. The event occurred during a weekend. High sub-metering activity indicates significant appliance/load usage.,Review active loads and consider shifting flexible electricity usage. Consider shifting flexible loads away from evening peak hours.,0.7038208333333342,5.630566666666674
2008-05-06 15:00:00,3.81056666666667,0.8439027777777778,5.2376866747018775,351.5409555471441,Moderate,Consumption is 351.5% above the recent 24-hour baseline. High sub-metering activity indicates significant appliance/load usage.,Review active loads and consider shifting flexible electricity usage.,0.8899991666666677,7.119993333333341
2008-05-08 12:00:00,2.35783333333333,0.9612180555555555,3.33387381257191,145.29640487980353,Moderate,Consumption is 145.3% above the recent 24-hour baseline. High sub-metering activity indicates significant appliance/load usage.,Review active loads and consider shifting flexible electricity usage.,0.4189845833333324,3.351876666666659
2008-05-08 19:00:00,2.912,1.2389749999999995,3.323754517657035,135.03299098044764,Moderate,Consumption is 135.0% above the recent 24-hour baseline. High sub-metering activity indicates significant appliance/load usage.,Review active loads and consider shifting flexible electricity usage. Consider shifting flexible loads away from evening peak hours.,0.5019075000000001,4.0152600000000005
2008-05-10 16:00:00,3.93033333333333,1.0586277777777786,4.656399437714183,271.2667866682754,Moderate,Consumption is 271.3% above the recent 24-hour baseline. The event occurred during a weekend. High sub-metering activity indicates significant appliance/load usage.,Review active loads and consider shifting flexible electricity usage.,0.8615116666666653,6.892093333333323
2008-05-13 15:00:00,3.32756666666667,0.8883611111111112,3.7946200340708343,274.5736531065324,Moderate,Consumption is 274.6% above the recent 24-hour baseline. High sub-metering activity indicates significant appliance/load usage.,Review active loads and consider shifting flexible electricity usage.,0.7317616666666676,5.854093333333341
2008-05-15 21:00:00,2.6833,0.7654874999999998,3.6326658412736124,250.5347899214554,Moderate,Consumption is 250.5% above the recent 24-hour baseline. High sub-metering activity indicates significant appliance/load usage.,Review active loads and consider shifting flexible electricity usage. Consider shifting flexible loads away from evening peak hours.,0.57534375,4.60275
2008-05-16 14:00:00,3.36906666666667,0.8627833333333337,3.81508898615361,290.4881488206775,Moderate,Consumption is 290.5% above the recent 24-hour baseline. High sub-metering activity indicates significant appliance/load usage.,Review active loads and consider shifting flexible electricity usage.,0.7518850000000009,6.015080000000007
2008-05-18 20:00:00,4.2307,1.1728750000000001,3.403428421925187,260.71192582329735,Moderate,Consumption is 260.7% above the recent 24-hour baseline. The event occurred during a weekend. High sub-metering activity indicates significant appliance/load usage.,Review active loads and consider shifting flexible electricity usage. Consider shifting flexible loads away from evening peak hours.,0.9173474999999998,7.338779999999998
2008-05-20 12:00:00,3.87646666666667,0.7521722222222221,4.704337663290734,415.3695592764665,Moderate,Consumption is 415.4% above the recent 24-hour baseline. High sub-metering activity indicates significant appliance/load usage.,Review active loads and consider shifting flexible electricity usage.,0.9372883333333343,7.498306666666674
2008-05-23 10:00:00,2.70866666666667,0.7562666666666672,3.2871272676678744,258.1629055007054,Moderate,Consumption is 258.2% above the recent 24-hour baseline. High sub-metering activity indicates significant appliance/load usage.,Review active loads and consider shifting flexible electricity usage.,0.5857200000000008,4.685760000000006
2008-05-27 16:00:00,3.0297,0.9322305555555558,3.0943549241136092,224.99471101271436,Moderate,Consumption is 225.0% above the recent 24-hour baseline. High sub-metering activity indicates significant appliance/load usage.,Review active loads and consider shifting flexible electricity usage.,0.6292408333333332,5.033926666666666
2008-05-27 17:00:00,3.50436666666667,1.0390236111111113,3.1074801616654213,237.27497904683509,Moderate,Consumption is 237.3% above the recent 24-hour baseline. High sub-metering activity indicates significant appliance/load usage.,Review active loads and consider shifting flexible electricity usage. Consider shifting flexible loads away from evening peak hours.,0.7396029166666676,5.91682333333334
2008-05-30 11:00:00,3.414,0.7825833333333332,4.257360252505382,336.247470982856,Moderate,Consumption is 336.2% above the recent 24-hour baseline. High sub-metering activity indicates significant appliance/load usage.,Review active loads and consider shifting flexible electricity usage.,0.789425,6.3154
2008-05-31 13:00:00,2.36373333333333,0.7178694444444446,3.757105510675573,229.27064268108123,Moderate,Consumption is 229.3% above the recent 24-hour baseline. The event occurred during a weekend. High sub-metering activity indicates significant appliance/load usage.,Review active loads and consider shifting flexible electricity usage.,0.49375916666666564,3.950073333333325
2008-05-31 14:00:00,2.6467,0.7539055555555553,3.565573447727516,251.06519384243543,Moderate,Consumption is 251.1% above the recent 24-hour baseline. The event occurred during a weekend. High sub-metering activity indicates significant appliance/load usage.,Review active loads and consider shifting flexible electricity usage.,0.5678383333333333,4.542706666666667
2008-06-01 19:00:00,2.93226666666667,1.154405555555555,3.0274170120401203,154.00663159971742,Moderate,Consumption is 154.0% above the recent 24-hour baseline. The event occurred during a weekend. High sub-metering activity indicates significant appliance/load usage.,Review active loads and consider shifting flexible electricity usage. Consider shifting flexible loads away from evening peak hours.,0.5333583333333345,4.266866666666676
2008-06-03 20:00:00,3.49216666666667,0.8114694444444441,4.433883944636363,330.35097508292625,Moderate,Consumption is 330.4% above the recent 24-hour baseline. High sub-metering activity indicates significant appliance/load usage.,Review active loads and consider shifting flexible electricity usage. Consider shifting flexible loads away from evening peak hours.,0.8042091666666678,6.433673333333342
2008-06-06 20:00:00,3.06356666666667,0.6952402777777779,5.750145811267624,340.64861668527914,Moderate,Consumption is 340.6% above the recent 24-hour baseline. High sub-metering activity indicates significant appliance/load usage.,Review active loads and consider shifting flexible electricity usage. Consider shifting flexible loads away from evening peak hours.,0.7104979166666677,5.683983333333342
2008-06-06 21:00:00,2.96636666666667,0.7456472222222225,3.740384095593752,297.8244105605499,Moderate,Consumption is 297.8% above the recent 24-hour baseline. High sub-metering activity indicates significant appliance/load usage.,Review active loads and consider shifting flexible electricity usage. Consider shifting flexible loads away from evening peak hours.,0.6662158333333343,5.329726666666675
2008-06-07 13:00:00,3.90116666666667,1.1264402777777778,3.5564523285768725,246.32698631505124,Moderate,Consumption is 246.3% above the recent 24-hour baseline. The event occurred during a weekend. High sub-metering activity indicates significant appliance/load usage.,Review active loads and consider shifting flexible electricity usage.,0.8324179166666675,6.65934333333334
2008-06-08 21:00:00,3.32456666666667,0.9032472222222222,3.2620894582334143,268.0682967933601,Moderate,Consumption is 268.1% above the recent 24-hour baseline. The event occurred during a weekend. High sub-metering activity indicates significant appliance/load usage.,Review active loads and consider shifting flexible electricity usage. Consider shifting flexible loads away from evening peak hours.,0.7263958333333342,5.811166666666674
2008-06-09 22:00:00,3.02633333333333,0.8336708333333337,3.183348753570637,263.01297974320346,Moderate,Consumption is 263.0% above the recent 24-hour baseline. High sub-metering activity indicates significant appliance/load usage.,Review active loads and consider shifting flexible electricity usage. Consider shifting flexible loads away from evening peak hours.,0.6577987499999989,5.262389999999991
2008-06-13 14:00:00,3.0503,0.8748930555555555,3.6137659408613216,248.64832685899708,Moderate,Consumption is 248.6% above the recent 24-hour baseline. High sub-metering activity indicates significant appliance/load usage.,Review active loads and consider shifting flexible electricity usage.,0.6526220833333334,5.220976666666667
2008-06-15 12:00:00,3.17533333333333,1.088956944444445,3.809676186332346,191.59402027169176,Moderate,Consumption is 191.6% above the recent 24-hour baseline. The event occurred during a weekend. High sub-metering activity indicates significant appliance/load usage.,Review active loads and consider shifting flexible electricity usage.,0.6259129166666655,5.007303333333324
2008-06-15 13:00:00,4.2955,1.1516833333333336,4.583764862265642,272.9757890623868,Moderate,Consumption is 273.0% above the recent 24-hour baseline. The event occurred during a weekend. High sub-metering activity indicates significant appliance/load usage.,Review active loads and consider shifting flexible electricity usage.,0.9431449999999998,7.545159999999998
2008-06-18 16:00:00,3.6527,1.0236861111111109,3.404267456978081,256.8183606628552,Moderate,Consumption is 256.8% above the recent 24-hour baseline. High sub-metering activity indicates significant appliance/load usage.,Review active loads and consider shifting flexible electricity usage.,0.7887041666666668,6.309633333333334
2008-06-24 11:00:00,2.98683333333333,0.9617263888888892,3.071612364557682,210.56996749190864,Moderate,Consumption is 210.6% above the recent 24-hour baseline. High sub-metering activity indicates significant appliance/load usage.,Review active loads and consider shifting flexible electricity usage.,0.6075320833333323,4.8602566666666585
2008-06-27 16:00:00,2.33633333333333,0.7103861111111112,3.127821810069805,228.8821806607513,Moderate,Consumption is 228.9% above the recent 24-hour baseline. High sub-metering activity indicates significant appliance/load usage.,Review active loads and consider shifting flexible electricity usage.,0.48778416666666563,3.902273333333325
2008-06-27 18:00:00,2.86506666666667,0.8272569444444445,3.390137150051852,246.33334732423958,Moderate,Consumption is 246.3% above the recent 24-hour baseline. High sub-metering activity indicates significant appliance/load usage.,Review active loads and consider shifting flexible electricity usage. Consider shifting flexible loads away from evening peak hours.,0.6113429166666676,4.890743333333341
2008-07-01 19:00:00,2.9667,0.4682722222222224,9.226284184206968,533.5417432879733,High,Consumption is 533.5% above the recent 24-hour baseline. High sub-metering activity indicates significant appliance/load usage.,Reduce non-essential loads and shift flexible equipment usage. Consider shifting flexible loads away from evening peak hours.,0.7495283333333332,5.996226666666666
2008-07-01 20:00:00,2.54003333333333,0.5741611111111112,3.4069646441994723,342.3903472699294,Moderate,Consumption is 342.4% above the recent 24-hour baseline. High sub-metering activity indicates significant appliance/load usage.,Review active loads and consider shifting flexible electricity usage. Consider shifting flexible loads away from evening peak hours.,0.5897616666666656,4.718093333333325
2008-07-03 21:00:00,3.65613333333333,0.6299555555555554,6.17955803587675,480.37956822350736,High,Consumption is 480.4% above the recent 24-hour baseline. High sub-metering activity indicates significant appliance/load usage.,Reduce non-essential loads and shift flexible equipment usage. Consider shifting flexible loads away from evening peak hours.,0.9078533333333323,7.262826666666658
2008-07-05 13:00:00,2.14613333333333,0.6173291666666669,3.9614324131387084,247.64813477412716,Moderate,Consumption is 247.6% above the recent 24-hour baseline. The event occurred during a weekend. High sub-metering activity indicates significant appliance/load usage.,Review active loads and consider shifting flexible electricity usage.,0.45864124999999895,3.6691299999999916
2008-07-05 14:00:00,2.23826666666667,0.6941194444444445,3.1512505424305552,222.46131189396687,Moderate,Consumption is 222.5% above the recent 24-hour baseline. The event occurred during a weekend. High sub-metering activity indicates significant appliance/load usage.,Review active loads and consider shifting flexible electricity usage.,0.4632441666666677,3.7059533333333414
2008-07-05 15:00:00,2.8815,0.7768069444444446,3.673752504899968,270.9415860154013,Moderate,Consumption is 270.9% above the recent 24-hour baseline. The event occurred during a weekend. High sub-metering activity indicates significant appliance/load usage.,Review active loads and consider shifting flexible electricity usage.,0.6314079166666666,5.051263333333333
2008-07-06 22:00:00,3.33713333333333,1.1796138888888892,3.7787049511487614,182.90047826383835,Moderate,Consumption is 182.9% above the recent 24-hour baseline. The event occurred during a weekend. High sub-metering activity indicates significant appliance/load usage.,Review active loads and consider shifting flexible electricity usage. Consider shifting flexible loads away from evening peak hours.,0.6472558333333323,5.178046666666658
2008-07-08 22:00:00,2.47873333333333,0.6821972222222227,4.030683423438322,263.3455623373813,Moderate,Consumption is 263.3% above the recent 24-hour baseline. High sub-metering activity indicates significant appliance/load usage.,Review active loads and consider shifting flexible electricity usage. Consider shifting flexible loads away from evening peak hours.,0.5389608333333321,4.311686666666657
2008-07-12 13:00:00,2.81623333333333,0.7793874999999996,4.076319592783269,261.33929955680986,Moderate,Consumption is 261.3% above the recent 24-hour baseline. The event occurred during a weekend. High sub-metering activity indicates significant appliance/load usage.,Review active loads and consider shifting flexible electricity usage.,0.6110537499999991,4.8884299999999925
2008-07-12 15:00:00,3.99293333333333,0.8582055555555551,4.85630725053838,365.26537931213045,Moderate,Consumption is 365.3% above the recent 24-hour baseline. The event occurred during a weekend. High sub-metering activity indicates significant appliance/load usage.,Review active loads and consider shifting flexible electricity usage.,0.9404183333333325,7.52334666666666
2008-07-14 18:00:00,2.27623333333333,0.6861411398467432,3.223197044739772,231.7441851456029,Moderate,Consumption is 231.7% above the recent 24-hour baseline. High sub-metering activity indicates significant appliance/load usage.,Review active loads and consider shifting flexible electricity usage. Consider shifting flexible loads away from evening peak hours.,0.47702765804597597,3.8162212643678077
2008-07-16 20:00:00,1.58026666666667,0.5971333333333335,3.359204302449708,164.64217930110576,Moderate,Consumption is 164.6% above the recent 24-hour baseline. High sub-metering activity indicates significant appliance/load usage.,Review active loads and consider shifting flexible electricity usage. Consider shifting flexible loads away from evening peak hours.,0.2949400000000009,2.3595200000000074
2008-07-16 21:00:00,3.83916666666667,0.6457472222222226,9.077961943063608,494.53088368771773,High,Consumption is 494.5% above the recent 24-hour baseline. High sub-metering activity indicates significant appliance/load usage.,Reduce non-essential loads and shift flexible equipment usage. Consider shifting flexible loads away from evening peak hours.,0.9580258333333342,7.664206666666674
2008-07-19 11:00:00,2.67496666666667,0.7571194444444441,3.413934957819049,253.30840943194838,Moderate,Consumption is 253.3% above the recent 24-hour baseline. The event occurred during a weekend. High sub-metering activity indicates significant appliance/load usage.,Review active loads and consider shifting flexible electricity usage.,0.5753541666666676,4.602833333333341
2008-07-21 21:00:00,2.2222,0.7421555555555552,3.1245781665252874,199.42509806270036,Moderate,Consumption is 199.4% above the recent 24-hour baseline. High sub-metering activity indicates significant appliance/load usage.,Review active loads and consider shifting flexible electricity usage. Consider shifting flexible loads away from evening peak hours.,0.4440133333333334,3.5521066666666674
2008-07-23 07:00:00,1.45426666666667,0.5147055555555556,3.4304773578301475,182.5434174878847,Moderate,Consumption is 182.5% above the recent 24-hour baseline. High sub-metering activity indicates significant appliance/load usage.,Review active loads and consider shifting flexible electricity usage.,0.2818683333333343,2.254946666666674
2008-07-24 21:00:00,2.8657,0.7136902777777779,5.283718012876619,301.5327221386494,Moderate,Consumption is 301.5% above the recent 24-hour baseline. High sub-metering activity indicates significant appliance/load usage.,Review active loads and consider shifting flexible electricity usage. Consider shifting flexible loads away from evening peak hours.,0.6456029166666666,5.164823333333333
2008-07-27 14:00:00,1.84183333333333,0.5543055555555556,3.701094275970716,232.2776246554742,Moderate,Consumption is 232.3% above the recent 24-hour baseline. The event occurred during a weekend. High sub-metering activity indicates significant appliance/load usage.,Review active loads and consider shifting flexible electricity usage.,0.3862583333333323,3.0900666666666585
2008-07-29 08:00:00,1.9135,0.542175,6.835488966772602,252.9303269239637,High,Consumption is 252.9% above the recent 24-hour baseline. High sub-metering activity indicates significant appliance/load usage.,Reduce non-essential loads and shift flexible equipment usage.,0.4113975,3.29118
2008-07-31 22:00:00,3.03136666666667,0.8707097222222214,3.551218782972385,248.14893980166315,Moderate,Consumption is 248.1% above the recent 24-hour baseline. High sub-metering activity indicates significant appliance/load usage.,Review active loads and consider shifting flexible electricity usage. Consider shifting flexible loads away from evening peak hours.,0.6481970833333346,5.185576666666677
2008-08-02 20:00:00,0.938666666666667,0.3428833333333334,4.429683992399097,173.75686579497403,Moderate,Consumption is 173.8% above the recent 24-hour baseline. The event occurred during a weekend. High sub-metering activity indicates significant appliance/load usage.,Review active loads and consider shifting flexible electricity usage. Consider shifting flexible loads away from evening peak hours.,0.17873500000000006,1.4298800000000005
2008-08-03 08:00:00,1.00466666666667,0.3449555555555556,3.7611570176768594,191.2452489853774,Moderate,Consumption is 191.2% above the recent 24-hour baseline. The event occurred during a weekend. High sub-metering activity indicates significant appliance/load usage.,Review active loads and consider shifting flexible electricity usage.,0.19791333333333427,1.5833066666666742
2008-08-04 09:00:00,0.961766666666667,0.33045555555555556,4.1924619740050435,191.04266837026336,Moderate,Consumption is 191.0% above the recent 24-hour baseline. High sub-metering activity indicates significant appliance/load usage.,Review active loads and consider shifting flexible electricity usage.,0.1893933333333334,1.5151466666666673
2008-08-04 17:00:00,1.0728813559322,0.35285277777777785,3.650598131134216,204.05920641721198,Moderate,Consumption is 204.1% above the recent 24-hour baseline. High sub-metering activity indicates significant appliance/load usage.,Review active loads and consider shifting flexible electricity usage. Consider shifting flexible loads away from evening peak hours.,0.2160085734463266,1.7280685875706128
2008-08-04 18:00:00,2.1712,0.38553672316384174,7.28096875656639,463.16295427901525,High,Consumption is 463.2% above the recent 24-hour baseline. High sub-metering activity indicates significant appliance/load usage.,Reduce non-essential loads and shift flexible equipment usage. Consider shifting flexible loads away from evening peak hours.,0.5356989830508474,4.285591864406779
2008-08-04 19:00:00,2.56606666666667,0.4636353342749528,4.797174822304097,453.4665882788171,Moderate,Consumption is 453.5% above the recent 24-hour baseline. High sub-metering activity indicates significant appliance/load usage.,Review active loads and consider shifting flexible electricity usage. Consider shifting flexible loads away from evening peak hours.,0.6307293997175152,5.0458351977401215
2008-08-07 12:00:00,0.178266666666667,0.2346166666666667,-3.1594457209901696,-24.017901541521503,Moderate,Consumption is -24.0% above the recent 24-hour baseline.,Review active loads and consider shifting flexible electricity usage.,0.0,0.0
2008-08-09 15:00:00,1.24456666666667,0.2043222222222222,28.007446066294765,509.11958235902057,Critical,Consumption is 509.1% above the recent 24-hour baseline. The event occurred during a weekend.,Investigate high-load sources immediately. Switch off or postpone non-essential equipment.,0.31207333333333426,2.496586666666674
2008-08-10 18:00:00,0.3005,0.2028722222222222,3.63349483018338,48.12279212421613,Moderate,Consumption is 48.1% above the recent 24-hour baseline. The event occurred during a weekend.,Review active loads and consider shifting flexible electricity usage. Consider shifting flexible loads away from evening peak hours.,0.029288333333333333,0.23430666666666666
2008-08-10 19:00:00,0.4147,0.20649999999999993,6.227419916178158,100.82324455205818,High,Consumption is 100.8% above the recent 24-hour baseline. The event occurred during a weekend.,Reduce non-essential loads and shift flexible equipment usage. Consider shifting flexible loads away from evening peak hours.,0.06246000000000002,0.4996800000000002
2008-08-31 14:00:00,1.61193333333333,0.1945958333333333,51.3687819269665,728.3493565723815,Critical,Consumption is 728.3% above the recent 24-hour baseline. The event occurred during a weekend. High sub-metering activity indicates significant appliance/load usage.,Investigate high-load sources immediately. Switch off or postpone non-essential equipment.,0.42520124999999903,3.4016099999999923
2008-08-31 15:00:00,2.40186666666667,0.25284722222222206,7.390864640217233,849.9280417467749,High,Consumption is 849.9% above the recent 24-hour baseline. The event occurred during a weekend. High sub-metering activity indicates significant appliance/load usage.,Reduce non-essential loads and shift flexible equipment usage.,0.6447058333333343,5.1576466666666745
2008-08-31 16:00:00,2.1426,0.34708055555555556,3.420667816223841,517.3206668320674,Moderate,Consumption is 517.3% above the recent 24-hour baseline. The event occurred during a weekend. High sub-metering activity indicates significant appliance/load usage.,Review active loads and consider shifting flexible electricity usage.,0.5386558333333332,4.309246666666666
2008-08-31 17:00:00,2.88796666666667,0.42676944444444437,3.850932724162021,576.7041793318025,Moderate,Consumption is 576.7% above the recent 24-hour baseline. The event occurred during a weekend. High sub-metering activity indicates significant appliance/load usage.,Review active loads and consider shifting flexible electricity usage. Consider shifting flexible loads away from evening peak hours.,0.7383591666666676,5.9068733333333405
2008-09-04 21:00:00,2.8183,0.7833069444444445,3.8816225918827945,259.7950994803016,Moderate,Consumption is 259.8% above the recent 24-hour baseline. High sub-metering activity indicates significant appliance/load usage.,Review active loads and consider shifting flexible electricity usage. Consider shifting flexible loads away from evening peak hours.,0.6104979166666665,4.883983333333332
2008-09-06 10:00:00,2.58226666666667,0.6013513888888891,3.6148228630960597,329.410609899463,Moderate,Consumption is 329.4% above the recent 24-hour baseline. The event occurred during a weekend. High sub-metering activity indicates significant appliance/load usage.,Review active loads and consider shifting flexible electricity usage.,0.5942745833333343,4.754196666666674
2008-09-07 16:00:00,3.0475,0.9798944444444446,3.048413830626094,211.00288579835689,Moderate,Consumption is 211.0% above the recent 24-hour baseline. The event occurred during a weekend. High sub-metering activity indicates significant appliance/load usage.,Review active loads and consider shifting flexible electricity usage.,0.6202816666666665,4.962253333333332
2008-09-14 12:00:00,3.5746,0.9285208333333338,3.2623449283451453,284.9778994368281,Moderate,Consumption is 285.0% above the recent 24-hour baseline. The event occurred during a weekend. High sub-metering activity indicates significant appliance/load usage.,Review active loads and consider shifting flexible electricity usage.,0.7938237499999999,6.3505899999999995
2008-09-17 10:00:00,2.93833333333333,0.8288902777777776,3.8659462349925238,254.4900226373612,Moderate,Consumption is 254.5% above the recent 24-hour baseline. High sub-metering activity indicates significant appliance/load usage.,Review active loads and consider shifting flexible electricity usage.,0.6328329166666656,5.062663333333325
2008-09-21 12:00:00,3.28536666666667,0.650316666666667,5.577428585640872,405.1949050462598,Moderate,Consumption is 405.2% above the recent 24-hour baseline. The event occurred during a weekend. High sub-metering activity indicates significant appliance/load usage.,Review active loads and consider shifting flexible electricity usage.,0.790515000000001,6.324120000000008
2008-09-22 20:00:00,4.29123333333333,0.8563902777777775,4.595826585023559,401.0838451445908,Moderate,Consumption is 401.1% above the recent 24-hour baseline. High sub-metering activity indicates significant appliance/load usage.,Review active loads and consider shifting flexible electricity usage. Consider shifting flexible loads away from evening peak hours.,1.0304529166666656,8.243623333333325
2008-09-26 19:00:00,2.93466666666667,0.9145097222222226,3.0483126070750726,220.90054324797612,Moderate,Consumption is 220.9% above the recent 24-hour baseline. High sub-metering activity indicates significant appliance/load usage.,Review active loads and consider shifting flexible electricity usage. Consider shifting flexible loads away from evening peak hours.,0.6060470833333341,4.848376666666673
2008-09-30 21:00:00,3.4837,0.9391291666666662,3.274370882277736,270.95003793407915,Moderate,Consumption is 271.0% above the recent 24-hour baseline. High sub-metering activity indicates significant appliance/load usage.,Review active loads and consider shifting flexible electricity usage. Consider shifting flexible loads away from evening peak hours.,0.7633712500000001,6.1069700000000005
2008-10-03 20:00:00,3.56243333333333,0.9857569444444451,3.5422498029479783,261.390640300389,Moderate,Consumption is 261.4% above the recent 24-hour baseline. High sub-metering activity indicates significant appliance/load usage.,Review active loads and consider shifting flexible electricity usage. Consider shifting flexible loads away from evening peak hours.,0.7730029166666653,6.1840233333333225
2008-10-07 07:00:00,2.89516666666667,0.7183527777777781,3.8815285584751638,303.02853364371447,Moderate,Consumption is 303.0% above the recent 24-hour baseline. High sub-metering activity indicates significant appliance/load usage.,Review active loads and consider shifting flexible electricity usage.,0.6530441666666675,5.22435333333334
2008-10-07 21:00:00,3.2826,1.1370222222222224,3.0485903613295937,188.70148145252702,Moderate,Consumption is 188.7% above the recent 24-hour baseline. High sub-metering activity indicates significant appliance/load usage.,Review active loads and consider shifting flexible electricity usage. Consider shifting flexible loads away from evening peak hours.,0.6436733333333332,5.149386666666666
2008-10-12 19:00:00,4.90773333333333,1.067294444444444,5.419811987016877,359.82937125545885,Moderate,Consumption is 359.8% above the recent 24-hour baseline. The event occurred during a weekend. High sub-metering activity indicates significant appliance/load usage.,Review active loads and consider shifting flexible electricity usage. Consider shifting flexible loads away from evening peak hours.,1.1521316666666657,9.217053333333325
2008-10-12 20:00:00,4.91363333333333,1.1663249999999994,3.674572787321279,321.29194978529415,Moderate,Consumption is 321.3% above the recent 24-hour baseline. The event occurred during a weekend. High sub-metering activity indicates significant appliance/load usage.,Review active loads and consider shifting flexible electricity usage. Consider shifting flexible loads away from evening peak hours.,1.124192499999999,8.993539999999992
2008-10-17 20:00:00,4.9791,1.130058333333333,4.581140684341024,340.6055734585974,Moderate,Consumption is 340.6% above the recent 24-hour baseline. High sub-metering activity indicates significant appliance/load usage.,Review active loads and consider shifting flexible electricity usage. Consider shifting flexible loads away from evening peak hours.,1.1547125,9.2377
2008-10-18 23:00:00,5.00816666666667,1.3633486111111115,3.4192591174060447,267.3430717463437,Moderate,Consumption is 267.3% above the recent 24-hour baseline. The event occurred during a weekend. High sub-metering activity indicates significant appliance/load usage.,Review active loads and consider shifting flexible electricity usage.,1.0934454166666676,8.747563333333341
2008-10-20 20:00:00,3.18396666666667,1.077230555555556,3.1244130627164233,195.56965779016687,Moderate,Consumption is 195.6% above the recent 24-hour baseline. High sub-metering activity indicates significant appliance/load usage.,Review active loads and consider shifting flexible electricity usage. Consider shifting flexible loads away from evening peak hours.,0.6320208333333343,5.056166666666674
2008-10-23 07:00:00,4.04113333333333,1.144352777777778,4.08005005637861,253.13702311107411,Moderate,Consumption is 253.1% above the recent 24-hour baseline. High sub-metering activity indicates significant appliance/load usage.,Review active loads and consider shifting flexible electricity usage.,0.8690341666666657,6.952273333333325
2008-10-24 19:00:00,3.96576666666667,1.1250083333333332,3.220130157532238,252.5099814075455,Moderate,Consumption is 252.5% above the recent 24-hour baseline. High sub-metering activity indicates significant appliance/load usage.,Review active loads and consider shifting flexible electricity usage. Consider shifting flexible loads away from evening peak hours.,0.8522275000000011,6.817820000000009
2008-10-24 20:00:00,4.73903333333333,1.2251430555555556,3.334734874968956,286.81469170833765,Moderate,Consumption is 286.8% above the recent 24-hour baseline. High sub-metering activity indicates significant appliance/load usage.,Review active loads and consider shifting flexible electricity usage. Consider shifting flexible loads away from evening peak hours.,1.054167083333332,8.433336666666657
2008-10-24 21:00:00,5.35686666666667,1.2685722222222224,3.4806759313105093,322.27526133930115,Moderate,Consumption is 322.3% above the recent 24-hour baseline. High sub-metering activity indicates significant appliance/load usage.,Review active loads and consider shifting flexible electricity usage. Consider shifting flexible loads away from evening peak hours.,1.2264883333333343,9.811906666666674
2008-10-27 16:00:00,1.16526666666667,0.36765972222222226,3.603092514570401,216.9416164554341,Moderate,Consumption is 216.9% above the recent 24-hour baseline. High sub-metering activity indicates significant appliance/load usage.,Review active loads and consider shifting flexible electricity usage.,0.23928208333333434,1.9142566666666747
2008-10-28 03:00:00,1.0841,0.36276527777777795,3.24377415745507,198.84337515458026,Moderate,Consumption is 198.8% above the recent 24-hour baseline. High sub-metering activity indicates significant appliance/load usage.,Review active loads and consider shifting flexible electricity usage.,0.21640041666666665,1.7312033333333332
2008-10-28 18:00:00,1.7671,0.36080277777777775,6.746908044129282,389.7689565706103,High,Consumption is 389.8% above the recent 24-hour baseline. High sub-metering activity indicates significant appliance/load usage.,Reduce non-essential loads and shift flexible equipment usage. Consider shifting flexible loads away from evening peak hours.,0.4218891666666666,3.3751133333333327
2008-10-28 19:00:00,2.8276,0.4233069444444444,6.8011287719492355,567.9786469629014,High,Consumption is 568.0% above the recent 24-hour baseline. High sub-metering activity indicates significant appliance/load usage.,Reduce non-essential loads and shift flexible equipment usage. Consider shifting flexible loads away from evening peak hours.,0.7212879166666667,5.770303333333334
2008-10-28 20:00:00,2.4787,0.5282430555555555,3.231757116686449,369.23475357250845,Moderate,Consumption is 369.2% above the recent 24-hour baseline. High sub-metering activity indicates significant appliance/load usage.,Review active loads and consider shifting flexible electricity usage. Consider shifting flexible loads away from evening peak hours.,0.5851370833333333,4.681096666666666
2008-10-28 21:00:00,3.31453333333333,0.6199208333333334,3.743360458391595,434.6704216264167,Moderate,Consumption is 434.7% above the recent 24-hour baseline. High sub-metering activity indicates significant appliance/load usage.,Review active loads and consider shifting flexible electricity usage. Consider shifting flexible loads away from evening peak hours.,0.8083837499999988,6.467069999999991
2008-10-30 14:00:00,1.477,0.778554166666667,3.215639537888161,89.71062814083793,Moderate,Consumption is 89.7% above the recent 24-hour baseline. High sub-metering activity indicates significant appliance/load usage.,Review active loads and consider shifting flexible electricity usage.,0.20953374999999994,1.6762699999999995
2008-10-31 12:00:00,1.8485,0.588675,3.768176942083506,214.01027731770506,Moderate,Consumption is 214.0% above the recent 24-hour baseline. High sub-metering activity indicates significant appliance/load usage.,Review active loads and consider shifting flexible electricity usage.,0.37794750000000005,3.0235800000000004
2008-11-02 03:00:00,1.45336666666667,0.5769097222222219,4.274183341959747,151.92272043334407,Moderate,Consumption is 151.9% above the recent 24-hour baseline. The event occurred during a weekend. High sub-metering activity indicates significant appliance/load usage.,Review active loads and consider shifting flexible electricity usage.,0.26293708333333443,2.1034966666666755
2008-11-02 23:00:00,1.45726666666667,0.5932013888888892,3.592809496737971,145.6613713255527,Moderate,Consumption is 145.7% above the recent 24-hour baseline. The event occurred during a weekend. High sub-metering activity indicates significant appliance/load usage.,Review active loads and consider shifting flexible electricity usage.,0.2592195833333342,2.073756666666674
2008-11-04 17:00:00,2.13286666666667,0.4921222222222223,6.374234334490971,333.40181978280066,High,Consumption is 333.4% above the recent 24-hour baseline. High sub-metering activity indicates significant appliance/load usage.,Reduce non-essential loads and shift flexible equipment usage. Consider shifting flexible loads away from evening peak hours.,0.49222333333333423,3.937786666666674
2008-11-04 18:00:00,3.736,0.544151388888889,7.656402222471042,586.5736404033803,High,Consumption is 586.6% above the recent 24-hour baseline. High sub-metering activity indicates significant appliance/load usage.,Reduce non-essential loads and shift flexible equipment usage. Consider shifting flexible loads away from evening peak hours.,0.9575545833333333,7.660436666666667
2008-11-04 20:00:00,4.44613333333333,0.7555388888888892,4.085024575170825,488.4718045250992,Moderate,Consumption is 488.5% above the recent 24-hour baseline. High sub-metering activity indicates significant appliance/load usage.,Review active loads and consider shifting flexible electricity usage. Consider shifting flexible loads away from evening peak hours.,1.1071783333333323,8.857426666666658
2008-11-08 22:00:00,3.7183,1.0396402777777773,3.869632715384682,257.652553433947,Moderate,Consumption is 257.7% above the recent 24-hour baseline. The event occurred during a weekend. High sub-metering activity indicates significant appliance/load usage.,Review active loads and consider shifting flexible electricity usage. Consider shifting flexible loads away from evening peak hours.,0.8035979166666669,6.428783333333335
2008-11-15 15:00:00,4.1835,1.1101527777777778,4.633411598352258,276.8400245211496,Moderate,Consumption is 276.8% above the recent 24-hour baseline. The event occurred during a weekend. High sub-metering activity indicates significant appliance/load usage.,Review active loads and consider shifting flexible electricity usage.,0.9220041666666668,7.376033333333335
2008-11-15 17:00:00,4.5308,1.388102777777778,3.1966119028428963,226.40234372654916,Moderate,Consumption is 226.4% above the recent 24-hour baseline. The event occurred during a weekend. High sub-metering activity indicates significant appliance/load usage.,Review active loads and consider shifting flexible electricity usage. Consider shifting flexible loads away from evening peak hours.,0.9428091666666666,7.542473333333333
2008-11-18 07:00:00,3.2643,1.0762291666666663,3.5425197611951424,203.30900714299548,Moderate,Consumption is 203.3% above the recent 24-hour baseline. High sub-metering activity indicates significant appliance/load usage.,Review active loads and consider shifting flexible electricity usage.,0.6564212500000001,5.2513700000000005
2008-11-22 21:00:00,3.89316666666667,1.0050388888888893,4.795486257382979,287.3647785878934,Moderate,Consumption is 287.4% above the recent 24-hour baseline. The event occurred during a weekend. High sub-metering activity indicates significant appliance/load usage.,Review active loads and consider shifting flexible electricity usage. Consider shifting flexible loads away from evening peak hours.,0.8664383333333342,6.931506666666674
2008-11-23 12:00:00,4.15833333333333,1.1908282485875705,3.7764322381675384,249.19673246460917,Moderate,Consumption is 249.2% above the recent 24-hour baseline. The event occurred during a weekend. High sub-metering activity indicates significant appliance/load usage.,Review active loads and consider shifting flexible electricity usage.,0.8902515254237277,7.122012203389821
2008-11-23 18:00:00,6.56053333333333,1.7688004708097933,3.9898980039030514,270.9029617303179,Moderate,Consumption is 270.9% above the recent 24-hour baseline. The event occurred during a weekend. High sub-metering activity indicates significant appliance/load usage.,Review active loads and consider shifting flexible electricity usage. Consider shifting flexible loads away from evening peak hours.,1.437519858757061,11.500158870056488
2008-11-27 19:00:00,3.78103333333333,1.5206486111111106,3.139804121655694,148.64609126039954,Moderate,Consumption is 148.6% above the recent 24-hour baseline. High sub-metering activity indicates significant appliance/load usage.,Review active loads and consider shifting flexible electricity usage. Consider shifting flexible loads away from evening peak hours.,0.6781154166666659,5.424923333333327
2008-11-30 20:00:00,5.9305,1.5614569444444444,4.104979841042531,279.8055412991251,Moderate,Consumption is 279.8% above the recent 24-hour baseline. The event occurred during a weekend. High sub-metering activity indicates significant appliance/load usage.,Review active loads and consider shifting flexible electricity usage. Consider shifting flexible loads away from evening peak hours.,1.310712916666667,10.485703333333335
2008-12-06 10:00:00,4.2289,1.387733333333333,3.1537331185414965,204.73433897002315,Moderate,Consumption is 204.7% above the recent 24-hour baseline. The event occurred during a weekend. High sub-metering activity indicates significant appliance/load usage.,Review active loads and consider shifting flexible electricity usage.,0.85235,6.8188
2008-12-09 20:00:00,3.99756666666667,1.343755555555556,3.250324528720716,197.49210339182073,Moderate,Consumption is 197.5% above the recent 24-hour baseline. High sub-metering activity indicates significant appliance/load usage.,Review active loads and consider shifting flexible electricity usage. Consider shifting flexible loads away from evening peak hours.,0.7961433333333341,6.369146666666673
2008-12-13 16:00:00,4.011,1.3061930555555554,3.137972756633277,207.075587558841,Moderate,Consumption is 207.1% above the recent 24-hour baseline. The event occurred during a weekend. High sub-metering activity indicates significant appliance/load usage.,Review active loads and consider shifting flexible electricity usage.,0.8114420833333335,6.491536666666668
2008-12-26 14:00:00,2.2485,0.6529180555555559,4.037292007521961,244.3770593978739,Moderate,Consumption is 244.4% above the recent 24-hour baseline. High sub-metering activity indicates significant appliance/load usage.,Review active loads and consider shifting flexible electricity usage.,0.47867458333333324,3.829396666666666
2008-12-27 01:00:00,2.7415,0.9061944444444445,3.151117504538193,202.5288906599638,Moderate,Consumption is 202.5% above the recent 24-hour baseline. The event occurred during a weekend. High sub-metering activity indicates significant appliance/load usage.,Review active loads and consider shifting flexible electricity usage.,0.5505916666666666,4.404733333333333
2008-12-29 18:00:00,1.1984,0.35336944444444446,4.128223486405257,239.1351512817086,Moderate,Consumption is 239.1% above the recent 24-hour baseline. High sub-metering activity indicates significant appliance/load usage.,Review active loads and consider shifting flexible electricity usage. Consider shifting flexible loads away from evening peak hours.,0.2535091666666666,2.028073333333333
2008-12-30 04:00:00,1.29386666666667,0.36143611111111107,3.72169017200805,257.9793570402033,Moderate,Consumption is 258.0% above the recent 24-hour baseline. High sub-metering activity indicates significant appliance/load usage.,Review active loads and consider shifting flexible electricity usage.,0.2797291666666677,2.2378333333333416
2008-12-30 15:00:00,1.5488,0.46576944444444485,3.149330647906374,232.52503324844758,Moderate,Consumption is 232.5% above the recent 24-hour baseline.,Review active loads and consider shifting flexible electricity usage.,0.3249091666666665,2.599273333333332
2008-12-30 16:00:00,2.08003333333333,0.5182625000000004,3.844516457488917,301.347451018225,Moderate,Consumption is 301.3% above the recent 24-hour baseline.,Review active loads and consider shifting flexible electricity usage.,0.46853124999999884,3.7482499999999908
2008-12-30 17:00:00,2.57123333333333,0.5937000000000002,3.86014313819384,333.0862949862438,Moderate,Consumption is 333.1% above the recent 24-hour baseline. High sub-metering activity indicates significant appliance/load usage.,Review active loads and consider shifting flexible electricity usage. Consider shifting flexible loads away from evening peak hours.,0.593259999999999,4.746079999999992
2008-12-31 19:00:00,3.15303333333333,1.1060569444444446,3.090393417374739,185.06971084721596,Moderate,Consumption is 185.1% above the recent 24-hour baseline. High sub-metering activity indicates significant appliance/load usage.,Review active loads and consider shifting flexible electricity usage. Consider shifting flexible loads away from evening peak hours.,0.6140929166666657,4.912743333333325
2008-12-31 20:00:00,4.17896666666667,1.1764916666666665,3.8436270939739092,255.20580256270446,Moderate,Consumption is 255.2% above the recent 24-hour baseline. High sub-metering activity indicates significant appliance/load usage.,Review active loads and consider shifting flexible electricity usage. Consider shifting flexible loads away from evening peak hours.,0.9007425000000011,7.205940000000009
2009-01-01 20:00:00,3.4588,0.8835875000000003,3.0224985232811448,291.44963005927525,Moderate,Consumption is 291.4% above the recent 24-hour baseline. High sub-metering activity indicates significant appliance/load usage.,Review active loads and consider shifting flexible electricity usage. Consider shifting flexible loads away from evening peak hours.,0.7725637499999999,6.180509999999999
2009-01-07 14:00:00,3.67523333333333,1.1613902777777783,3.527234481303944,216.45118817126462,Moderate,Consumption is 216.5% above the recent 24-hour baseline. High sub-metering activity indicates significant appliance/load usage.,Review active loads and consider shifting flexible electricity usage.,0.7541529166666655,6.033223333333324
2009-01-16 17:00:00,4.15126666666667,1.2713125000000007,3.0993242533933625,226.53392982973642,Moderate,Consumption is 226.5% above the recent 24-hour baseline. High sub-metering activity indicates significant appliance/load usage.,Review active loads and consider shifting flexible electricity usage. Consider shifting flexible loads away from evening peak hours.,0.8639862500000008,6.911890000000007
2009-01-16 19:00:00,4.9582,1.5135638888888898,3.033173031447104,227.58445391028874,Moderate,Consumption is 227.6% above the recent 24-hour baseline. High sub-metering activity indicates significant appliance/load usage.,Review active loads and consider shifting flexible electricity usage. Consider shifting flexible loads away from evening peak hours.,1.0333908333333328,8.267126666666663
2009-01-16 20:00:00,6.51963333333333,1.6014180555555564,3.7501814635137034,307.11626240979086,Moderate,Consumption is 307.1% above the recent 24-hour baseline. High sub-metering activity indicates significant appliance/load usage.,Review active loads and consider shifting flexible electricity usage. Consider shifting flexible loads away from evening peak hours.,1.475464583333332,11.803716666666656
2009-01-21 21:00:00,3.5802,1.1560388888888888,3.3104767172704017,209.69546391653492,Moderate,Consumption is 209.7% above the recent 24-hour baseline. High sub-metering activity indicates significant appliance/load usage.,Review active loads and consider shifting flexible electricity usage. Consider shifting flexible loads away from evening peak hours.,0.7272483333333334,5.817986666666667
2009-01-24 11:00:00,5.0734,1.2680944444444442,4.714968789837366,300.0806108903561,Moderate,Consumption is 300.1% above the recent 24-hour baseline. The event occurred during a weekend. High sub-metering activity indicates significant appliance/load usage.,Review active loads and consider shifting flexible electricity usage.,1.1415916666666668,9.132733333333334
2009-01-25 13:00:00,4.33043333333333,1.7304916666666672,3.225419412655801,150.24294636880626,Moderate,Consumption is 150.2% above the recent 24-hour baseline. The event occurred during a weekend. High sub-metering activity indicates significant appliance/load usage.,Review active loads and consider shifting flexible electricity usage.,0.7799824999999988,6.23985999999999
2009-01-28 15:00:00,4.20936666666667,1.3171777777777771,3.424729613982768,219.57467987110527,Moderate,Consumption is 219.6% above the recent 24-hour baseline. High sub-metering activity indicates significant appliance/load usage.,Review active loads and consider shifting flexible electricity usage.,0.8676566666666676,6.941253333333341
2009-01-31 17:00:00,5.0725,1.667300000000001,3.112821421324064,204.23439093144586,Moderate,Consumption is 204.2% above the recent 24-hour baseline. The event occurred during a weekend. High sub-metering activity indicates significant appliance/load usage.,Review active loads and consider shifting flexible electricity usage. Consider shifting flexible loads away from evening peak hours.,1.0215599999999996,8.172479999999997
2009-02-04 07:00:00,3.36876666666667,1.344059722222222,3.149141590145116,150.64114421172206,Moderate,Consumption is 150.6% above the recent 24-hour baseline. High sub-metering activity indicates significant appliance/load usage.,Review active loads and consider shifting flexible electricity usage.,0.6074120833333344,4.859296666666675
2009-02-04 08:00:00,4.0461,1.397784722222222,3.5229922822876896,189.46517555059845,Moderate,Consumption is 189.5% above the recent 24-hour baseline. High sub-metering activity indicates significant appliance/load usage.,Review active loads and consider shifting flexible electricity usage.,0.7944945833333333,6.355956666666667
2009-02-07 11:00:00,3.71033333333333,1.241365277777778,3.0633569345585974,198.89134163437853,Moderate,Consumption is 198.9% above the recent 24-hour baseline. The event occurred during a weekend. High sub-metering activity indicates significant appliance/load usage.,Review active loads and consider shifting flexible electricity usage.,0.7406904166666657,5.9255233333333255
2009-02-11 12:00:00,4.24926666666667,1.3987430555555556,4.164568097453209,203.7917971988742,Moderate,Consumption is 203.8% above the recent 24-hour baseline. High sub-metering activity indicates significant appliance/load usage.,Review active loads and consider shifting flexible electricity usage.,0.8551570833333343,6.841256666666674
2009-02-11 18:00:00,5.2338,1.5313263888888888,3.667750567209155,241.78213331761222,Moderate,Consumption is 241.8% above the recent 24-hour baseline. High sub-metering activity indicates significant appliance/load usage.,Review active loads and consider shifting flexible electricity usage. Consider shifting flexible loads away from evening peak hours.,1.110742083333333,8.885936666666664
2009-02-14 11:00:00,3.4953,1.1864037356321837,3.230770813169845,194.61303054120143,Moderate,Consumption is 194.6% above the recent 24-hour baseline. The event occurred during a weekend. High sub-metering activity indicates significant appliance/load usage.,Review active loads and consider shifting flexible electricity usage.,0.6926688793103449,5.5413510344827595
2009-02-16 18:00:00,1.95496666666667,0.6066722222222218,4.880647749637227,222.24430179210887,Moderate,Consumption is 222.2% above the recent 24-hour baseline.,Review active loads and consider shifting flexible electricity usage. Consider shifting flexible loads away from evening peak hours.,0.40448833333333445,3.2359066666666756
2009-02-16 19:00:00,3.1627,0.6494874999999998,6.5114910102587595,386.95317461844934,High,Consumption is 387.0% above the recent 24-hour baseline. High sub-metering activity indicates significant appliance/load usage.,Reduce non-essential loads and shift flexible equipment usage. Consider shifting flexible loads away from evening peak hours.,0.75396375,6.03171
2009-02-20 08:00:00,1.24533333333333,0.5206749999999999,3.0880637451658752,139.17670971975423,Moderate,Consumption is 139.2% above the recent 24-hour baseline. High sub-metering activity indicates significant appliance/load usage.,Review active loads and consider shifting flexible electricity usage.,0.21739749999999905,1.7391799999999924
2009-02-20 12:00:00,1.746,0.6281222222222222,3.6442131670778024,177.97137853567068,Moderate,Consumption is 178.0% above the recent 24-hour baseline. High sub-metering activity indicates significant appliance/load usage.,Review active loads and consider shifting flexible electricity usage.,0.3353633333333333,2.6829066666666663
2009-02-20 17:00:00,3.42476666666667,0.6642944444444446,7.4279183616286835,415.54949696001637,High,Consumption is 415.5% above the recent 24-hour baseline. High sub-metering activity indicates significant appliance/load usage.,Reduce non-essential loads and shift flexible equipment usage. Consider shifting flexible loads away from evening peak hours.,0.8281416666666676,6.62513333333334
2009-02-20 18:00:00,2.96103333333333,0.7757861111111114,3.23556406751781,281.68166340235473,Moderate,Consumption is 281.7% above the recent 24-hour baseline. High sub-metering activity indicates significant appliance/load usage.,Review active loads and consider shifting flexible electricity usage. Consider shifting flexible loads away from evening peak hours.,0.6555741666666655,5.244593333333324
2009-02-22 16:00:00,3.7188,0.4568680555555555,14.988948661166578,713.9768046329934,Critical,Consumption is 714.0% above the recent 24-hour baseline. The event occurred during a weekend. High sub-metering activity indicates significant appliance/load usage.,Investigate high-load sources immediately. Switch off or postpone non-essential equipment.,0.9785795833333333,7.828636666666666
2009-02-22 17:00:00,4.82943333333333,0.5986555555555554,6.055502240287811,706.7131906679779,High,Consumption is 706.7% above the recent 24-hour baseline. The event occurred during a weekend. High sub-metering activity indicates significant appliance/load usage.,Reduce non-essential loads and shift flexible equipment usage. Consider shifting flexible loads away from evening peak hours.,1.2692333333333323,10.153866666666659
2009-02-23 22:00:00,4.49416666666667,1.804840277777777,3.770410080515684,149.00633712586168,Moderate,Consumption is 149.0% above the recent 24-hour baseline. High sub-metering activity indicates significant appliance/load usage.,Review active loads and consider shifting flexible electricity usage. Consider shifting flexible loads away from evening peak hours.,0.8067979166666679,6.454383333333343
2009-03-06 20:00:00,3.37566666666667,1.1162902777777781,3.7681893807106266,202.4004359678451,Moderate,Consumption is 202.4% above the recent 24-hour baseline. High sub-metering activity indicates significant appliance/load usage.,Review active loads and consider shifting flexible electricity usage. Consider shifting flexible loads away from evening peak hours.,0.6778129166666677,5.422503333333341
2009-03-08 11:00:00,4.05343333333333,1.1475277777777775,3.44319970012101,253.23182687419794,Moderate,Consumption is 253.2% above the recent 24-hour baseline. The event occurred during a weekend. High sub-metering activity indicates significant appliance/load usage.,Review active loads and consider shifting flexible electricity usage.,0.8717716666666657,6.974173333333326
2009-03-11 11:00:00,3.2493,1.4557805555555554,3.2868601120940495,123.19984887832224,Moderate,Consumption is 123.2% above the recent 24-hour baseline. High sub-metering activity indicates significant appliance/load usage.,Review active loads and consider shifting flexible electricity usage.,0.5380558333333333,4.304446666666666
2009-03-17 20:00:00,3.87466666666667,1.2216940207156306,3.464241952212353,217.15524517317436,Moderate,Consumption is 217.2% above the recent 24-hour baseline. High sub-metering activity indicates significant appliance/load usage.,Review active loads and consider shifting flexible electricity usage. Consider shifting flexible loads away from evening peak hours.,0.7958917937853118,6.367134350282495
2009-03-20 19:00:00,3.12763333333333,0.8327986111111114,4.5966636578309625,275.5569823970376,Moderate,Consumption is 275.6% above the recent 24-hour baseline. High sub-metering activity indicates significant appliance/load usage.,Review active loads and consider shifting flexible electricity usage. Consider shifting flexible loads away from evening peak hours.,0.6884504166666656,5.507603333333325
2009-03-24 19:00:00,3.7412,1.0050944444444438,3.996439053080661,272.22372690239195,Moderate,Consumption is 272.2% above the recent 24-hour baseline. High sub-metering activity indicates significant appliance/load usage.,Review active loads and consider shifting flexible electricity usage. Consider shifting flexible loads away from evening peak hours.,0.820831666666667,6.566653333333336
2009-03-28 18:00:00,4.37503333333333,1.3161875000000005,3.8688355406491817,232.4019817338584,Moderate,Consumption is 232.4% above the recent 24-hour baseline. The event occurred during a weekend. High sub-metering activity indicates significant appliance/load usage.,Review active loads and consider shifting flexible electricity usage. Consider shifting flexible loads away from evening peak hours.,0.9176537499999987,7.34122999999999
2009-04-04 15:00:00,3.23436666666667,1.0668277777777777,3.270035097772142,203.1760827791639,Moderate,Consumption is 203.2% above the recent 24-hour baseline. The event occurred during a weekend. High sub-metering activity indicates significant appliance/load usage.,Review active loads and consider shifting flexible electricity usage.,0.6502616666666676,5.202093333333341
2009-04-09 19:00:00,3.39686666666667,1.0816541666666672,3.1171769370806133,214.0436907976596,Moderate,Consumption is 214.0% above the recent 24-hour baseline. High sub-metering activity indicates significant appliance/load usage.,Review active loads and consider shifting flexible electricity usage. Consider shifting flexible loads away from evening peak hours.,0.6945637500000009,5.556510000000007
2009-04-11 11:00:00,3.45216666666667,1.1804111111111113,3.07881776989429,192.45460621064248,Moderate,Consumption is 192.5% above the recent 24-hour baseline. The event occurred during a weekend. High sub-metering activity indicates significant appliance/load usage.,Review active loads and consider shifting flexible electricity usage.,0.6815266666666676,5.452213333333341
2009-04-11 19:00:00,4.30473333333333,1.4407138888888895,3.3839462124605753,198.79168699159527,Moderate,Consumption is 198.8% above the recent 24-hour baseline. The event occurred during a weekend. High sub-metering activity indicates significant appliance/load usage.,Review active loads and consider shifting flexible electricity usage. Consider shifting flexible loads away from evening peak hours.,0.8592058333333323,6.873646666666659
2009-04-12 20:00:00,5.0983,1.4511069444444438,3.816000922041599,251.33868110264495,Moderate,Consumption is 251.3% above the recent 24-hour baseline. The event occurred during a weekend. High sub-metering activity indicates significant appliance/load usage.,Review active loads and consider shifting flexible electricity usage. Consider shifting flexible loads away from evening peak hours.,1.0941579166666668,8.753263333333335
2009-04-12 21:00:00,5.13396666666667,1.4908222222222218,3.3614432860843415,244.37148776961294,Moderate,Consumption is 244.4% above the recent 24-hour baseline. The event occurred during a weekend. High sub-metering activity indicates significant appliance/load usage.,Review active loads and consider shifting flexible electricity usage. Consider shifting flexible loads away from evening peak hours.,1.0929433333333345,8.743546666666676
2009-04-19 20:00:00,2.03853333333333,0.6534555555555557,3.3829129226499752,211.96204791620556,Moderate,Consumption is 212.0% above the recent 24-hour baseline. The event occurred during a weekend. High sub-metering activity indicates significant appliance/load usage.,Review active loads and consider shifting flexible electricity usage. Consider shifting flexible loads away from evening peak hours.,0.4155233333333323,3.3241866666666584
2009-04-19 21:00:00,3.18693333333333,0.7177277777777777,4.981865403957661,344.0309309472018,Moderate,Consumption is 344.0% above the recent 24-hour baseline. The event occurred during a weekend. High sub-metering activity indicates significant appliance/load usage.,Review active loads and consider shifting flexible electricity usage. Consider shifting flexible loads away from evening peak hours.,0.7407616666666657,5.926093333333325
2009-04-23 21:00:00,3.05966666666667,0.6225055555555554,7.899439963281188,391.50833102783616,High,Consumption is 391.5% above the recent 24-hour baseline. High sub-metering activity indicates significant appliance/load usage.,Reduce non-essential loads and shift flexible equipment usage. Consider shifting flexible loads away from evening peak hours.,0.7311483333333344,5.849186666666675
2009-04-25 10:00:00,3.22283333333333,0.764233333333333,5.886870990861566,321.70802983382015,Moderate,Consumption is 321.7% above the recent 24-hour baseline. The event occurred during a weekend. High sub-metering activity indicates significant appliance/load usage.,Review active loads and consider shifting flexible electricity usage.,0.7375799999999991,5.900639999999993
2009-04-25 11:00:00,2.9252,0.8350027777777772,3.276791447398539,250.32218788360674,Moderate,Consumption is 250.3% above the recent 24-hour baseline. The event occurred during a weekend. High sub-metering activity indicates significant appliance/load usage.,Review active loads and consider shifting flexible electricity usage.,0.6270591666666668,5.016473333333335
2009-04-27 21:00:00,2.88626666666667,0.8385888888888887,3.3573015565517967,244.18136287149093,Moderate,Consumption is 244.2% above the recent 24-hour baseline. High sub-metering activity indicates significant appliance/load usage.,Review active loads and consider shifting flexible electricity usage. Consider shifting flexible loads away from evening peak hours.,0.6143033333333343,4.9144266666666745
2009-05-03 11:00:00,2.6576,0.8920013888888896,3.3356273825636378,197.9367558284193,Moderate,Consumption is 197.9% above the recent 24-hour baseline. The event occurred during a weekend. High sub-metering activity indicates significant appliance/load usage.,Review active loads and consider shifting flexible electricity usage.,0.5296795833333331,4.237436666666665
2009-05-03 20:00:00,4.2653,0.9030791666666674,5.402307614500645,372.3063223508455,Moderate,Consumption is 372.3% above the recent 24-hour baseline. The event occurred during a weekend. High sub-metering activity indicates significant appliance/load usage.,Review active loads and consider shifting flexible electricity usage. Consider shifting flexible loads away from evening peak hours.,1.0086662499999997,8.069329999999997
2009-05-10 16:00:00,3.72056666666667,0.8662291666666673,6.037301419129783,329.51297530003137,High,Consumption is 329.5% above the recent 24-hour baseline. The event occurred during a weekend. High sub-metering activity indicates significant appliance/load usage.,Reduce non-essential loads and shift flexible equipment usage.,0.8563012500000008,6.850410000000006
2009-05-10 19:00:00,3.63633333333333,1.0895181497175148,3.184116368168494,233.756104409655,Moderate,Consumption is 233.8% above the recent 24-hour baseline. The event occurred during a weekend. High sub-metering activity indicates significant appliance/load usage.,Review active loads and consider shifting flexible electricity usage. Consider shifting flexible loads away from evening peak hours.,0.7640445550847444,6.112356440677956
2009-05-14 20:00:00,3.18366666666667,0.9568152777777778,3.2418583267892167,232.73576839834732,Moderate,Consumption is 232.7% above the recent 24-hour baseline. High sub-metering activity indicates significant appliance/load usage.,Review active loads and consider shifting flexible electricity usage. Consider shifting flexible loads away from evening peak hours.,0.6680554166666676,5.3444433333333405
2009-05-16 14:00:00,3.7777,1.045759722222222,3.693413475582376,261.23976853616534,Moderate,Consumption is 261.2% above the recent 24-hour baseline. The event occurred during a weekend. High sub-metering activity indicates significant appliance/load usage.,Review active loads and consider shifting flexible electricity usage.,0.8195820833333334,6.556656666666667
2009-05-18 20:00:00,2.4866,0.7971388888888891,3.100662328966785,211.94062097083312,Moderate,Consumption is 211.9% above the recent 24-hour baseline. High sub-metering activity indicates significant appliance/load usage.,Review active loads and consider shifting flexible electricity usage. Consider shifting flexible loads away from evening peak hours.,0.5068383333333333,4.054706666666666
2009-05-21 12:00:00,2.85983333333333,0.7559916666666667,4.301493282206517,278.2890023038168,Moderate,Consumption is 278.3% above the recent 24-hour baseline. High sub-metering activity indicates significant appliance/load usage.,Review active loads and consider shifting flexible electricity usage.,0.631152499999999,5.049219999999992
2009-05-24 18:00:00,2.55796666666667,0.8647486111111112,3.193643006016515,195.8046574229187,Moderate,Consumption is 195.8% above the recent 24-hour baseline. The event occurred during a weekend. High sub-metering activity indicates significant appliance/load usage.,Review active loads and consider shifting flexible electricity usage. Consider shifting flexible loads away from evening peak hours.,0.5079654166666676,4.063723333333341
2009-05-25 21:00:00,2.35706666666667,0.8729069444444447,3.0115784125239373,170.02496447852272,Moderate,Consumption is 170.0% above the recent 24-hour baseline. High sub-metering activity indicates significant appliance/load usage.,Review active loads and consider shifting flexible electricity usage. Consider shifting flexible loads away from evening peak hours.,0.4452479166666675,3.56198333333334
2009-05-27 21:00:00,2.9227,1.0846902777777783,3.242380917352461,169.45018867393009,Moderate,Consumption is 169.5% above the recent 24-hour baseline. High sub-metering activity indicates significant appliance/load usage.,Review active loads and consider shifting flexible electricity usage. Consider shifting flexible loads away from evening peak hours.,0.5514029166666664,4.411223333333331
2009-06-06 19:00:00,2.55576666666667,0.8069138888888893,3.232951435192247,216.7335079813696,Moderate,Consumption is 216.7% above the recent 24-hour baseline. The event occurred during a weekend. High sub-metering activity indicates significant appliance/load usage.,Review active loads and consider shifting flexible electricity usage. Consider shifting flexible loads away from evening peak hours.,0.5246558333333342,4.197246666666674
2009-06-07 13:00:00,3.45546666666667,0.8825097222222222,3.775471865986489,291.5499829243307,Moderate,Consumption is 291.5% above the recent 24-hour baseline. The event occurred during a weekend. High sub-metering activity indicates significant appliance/load usage.,Review active loads and consider shifting flexible electricity usage.,0.7718870833333342,6.175096666666674
2009-06-08 19:00:00,2.4233,0.6416763888888889,4.320539016306378,277.65142086591754,Moderate,Consumption is 277.7% above the recent 24-hour baseline. High sub-metering activity indicates significant appliance/load usage.,Review active loads and consider shifting flexible electricity usage. Consider shifting flexible loads away from evening peak hours.,0.5344870833333332,4.275896666666665
2009-06-17 21:00:00,2.3328,0.6330347222222225,3.9614278744902416,268.51059161666126,Moderate,Consumption is 268.5% above the recent 24-hour baseline. High sub-metering activity indicates significant appliance/load usage.,Review active loads and consider shifting flexible electricity usage. Consider shifting flexible loads away from evening peak hours.,0.5099295833333334,4.079436666666667
2009-06-21 18:00:00,1.09683333333333,0.3857833333333334,3.9328836310668134,184.3133019397753,Moderate,Consumption is 184.3% above the recent 24-hour baseline. The event occurred during a weekend. High sub-metering activity indicates significant appliance/load usage.,Review active loads and consider shifting flexible electricity usage. Consider shifting flexible loads away from evening peak hours.,0.21331499999999898,1.7065199999999918
2009-06-21 19:00:00,1.4966,0.41829305555555557,4.668102239576623,257.78743637335594,Moderate,Consumption is 257.8% above the recent 24-hour baseline. The event occurred during a weekend. High sub-metering activity indicates significant appliance/load usage.,Review active loads and consider shifting flexible electricity usage. Consider shifting flexible loads away from evening peak hours.,0.3234920833333333,2.5879366666666663
2009-06-21 20:00:00,2.05013333333333,0.4663916666666667,4.97729020590569,339.5733199921375,Moderate,Consumption is 339.6% above the recent 24-hour baseline. The event occurred during a weekend. High sub-metering activity indicates significant appliance/load usage.,Review active loads and consider shifting flexible electricity usage. Consider shifting flexible loads away from evening peak hours.,0.47512249999999895,3.8009799999999916
2009-06-23 22:00:00,2.13363333333333,0.6489694444444444,3.1890563927149937,228.772541080088,Moderate,Consumption is 228.8% above the recent 24-hour baseline. High sub-metering activity indicates significant appliance/load usage.,Review active loads and consider shifting flexible electricity usage. Consider shifting flexible loads away from evening peak hours.,0.4453991666666656,3.563193333333325
2009-06-24 18:00:00,2.7345,0.9583833333333335,3.0523607679408276,185.32424395248944,Moderate,Consumption is 185.3% above the recent 24-hour baseline. High sub-metering activity indicates significant appliance/load usage.,Review active loads and consider shifting flexible electricity usage. Consider shifting flexible loads away from evening peak hours.,0.5328350000000001,4.2626800000000005
2009-06-29 22:00:00,1.87316666666667,0.6831944444444445,3.1785667765563583,174.1776783899171,Moderate,Consumption is 174.2% above the recent 24-hour baseline. High sub-metering activity indicates significant appliance/load usage.,Review active loads and consider shifting flexible electricity usage. Consider shifting flexible loads away from evening peak hours.,0.35699166666666765,2.855933333333341
2009-07-04 22:00:00,2.07173333333333,0.7597513888888896,3.119255697048802,172.68569213978918,Moderate,Consumption is 172.7% above the recent 24-hour baseline. The event occurred during a weekend. High sub-metering activity indicates significant appliance/load usage.,Review active loads and consider shifting flexible electricity usage. Consider shifting flexible loads away from evening peak hours.,0.3935945833333321,3.1487566666666567
2009-07-07 20:00:00,2.36666666666667,0.7579124999999994,3.142756052306015,212.2611998966466,Moderate,Consumption is 212.3% above the recent 24-hour baseline. High sub-metering activity indicates significant appliance/load usage.,Review active loads and consider shifting flexible electricity usage. Consider shifting flexible loads away from evening peak hours.,0.48262625000000114,3.861010000000009
2009-07-08 08:00:00,3.0504,0.7776944444444442,3.948360943616097,292.2363110333251,Moderate,Consumption is 292.2% above the recent 24-hour baseline. High sub-metering activity indicates significant appliance/load usage.,Review active loads and consider shifting flexible electricity usage.,0.6818116666666666,5.454493333333333
2009-07-10 07:00:00,1.94046666666667,0.6185694444444446,3.4893959602998588,213.7023149291605,Moderate,Consumption is 213.7% above the recent 24-hour baseline. High sub-metering activity indicates significant appliance/load usage.,Review active loads and consider shifting flexible electricity usage.,0.3965691666666676,3.1725533333333407
2009-07-12 22:00:00,0.864533333333333,0.3328694444444445,3.2535455160272178,159.7214456785692,Moderate,Consumption is 159.7% above the recent 24-hour baseline. The event occurred during a weekend. High sub-metering activity indicates significant appliance/load usage.,Review active loads and consider shifting flexible electricity usage. Consider shifting flexible loads away from evening peak hours.,0.15949916666666655,1.2759933333333324
2009-07-13 09:00:00,1.14,0.33747777777777777,4.682290078196242,237.8000197543871,Moderate,Consumption is 237.8% above the recent 24-hour baseline. High sub-metering activity indicates significant appliance/load usage.,Review active loads and consider shifting flexible electricity usage.,0.24075666666666662,1.926053333333333
2009-07-14 11:00:00,1.23406666666667,0.36219305555555564,4.101469509081253,240.72068686512415,Moderate,Consumption is 240.7% above the recent 24-hour baseline. High sub-metering activity indicates significant appliance/load usage.,Review active loads and consider shifting flexible electricity usage.,0.26156208333333425,2.092496666666674
2009-07-14 12:00:00,2.74533333333333,0.4026666666666668,8.492194221612776,581.7880794701975,High,Consumption is 581.8% above the recent 24-hour baseline. High sub-metering activity indicates significant appliance/load usage.,Reduce non-essential loads and shift flexible equipment usage.,0.7027999999999989,5.622399999999991
2009-07-16 17:00:00,1.1898,0.4066583333333335,4.4687386139121505,192.5797659788109,Moderate,Consumption is 192.6% above the recent 24-hour baseline. High sub-metering activity indicates significant appliance/load usage.,Review active loads and consider shifting flexible electricity usage. Consider shifting flexible loads away from evening peak hours.,0.23494249999999992,1.8795399999999993
2009-07-17 09:00:00,1.35843333333333,0.43054166666666666,3.994325692978602,215.51727475079767,Moderate,Consumption is 215.5% above the recent 24-hour baseline. High sub-metering activity indicates significant appliance/load usage.,Review active loads and consider shifting flexible electricity usage.,0.27836749999999905,2.2269399999999924
2009-07-17 10:00:00,1.37366666666667,0.4747138888888888,3.020054944770928,189.3672797064906,Moderate,Consumption is 189.4% above the recent 24-hour baseline. High sub-metering activity indicates significant appliance/load usage.,Review active loads and consider shifting flexible electricity usage.,0.2696858333333343,2.1574866666666743
2009-07-18 13:00:00,1.0999,0.4039583333333335,3.2158456313936865,172.28055698813816,Moderate,Consumption is 172.3% above the recent 24-hour baseline. The event occurred during a weekend. High sub-metering activity indicates significant appliance/load usage.,Review active loads and consider shifting flexible electricity usage.,0.2087825,1.67026
2009-07-18 19:00:00,1.55896666666667,0.47685972222222234,3.764113454046709,226.9235362134806,Moderate,Consumption is 226.9% above the recent 24-hour baseline. The event occurred during a weekend. High sub-metering activity indicates significant appliance/load usage.,Review active loads and consider shifting flexible electricity usage. Consider shifting flexible loads away from evening peak hours.,0.32463208333333426,2.597056666666674
2009-07-20 13:00:00,1.82753333333333,0.43477222222222217,6.066454559688952,320.34270818691704,High,Consumption is 320.3% above the recent 24-hour baseline. High sub-metering activity indicates significant appliance/load usage.,Reduce non-essential loads and shift flexible equipment usage.,0.4178283333333323,3.3426266666666584
2009-07-20 14:00:00,1.8438,0.4940124999999999,3.6963327349964143,273.22942233243094,Moderate,Consumption is 273.2% above the recent 24-hour baseline. High sub-metering activity indicates significant appliance/load usage.,Review active loads and consider shifting flexible electricity usage.,0.40493625000000005,3.2394900000000004
2009-07-22 19:00:00,1.3132,0.3855388888888888,5.097291913356694,240.61414758563052,Moderate,Consumption is 240.6% above the recent 24-hour baseline. High sub-metering activity indicates significant appliance/load usage.,Review active loads and consider shifting flexible electricity usage. Consider shifting flexible loads away from evening peak hours.,0.2782983333333333,2.2263866666666665
2009-07-23 02:00:00,1.7405,0.5729250000000002,3.3723144671172673,203.79194484443852,Moderate,Consumption is 203.8% above the recent 24-hour baseline. High sub-metering activity indicates significant appliance/load usage.,Review active loads and consider shifting flexible electricity usage.,0.35027249999999993,2.8021799999999994
2009-07-24 21:00:00,0.963666666666667,0.36488750000000003,3.4778027772784608,164.09966542199086,Moderate,Consumption is 164.1% above the recent 24-hour baseline. High sub-metering activity indicates significant appliance/load usage.,Review active loads and consider shifting flexible electricity usage. Consider shifting flexible loads away from evening peak hours.,0.1796337500000001,1.4370700000000007
2009-07-25 08:00:00,1.35083333333333,0.3406513888888889,5.658452630399853,296.54420248787966,Moderate,Consumption is 296.5% above the recent 24-hour baseline. The event occurred during a weekend. High sub-metering activity indicates significant appliance/load usage.,Review active loads and consider shifting flexible electricity usage.,0.3030545833333323,2.4244366666666584
2009-07-26 07:00:00,1.25703333333333,0.37765694444444425,3.3850899650134787,232.85058088432623,Moderate,Consumption is 232.9% above the recent 24-hour baseline. The event occurred during a weekend. High sub-metering activity indicates significant appliance/load usage.,Review active loads and consider shifting flexible electricity usage.,0.2638129166666657,2.1105033333333254
2009-07-27 04:00:00,1.2118,0.3896833333333331,3.3781987647326335,210.97044608870465,Moderate,Consumption is 211.0% above the recent 24-hour baseline. High sub-metering activity indicates significant appliance/load usage.,Review active loads and consider shifting flexible electricity usage.,0.24663500000000005,1.9730800000000004
2009-07-27 09:00:00,1.35373333333333,0.3990472222222221,4.1165726157810685,239.24138747154603,Moderate,Consumption is 239.2% above the recent 24-hour baseline. High sub-metering activity indicates significant appliance/load usage.,Review active loads and consider shifting flexible electricity usage.,0.2864058333333323,2.2912466666666584
2009-07-28 12:00:00,1.5792,0.4140027777777775,5.423976134967364,281.4467160043212,Moderate,Consumption is 281.4% above the recent 24-hour baseline. High sub-metering activity indicates significant appliance/load usage.,Review active loads and consider shifting flexible electricity usage.,0.3495591666666667,2.7964733333333336
2009-07-28 18:00:00,1.48646666666667,0.45496249999999977,3.17285398366582,226.7228984073788,Moderate,Consumption is 226.7% above the recent 24-hour baseline. High sub-metering activity indicates significant appliance/load usage.,Review active loads and consider shifting flexible electricity usage. Consider shifting flexible loads away from evening peak hours.,0.30945125000000107,2.4756100000000085
2009-07-30 18:00:00,1.59003333333333,0.4007597222222223,5.837665774452135,296.7547747853894,Moderate,Consumption is 296.8% above the recent 24-hour baseline. High sub-metering activity indicates significant appliance/load usage.,Review active loads and consider shifting flexible electricity usage. Consider shifting flexible loads away from evening peak hours.,0.35678208333333233,2.8542566666666587
2009-07-31 17:00:00,1.8858,0.6207694444444445,3.1543876898546874,203.78428205139673,Moderate,Consumption is 203.8% above the recent 24-hour baseline. High sub-metering activity indicates significant appliance/load usage.,Review active loads and consider shifting flexible electricity usage. Consider shifting flexible loads away from evening peak hours.,0.3795091666666666,3.036073333333333
2009-07-31 19:00:00,2.98123333333333,0.6814513888888891,4.793814366558668,337.48290515545796,Moderate,Consumption is 337.5% above the recent 24-hour baseline. High sub-metering activity indicates significant appliance/load usage.,Review active loads and consider shifting flexible electricity usage. Consider shifting flexible loads away from evening peak hours.,0.6899345833333322,5.519476666666658
2009-08-03 05:00:00,1.18116666666667,0.3370180555555556,4.696983240495352,250.47578228993763,Moderate,Consumption is 250.5% above the recent 24-hour baseline. High sub-metering activity indicates significant appliance/load usage.,Review active loads and consider shifting flexible electricity usage.,0.2532445833333343,2.0259566666666746
2009-08-05 04:00:00,1.06686666666667,0.35369027777777773,3.9597627342836095,201.63867476645154,Moderate,Consumption is 201.6% above the recent 24-hour baseline. High sub-metering activity indicates significant appliance/load usage.,Review active loads and consider shifting flexible electricity usage.,0.21395291666666766,1.7116233333333413
2009-08-05 16:00:00,1.21106666666667,0.3570069444444446,4.138232246194532,239.22776167597198,Moderate,Consumption is 239.2% above the recent 24-hour baseline. High sub-metering activity indicates significant appliance/load usage.,Review active loads and consider shifting flexible electricity usage.,0.25621791666666766,2.0497433333333412
2009-08-06 04:00:00,1.1637,0.36291250000000025,3.2818341519906884,220.65580546274907,Moderate,Consumption is 220.7% above the recent 24-hour baseline. High sub-metering activity indicates significant appliance/load usage.,Review active loads and consider shifting flexible electricity usage.,0.24023624999999993,1.9218899999999994
2009-08-07 17:00:00,1.08753333333333,0.34855972222222226,5.395854699189728,212.00774616178379,Moderate,Consumption is 212.0% above the recent 24-hour baseline. High sub-metering activity indicates significant appliance/load usage.,Review active loads and consider shifting flexible electricity usage. Consider shifting flexible loads away from evening peak hours.,0.22169208333333226,1.773536666666658
2009-08-08 05:00:00,1.0085,0.35656944444444433,3.354416618799643,182.83410586998025,Moderate,Consumption is 182.8% above the recent 24-hour baseline. The event occurred during a weekend. High sub-metering activity indicates significant appliance/load usage.,Review active loads and consider shifting flexible electricity usage.,0.1955791666666667,1.5646333333333335
2009-08-09 17:00:00,2.23416666666667,0.3678305555555556,10.49429950847847,507.39017814664135,Critical,Consumption is 507.4% above the recent 24-hour baseline. The event occurred during a weekend. High sub-metering activity indicates significant appliance/load usage.,Investigate high-load sources immediately. Switch off or postpone non-essential equipment. Consider shifting flexible loads away from evening peak hours.,0.5599008333333343,4.479206666666674
2009-08-09 18:00:00,2.7101,0.42713750000000017,5.522877115426653,534.479529425536,Moderate,Consumption is 534.5% above the recent 24-hour baseline. The event occurred during a weekend. High sub-metering activity indicates significant appliance/load usage.,Review active loads and consider shifting flexible electricity usage. Consider shifting flexible loads away from evening peak hours.,0.6848887499999999,5.4791099999999995
2009-08-10 22:00:00,2.78083333333333,0.5947319444444444,5.105768518356724,367.5775968164925,Moderate,Consumption is 367.6% above the recent 24-hour baseline. High sub-metering activity indicates significant appliance/load usage.,Review active loads and consider shifting flexible electricity usage. Consider shifting flexible loads away from evening peak hours.,0.6558304166666657,5.246643333333326
2009-08-12 21:00:00,1.42006666666667,0.5154569444444443,3.0866338348710176,175.4966601909316,Moderate,Consumption is 175.5% above the recent 24-hour baseline.,Review active loads and consider shifting flexible electricity usage. Consider shifting flexible loads away from evening peak hours.,0.27138291666666764,2.171063333333341
2009-08-13 19:00:00,1.90133333333333,0.5499722222222222,3.852723548507889,245.71443002171765,Moderate,Consumption is 245.7% above the recent 24-hour baseline. High sub-metering activity indicates significant appliance/load usage.,Review active loads and consider shifting flexible electricity usage. Consider shifting flexible loads away from evening peak hours.,0.4054083333333323,3.2432666666666585
2009-08-13 20:00:00,3.71753333333333,0.617584722222222,7.02980281907065,501.9471012749034,High,Consumption is 501.9% above the recent 24-hour baseline. High sub-metering activity indicates significant appliance/load usage.,Reduce non-essential loads and shift flexible equipment usage. Consider shifting flexible loads away from evening peak hours.,0.9299845833333323,7.439876666666659
2009-08-15 13:00:00,1.29136666666667,0.4847791666666666,4.204932031470378,166.38245936723843,Moderate,Consumption is 166.4% above the recent 24-hour baseline. The event occurred during a weekend. High sub-metering activity indicates significant appliance/load usage.,Review active loads and consider shifting flexible electricity usage.,0.24197625000000106,1.9358100000000085
2009-08-15 15:00:00,1.6376,0.527802777777778,4.4128020603841485,210.26740838591843,Moderate,Consumption is 210.3% above the recent 24-hour baseline. The event occurred during a weekend. High sub-metering activity indicates significant appliance/load usage.,Review active loads and consider shifting flexible electricity usage.,0.33293916666666656,2.6635133333333325
2009-08-15 16:00:00,2.6086,0.577975,6.019843563292604,351.3344002768286,High,Consumption is 351.3% above the recent 24-hour baseline. The event occurred during a weekend. High sub-metering activity indicates significant appliance/load usage.,Reduce non-essential loads and shift flexible equipment usage.,0.6091875,4.8735
2009-08-15 17:00:00,2.76186666666667,0.6700430555555558,3.933363720509714,312.192417153956,Moderate,Consumption is 312.2% above the recent 24-hour baseline. The event occurred during a weekend. High sub-metering activity indicates significant appliance/load usage.,Review active loads and consider shifting flexible electricity usage. Consider shifting flexible loads away from evening peak hours.,0.6275470833333342,5.020376666666674
2009-08-18 08:00:00,1.45576666666667,0.5207222222222219,3.0145860468774495,179.56684092606505,Moderate,Consumption is 179.6% above the recent 24-hour baseline. High sub-metering activity indicates significant appliance/load usage.,Review active loads and consider shifting flexible electricity usage.,0.28051333333333445,2.2441066666666756
2009-08-18 21:00:00,3.8541,0.6398499999999997,9.016681706230507,502.3442994451828,High,Consumption is 502.3% above the recent 24-hour baseline. High sub-metering activity indicates significant appliance/load usage.,Reduce non-essential loads and shift flexible equipment usage. Consider shifting flexible loads away from evening peak hours.,0.964275,7.7142
2009-08-21 07:00:00,1.6922,0.5283319444444443,3.8704652938208786,220.29106280510734,Moderate,Consumption is 220.3% above the recent 24-hour baseline. High sub-metering activity indicates significant appliance/load usage.,Review active loads and consider shifting flexible electricity usage.,0.3491604166666667,2.7932833333333336
2009-08-21 19:00:00,1.99066666666667,0.5743652777777776,3.67201903478201,246.58548204177146,Moderate,Consumption is 246.6% above the recent 24-hour baseline. High sub-metering activity indicates significant appliance/load usage.,Review active loads and consider shifting flexible electricity usage. Consider shifting flexible loads away from evening peak hours.,0.4248904166666677,3.3991233333333417
2009-08-21 20:00:00,2.1803,0.6425305555555555,3.2132381547993485,239.33016588056773,Moderate,Consumption is 239.3% above the recent 24-hour baseline. High sub-metering activity indicates significant appliance/load usage.,Review active loads and consider shifting flexible electricity usage. Consider shifting flexible loads away from evening peak hours.,0.46133083333333325,3.690646666666666
2009-08-22 18:00:00,3.17776666666667,1.0553611111111114,3.719014507817294,201.10704603479613,Moderate,Consumption is 201.1% above the recent 24-hour baseline. The event occurred during a weekend. High sub-metering activity indicates significant appliance/load usage.,Review active loads and consider shifting flexible electricity usage. Consider shifting flexible loads away from evening peak hours.,0.6367216666666675,5.09377333333334
2009-08-26 21:00:00,2.8228,0.7456791666666658,3.4603534428031515,278.55422629258607,Moderate,Consumption is 278.6% above the recent 24-hour baseline. High sub-metering activity indicates significant appliance/load usage.,Review active loads and consider shifting flexible electricity usage. Consider shifting flexible loads away from evening peak hours.,0.6231362500000003,4.985090000000002
2009-08-28 08:00:00,1.82346666666667,0.5298819444444441,5.081899457944376,244.12696748489654,Moderate,Consumption is 244.1% above the recent 24-hour baseline. High sub-metering activity indicates significant appliance/load usage.,Review active loads and consider shifting flexible electricity usage.,0.38807541666666767,3.1046033333333414
2009-08-28 09:00:00,1.6743,0.5698055555555555,3.051665591822253,193.83707892555944,Moderate,Consumption is 193.8% above the recent 24-hour baseline. High sub-metering activity indicates significant appliance/load usage.,Review active loads and consider shifting flexible electricity usage.,0.3313483333333333,2.6507866666666664
2009-08-28 12:00:00,1.939,0.6365055555555554,3.133011261440717,204.63206221469662,Moderate,Consumption is 204.6% above the recent 24-hour baseline. High sub-metering activity indicates significant appliance/load usage.,Review active loads and consider shifting flexible electricity usage.,0.39074833333333336,3.125986666666667
2009-08-30 15:00:00,3.59143333333333,1.108165277777778,3.374117208234706,224.0882389434986,Moderate,Consumption is 224.1% above the recent 24-hour baseline. The event occurred during a weekend. High sub-metering activity indicates significant appliance/load usage.,Review active loads and consider shifting flexible electricity usage.,0.7449804166666656,5.959843333333325
2009-08-31 21:00:00,2.5673,0.8661347222222219,3.267649740898446,196.4088535110494,Moderate,Consumption is 196.4% above the recent 24-hour baseline. High sub-metering activity indicates significant appliance/load usage.,Review active loads and consider shifting flexible electricity usage. Consider shifting flexible loads away from evening peak hours.,0.5103495833333335,4.082796666666668
2009-09-06 20:00:00,2.4406,0.6773319444444441,3.9740886435363154,260.32554200611486,Moderate,Consumption is 260.3% above the recent 24-hour baseline. The event occurred during a weekend. High sub-metering activity indicates significant appliance/load usage.,Review active loads and consider shifting flexible electricity usage. Consider shifting flexible loads away from evening peak hours.,0.5289804166666667,4.231843333333334
2009-09-06 21:00:00,2.59486666666667,0.7593541666666663,3.228711760909536,241.72021180279356,Moderate,Consumption is 241.7% above the recent 24-hour baseline. The event occurred during a weekend. High sub-metering activity indicates significant appliance/load usage.,Review active loads and consider shifting flexible electricity usage. Consider shifting flexible loads away from evening peak hours.,0.550653750000001,4.405230000000008
2009-09-07 21:00:00,3.14966666666667,0.8030083333333339,3.0913284779183257,292.2333724224532,Moderate,Consumption is 292.2% above the recent 24-hour baseline. High sub-metering activity indicates significant appliance/load usage.,Review active loads and consider shifting flexible electricity usage. Consider shifting flexible loads away from evening peak hours.,0.7039975000000008,5.631980000000007
2009-09-12 19:00:00,3.06166666666667,1.0032680555555553,3.4646467367611424,205.1693562565675,Moderate,Consumption is 205.2% above the recent 24-hour baseline. The event occurred during a weekend. High sub-metering activity indicates significant appliance/load usage.,Review active loads and consider shifting flexible electricity usage. Consider shifting flexible loads away from evening peak hours.,0.6175195833333345,4.940156666666676
2009-09-12 21:00:00,4.30033333333333,1.0966875,4.40657553833471,292.1202104823234,Moderate,Consumption is 292.1% above the recent 24-hour baseline. The event occurred during a weekend. High sub-metering activity indicates significant appliance/load usage.,Review active loads and consider shifting flexible electricity usage. Consider shifting flexible loads away from evening peak hours.,0.961093749999999,7.688749999999992
2009-09-12 22:00:00,4.4504,1.2215875,3.3011424493270978,264.3128306404576,Moderate,Consumption is 264.3% above the recent 24-hour baseline. The event occurred during a weekend. High sub-metering activity indicates significant appliance/load usage.,Review active loads and consider shifting flexible electricity usage. Consider shifting flexible loads away from evening peak hours.,0.96864375,7.74915
2009-09-15 20:00:00,3.51663333333333,0.8609277777777776,3.9952990808172286,308.4701904276391,Moderate,Consumption is 308.5% above the recent 24-hour baseline. High sub-metering activity indicates significant appliance/load usage.,Review active loads and consider shifting flexible electricity usage. Consider shifting flexible loads away from evening peak hours.,0.7967116666666657,6.373693333333326
2009-09-18 20:00:00,3.30503333333333,0.8186444444444444,3.763968396147069,303.7202421346938,Moderate,Consumption is 303.7% above the recent 24-hour baseline. High sub-metering activity indicates significant appliance/load usage.,Review active loads and consider shifting flexible electricity usage. Consider shifting flexible loads away from evening peak hours.,0.7459166666666658,5.967333333333326
2009-09-24 20:00:00,3.6872,0.9090986111111116,3.664291482457779,305.5885637635568,Moderate,Consumption is 305.6% above the recent 24-hour baseline. High sub-metering activity indicates significant appliance/load usage.,Review active loads and consider shifting flexible electricity usage. Consider shifting flexible loads away from evening peak hours.,0.8334304166666664,6.667443333333331
2009-09-27 20:00:00,2.7971,0.6753680555555562,4.59917492614686,314.1593575519517,Moderate,Consumption is 314.2% above the recent 24-hour baseline. The event occurred during a weekend. High sub-metering activity indicates significant appliance/load usage.,Review active loads and consider shifting flexible electricity usage. Consider shifting flexible loads away from evening peak hours.,0.636519583333333,5.092156666666664
2009-09-27 21:00:00,2.7097,0.7669027777777785,3.073506616471897,253.3303149392394,Moderate,Consumption is 253.3% above the recent 24-hour baseline. The event occurred during a weekend. High sub-metering activity indicates significant appliance/load usage.,Review active loads and consider shifting flexible electricity usage. Consider shifting flexible loads away from evening peak hours.,0.5828391666666665,4.662713333333332
2009-10-03 15:00:00,2.81666666666667,0.8505208333333331,3.2794791137194688,231.16962645437894,Moderate,Consumption is 231.2% above the recent 24-hour baseline. The event occurred during a weekend. High sub-metering activity indicates significant appliance/load usage.,Review active loads and consider shifting flexible electricity usage.,0.5898437500000011,4.718750000000009
2009-10-04 20:00:00,3.42866666666667,0.9477388888888897,3.5072437890500816,261.7733435721278,Moderate,Consumption is 261.8% above the recent 24-hour baseline. The event occurred during a weekend. High sub-metering activity indicates significant appliance/load usage.,Review active loads and consider shifting flexible electricity usage. Consider shifting flexible loads away from evening peak hours.,0.744278333333334,5.954226666666672
2009-10-07 20:00:00,3.6453,1.1973402777777775,3.135354060751373,204.44979323384592,Moderate,Consumption is 204.4% above the recent 24-hour baseline. High sub-metering activity indicates significant appliance/load usage.,Review active loads and consider shifting flexible electricity usage. Consider shifting flexible loads away from evening peak hours.,0.7343879166666667,5.875103333333334
2009-10-10 14:00:00,2.63816666666667,0.888488888888889,3.175817776001416,196.9273673152922,Moderate,Consumption is 196.9% above the recent 24-hour baseline. The event occurred during a weekend. High sub-metering activity indicates significant appliance/load usage.,Review active loads and consider shifting flexible electricity usage.,0.5249033333333343,4.199226666666674
2009-10-14 07:00:00,3.38533333333333,1.0322861111111112,3.2056382169666477,227.94525634850334,Moderate,Consumption is 227.9% above the recent 24-hour baseline. High sub-metering activity indicates significant appliance/load usage.,Review active loads and consider shifting flexible electricity usage.,0.7059141666666655,5.647313333333324
2009-10-15 20:00:00,3.37746666666667,0.9866277777777773,3.589698522917615,242.3243033227666,Moderate,Consumption is 242.3% above the recent 24-hour baseline. High sub-metering activity indicates significant appliance/load usage.,Review active loads and consider shifting flexible electricity usage. Consider shifting flexible loads away from evening peak hours.,0.7172516666666678,5.738013333333343
2009-10-17 16:00:00,4.66316666666667,1.232873611111111,4.136889852861203,278.2355810555514,Moderate,Consumption is 278.2% above the recent 24-hour baseline. The event occurred during a weekend. High sub-metering activity indicates significant appliance/load usage.,Review active loads and consider shifting flexible electricity usage.,1.0290879166666678,8.232703333333342
2009-10-23 15:00:00,4.0253,0.7975416666666669,6.118809807390127,404.71344234888437,High,Consumption is 404.7% above the recent 24-hour baseline. High sub-metering activity indicates significant appliance/load usage.,Reduce non-essential loads and shift flexible equipment usage.,0.9683274999999998,7.746619999999998
2009-10-28 21:00:00,2.64506666666667,0.7583638888888887,3.8922872976062,248.78594635381037,Moderate,Consumption is 248.8% above the recent 24-hour baseline. High sub-metering activity indicates significant appliance/load usage.,Review active loads and consider shifting flexible electricity usage. Consider shifting flexible loads away from evening peak hours.,0.5660108333333342,4.528086666666674
2009-10-29 15:00:00,3.43806666666667,0.9124888888888892,3.9363815730396854,276.77901709609876,Moderate,Consumption is 276.8% above the recent 24-hour baseline. High sub-metering activity indicates significant appliance/load usage.,Review active loads and consider shifting flexible electricity usage.,0.7576733333333342,6.061386666666674
2009-10-31 12:00:00,3.68986666666667,0.9501013888888888,3.586446878056293,288.3655691717116,Moderate,Consumption is 288.4% above the recent 24-hour baseline. The event occurred during a weekend. High sub-metering activity indicates significant appliance/load usage.,Review active loads and consider shifting flexible electricity usage.,0.8219295833333344,6.5754366666666755
2009-11-03 19:00:00,4.12583333333333,1.2901666666666665,3.300478545596546,219.79072471256922,Moderate,Consumption is 219.8% above the recent 24-hour baseline. High sub-metering activity indicates significant appliance/load usage.,Review active loads and consider shifting flexible electricity usage. Consider shifting flexible loads away from evening peak hours.,0.850699999999999,6.805599999999992
2009-11-03 20:00:00,4.83083333333333,1.3798333333333332,3.3533824690335376,250.10266940451723,Moderate,Consumption is 250.1% above the recent 24-hour baseline. High sub-metering activity indicates significant appliance/load usage.,Review active loads and consider shifting flexible electricity usage. Consider shifting flexible loads away from evening peak hours.,1.035299999999999,8.282399999999992
2009-11-05 20:00:00,3.57276666666667,0.9513916666666665,3.8863436264567013,275.5305823924606,Moderate,Consumption is 275.5% above the recent 24-hour baseline. High sub-metering activity indicates significant appliance/load usage.,Review active loads and consider shifting flexible electricity usage. Consider shifting flexible loads away from evening peak hours.,0.7864125000000011,6.2913000000000086
2009-11-08 12:00:00,4.3383,1.1872194444444448,3.9105647095600466,265.4168587198378,Moderate,Consumption is 265.4% above the recent 24-hour baseline. The event occurred during a weekend. High sub-metering activity indicates significant appliance/load usage.,Review active loads and consider shifting flexible electricity usage.,0.9453241666666666,7.562593333333333
2009-11-11 17:00:00,4.53616666666667,1.058240277777778,5.032240097289515,328.6518630903244,Moderate,Consumption is 328.7% above the recent 24-hour baseline. High sub-metering activity indicates significant appliance/load usage.,Review active loads and consider shifting flexible electricity usage. Consider shifting flexible loads away from evening peak hours.,1.0433779166666675,8.34702333333334
2009-11-21 17:00:00,4.76863333333333,1.3362722222222223,3.8684424339906767,256.860919057577,Moderate,Consumption is 256.9% above the recent 24-hour baseline. The event occurred during a weekend. High sub-metering activity indicates significant appliance/load usage.,Review active loads and consider shifting flexible electricity usage. Consider shifting flexible loads away from evening peak hours.,1.0297083333333323,8.237666666666659
2009-11-22 20:00:00,5.11516666666667,1.6360874999999997,3.0926215333584017,212.64627757786005,Moderate,Consumption is 212.6% above the recent 24-hour baseline. The event occurred during a weekend. High sub-metering activity indicates significant appliance/load usage.,Review active loads and consider shifting flexible electricity usage. Consider shifting flexible loads away from evening peak hours.,1.043723750000001,8.349790000000008
2009-11-24 19:00:00,4.5056,1.3117097222222223,3.9431866540608818,243.49063086662767,Moderate,Consumption is 243.5% above the recent 24-hour baseline. High sub-metering activity indicates significant appliance/load usage.,Review active loads and consider shifting flexible electricity usage. Consider shifting flexible loads away from evening peak hours.,0.9581670833333334,7.665336666666668
2009-11-26 20:00:00,3.81416666666667,1.0122444444444443,4.2672418175672515,276.8029241948589,Moderate,Consumption is 276.8% above the recent 24-hour baseline. High sub-metering activity indicates significant appliance/load usage.,Review active loads and consider shifting flexible electricity usage. Consider shifting flexible loads away from evening peak hours.,0.8405766666666677,6.724613333333342
2009-11-28 17:00:00,3.282,0.9798388888888886,3.6936266034876026,234.95302515719715,Moderate,Consumption is 235.0% above the recent 24-hour baseline. The event occurred during a weekend. High sub-metering activity indicates significant appliance/load usage.,Review active loads and consider shifting flexible electricity usage. Consider shifting flexible loads away from evening peak hours.,0.6906483333333334,5.525186666666667
2009-12-12 17:00:00,4.24133333333333,1.116719444444444,4.281244496179568,279.8029446369449,Moderate,Consumption is 279.8% above the recent 24-hour baseline. The event occurred during a weekend. High sub-metering activity indicates significant appliance/load usage.,Review active loads and consider shifting flexible electricity usage. Consider shifting flexible loads away from evening peak hours.,0.9373841666666658,7.499073333333326
2009-12-19 07:00:00,3.36903333333333,1.5003222222222228,3.161122629101597,124.55398469958277,Moderate,Consumption is 124.6% above the recent 24-hour baseline. The event occurred during a weekend. High sub-metering activity indicates significant appliance/load usage.,Review active loads and consider shifting flexible electricity usage.,0.5606133333333322,4.4849066666666575
2009-12-21 12:00:00,1.86716666666667,0.6251513888888889,3.0108794385705715,198.6743211088875,Moderate,Consumption is 198.7% above the recent 24-hour baseline. High sub-metering activity indicates significant appliance/load usage.,Review active loads and consider shifting flexible electricity usage.,0.3726045833333343,2.9808366666666744
2009-12-21 19:00:00,3.3253,0.9367055555555561,3.8779832813274804,254.99949586909182,Moderate,Consumption is 255.0% above the recent 24-hour baseline. High sub-metering activity indicates significant appliance/load usage.,Review active loads and consider shifting flexible electricity usage. Consider shifting flexible loads away from evening peak hours.,0.7165783333333331,5.732626666666665
2009-12-21 20:00:00,4.21143333333333,1.0598611111111118,4.076730253820517,297.35709605556224,Moderate,Consumption is 297.4% above the recent 24-hour baseline. High sub-metering activity indicates significant appliance/load usage.,Review active loads and consider shifting flexible electricity usage. Consider shifting flexible loads away from evening peak hours.,0.9454716666666654,7.563773333333323
2009-12-24 15:00:00,3.50866666666667,0.8549236111111113,4.619515690098813,310.4070376658087,Moderate,Consumption is 310.4% above the recent 24-hour baseline. High sub-metering activity indicates significant appliance/load usage.,Review active loads and consider shifting flexible electricity usage.,0.7961229166666676,6.3689833333333405
2009-12-24 16:00:00,4.53326666666667,0.9904819444444447,4.568433494129126,357.68291810804806,Moderate,Consumption is 357.7% above the recent 24-hour baseline. High sub-metering activity indicates significant appliance/load usage.,Review active loads and consider shifting flexible electricity usage.,1.0628354166666674,8.502683333333339
2009-12-24 17:00:00,4.67096666666667,1.1649666666666671,3.3470265879303285,300.95281696185884,Moderate,Consumption is 301.0% above the recent 24-hour baseline. High sub-metering activity indicates significant appliance/load usage.,Review active loads and consider shifting flexible electricity usage. Consider shifting flexible loads away from evening peak hours.,1.0518000000000007,8.414400000000006
2010-01-02 17:00:00,2.3318,0.524997222222222,5.37814781406469,344.1547309774128,Moderate,Consumption is 344.2% above the recent 24-hour baseline. The event occurred during a weekend. High sub-metering activity indicates significant appliance/load usage.,Review active loads and consider shifting flexible electricity usage. Consider shifting flexible loads away from evening peak hours.,0.5420408333333334,4.336326666666667
2010-01-02 18:00:00,3.52515254237288,0.5737305555555553,6.092611555522332,514.426494848161,High,Consumption is 514.4% above the recent 24-hour baseline. The event occurred during a weekend. High sub-metering activity indicates significant appliance/load usage.,Reduce non-essential loads and shift flexible equipment usage. Consider shifting flexible loads away from evening peak hours.,0.8854265960451974,7.083412768361579
2010-01-09 14:00:00,3.41116666666667,1.1927708333333336,3.1085762794427647,185.98676051909968,Moderate,Consumption is 186.0% above the recent 24-hour baseline. The event occurred during a weekend. High sub-metering activity indicates significant appliance/load usage.,Review active loads and consider shifting flexible electricity usage.,0.6655187500000009,5.3241500000000075
2010-01-09 18:00:00,4.30086666666667,1.2684486111111113,3.5971097025416214,239.06510906257998,Moderate,Consumption is 239.1% above the recent 24-hour baseline. The event occurred during a weekend. High sub-metering activity indicates significant appliance/load usage.,Review active loads and consider shifting flexible electricity usage. Consider shifting flexible loads away from evening peak hours.,0.9097254166666677,7.277803333333342
2010-01-11 20:00:00,3.26706666666667,1.0199791666666667,3.257827451123391,220.3071958169084,Moderate,Consumption is 220.3% above the recent 24-hour baseline. High sub-metering activity indicates significant appliance/load usage.,Review active loads and consider shifting flexible electricity usage. Consider shifting flexible loads away from evening peak hours.,0.674126250000001,5.393010000000008
2010-01-15 20:00:00,5.3368,1.3333444444444453,5.3399757388611055,300.25666452779535,Moderate,Consumption is 300.3% above the recent 24-hour baseline. High sub-metering activity indicates significant appliance/load usage.,Review active loads and consider shifting flexible electricity usage. Consider shifting flexible loads away from evening peak hours.,1.2010366666666665,9.608293333333332
2010-01-19 19:00:00,4.45376666666667,1.523477777777778,3.5359128776228737,192.34208280761146,Moderate,Consumption is 192.3% above the recent 24-hour baseline. High sub-metering activity indicates significant appliance/load usage.,Review active loads and consider shifting flexible electricity usage. Consider shifting flexible loads away from evening peak hours.,0.8790866666666677,7.0326933333333415
2010-01-23 18:00:00,5.26553333333333,1.3826081214689268,4.814530257257438,280.84061937514593,Moderate,Consumption is 280.8% above the recent 24-hour baseline. The event occurred during a weekend. High sub-metering activity indicates significant appliance/load usage.,Review active loads and consider shifting flexible electricity usage. Consider shifting flexible loads away from evening peak hours.,1.164877563559321,9.319020508474567
2010-01-25 19:00:00,3.71333333333333,1.071830555555556,3.8867669349563636,246.44779569739157,Moderate,Consumption is 246.4% above the recent 24-hour baseline. High sub-metering activity indicates significant appliance/load usage.,Review active loads and consider shifting flexible electricity usage. Consider shifting flexible loads away from evening peak hours.,0.7924508333333321,6.339606666666657
2010-01-27 17:00:00,4.07983333333333,1.5005888888888892,4.483592136296883,171.88214997075193,Moderate,Consumption is 171.9% above the recent 24-hour baseline. High sub-metering activity indicates significant appliance/load usage.,Review active loads and consider shifting flexible electricity usage. Consider shifting flexible loads away from evening peak hours.,0.7737733333333321,6.190186666666657
2010-01-30 18:00:00,5.14216666666667,1.4065430555555558,3.2971508948225656,265.58899824332923,Moderate,Consumption is 265.6% above the recent 24-hour baseline. The event occurred during a weekend. High sub-metering activity indicates significant appliance/load usage.,Review active loads and consider shifting flexible electricity usage. Consider shifting flexible loads away from evening peak hours.,1.1206870833333342,8.965496666666674
2010-02-03 21:00:00,4.5192,1.874981944444445,3.1475376434894153,141.02632099420205,Moderate,Consumption is 141.0% above the recent 24-hour baseline. High sub-metering activity indicates significant appliance/load usage.,Review active loads and consider shifting flexible electricity usage. Consider shifting flexible loads away from evening peak hours.,0.7932654166666663,6.34612333333333
2010-02-13 12:00:00,3.92413333333333,1.228994444444445,3.850504634456042,219.2962629792193,Moderate,Consumption is 219.3% above the recent 24-hour baseline. The event occurred during a weekend. High sub-metering activity indicates significant appliance/load usage.,Review active loads and consider shifting flexible electricity usage.,0.8085416666666655,6.468333333333324
2010-02-15 19:00:00,3.50813333333333,1.1163378766478342,3.374936000603508,214.25372252598254,Moderate,Consumption is 214.3% above the recent 24-hour baseline. High sub-metering activity indicates significant appliance/load usage.,Review active loads and consider shifting flexible electricity usage. Consider shifting flexible loads away from evening peak hours.,0.7175386370056487,5.7403090960451895
2010-02-15 20:00:00,4.61963333333333,1.1627225988700562,4.199376024393337,297.311735217216,Moderate,Consumption is 297.3% above the recent 24-hour baseline. High sub-metering activity indicates significant appliance/load usage.,Review active loads and consider shifting flexible electricity usage. Consider shifting flexible loads away from evening peak hours.,1.037073220338982,8.296585762711857
2010-02-17 12:00:00,4.05993333333333,1.2366986111111116,4.021363225788571,228.28801592052278,Moderate,Consumption is 228.3% above the recent 24-hour baseline. High sub-metering activity indicates significant appliance/load usage.,Review active loads and consider shifting flexible electricity usage.,0.8469704166666655,6.775763333333324
2010-02-21 11:00:00,5.0908,1.171347222222222,4.555293135968535,334.6106691013435,Moderate,Consumption is 334.6% above the recent 24-hour baseline. The event occurred during a weekend. High sub-metering activity indicates significant appliance/load usage.,Review active loads and consider shifting flexible electricity usage.,1.1758358333333334,9.406686666666667
2010-03-01 11:00:00,2.39663333333333,0.41915138888888864,8.365548339112104,471.7822717196447,High,Consumption is 471.8% above the recent 24-hour baseline. High sub-metering activity indicates significant appliance/load usage.,Reduce non-essential loads and shift flexible equipment usage.,0.5932445833333323,4.745956666666658
2010-03-01 12:00:00,2.12276666666667,0.5067486111111107,3.467405373634121,318.8993556414954,Moderate,Consumption is 318.9% above the recent 24-hour baseline. High sub-metering activity indicates significant appliance/load usage.,Review active loads and consider shifting flexible electricity usage.,0.48480541666666777,3.878443333333342
2010-03-03 08:00:00,1.52173333333333,0.5460625000000003,3.016995220606724,178.67383922780436,Moderate,Consumption is 178.7% above the recent 24-hour baseline. High sub-metering activity indicates significant appliance/load usage.,Review active loads and consider shifting flexible electricity usage.,0.2927012499999989,2.3416099999999913
2010-03-04 16:00:00,1.2828,0.42464444444444444,3.7216322074017008,202.08802135119578,Moderate,Consumption is 202.1% above the recent 24-hour baseline. High sub-metering activity indicates significant appliance/load usage.,Review active loads and consider shifting flexible electricity usage.,0.25744666666666666,2.0595733333333333
2010-03-05 02:00:00,1.3871,0.4871972222222222,3.4844532015274083,184.7101618669145,Moderate,Consumption is 184.7% above the recent 24-hour baseline. High sub-metering activity indicates significant appliance/load usage.,Review active loads and consider shifting flexible electricity usage.,0.2699708333333333,2.1597666666666666
2010-03-05 12:00:00,1.4802,0.5392722222222222,3.643205392963312,174.48103926073208,Moderate,Consumption is 174.5% above the recent 24-hour baseline. High sub-metering activity indicates significant appliance/load usage.,Review active loads and consider shifting flexible electricity usage.,0.28227833333333335,2.258226666666667
2010-03-05 13:00:00,2.01093333333333,0.5848388888888888,4.4649197722551515,243.84398362321957,Moderate,Consumption is 243.8% above the recent 24-hour baseline. High sub-metering activity indicates significant appliance/load usage.,Review active loads and consider shifting flexible electricity usage.,0.42782833333333237,3.422626666666659
2010-03-05 14:00:00,2.05916666666667,0.6525472222222221,3.279768498402105,215.55826100282286,Moderate,Consumption is 215.6% above the recent 24-hour baseline. High sub-metering activity indicates significant appliance/load usage.,Review active loads and consider shifting flexible electricity usage.,0.4219858333333344,3.375886666666675
2010-03-07 17:00:00,2.43486666666667,0.5903888888888886,7.680713160810603,312.41742730780163,High,Consumption is 312.4% above the recent 24-hour baseline. The event occurred during a weekend. High sub-metering activity indicates significant appliance/load usage.,Reduce non-essential loads and shift flexible equipment usage. Consider shifting flexible loads away from evening peak hours.,0.5533433333333343,4.426746666666674
2010-03-07 18:00:00,2.57533333333333,0.6473944444444445,4.396120061046495,297.7997271112402,Moderate,Consumption is 297.8% above the recent 24-hour baseline. The event occurred during a weekend. High sub-metering activity indicates significant appliance/load usage.,Review active loads and consider shifting flexible electricity usage. Consider shifting flexible loads away from evening peak hours.,0.5783816666666656,4.627053333333325
2010-03-11 20:00:00,3.48573333333333,1.0547666666666666,3.902688987310025,230.4743545175865,Moderate,Consumption is 230.5% above the recent 24-hour baseline. High sub-metering activity indicates significant appliance/load usage.,Review active loads and consider shifting flexible electricity usage. Consider shifting flexible loads away from evening peak hours.,0.729289999999999,5.834319999999992
2010-03-11 21:00:00,3.94636666666667,1.1545041666666667,3.504928570129589,241.82351009271684,Moderate,Consumption is 241.8% above the recent 24-hour baseline. High sub-metering activity indicates significant appliance/load usage.,Review active loads and consider shifting flexible electricity usage. Consider shifting flexible loads away from evening peak hours.,0.8375587500000009,6.700470000000007
2010-03-14 21:00:00,2.99306666666667,1.0227680555555547,3.765056878795619,192.64373778675304,Moderate,Consumption is 192.6% above the recent 24-hour baseline. The event occurred during a weekend. High sub-metering activity indicates significant appliance/load usage.,Review active loads and consider shifting flexible electricity usage. Consider shifting flexible loads away from evening peak hours.,0.5910895833333346,4.728716666666677
2010-04-04 15:00:00,2.7866,1.0424680555555554,3.1901357037538984,167.30795108296687,Moderate,Consumption is 167.3% above the recent 24-hour baseline. The event occurred during a weekend. High sub-metering activity indicates significant appliance/load usage.,Review active loads and consider shifting flexible electricity usage.,0.5232395833333333,4.1859166666666665
2010-04-06 20:00:00,3.1991,1.0810597222222222,3.2087731258619194,195.92259652629943,Moderate,Consumption is 195.9% above the recent 24-hour baseline. High sub-metering activity indicates significant appliance/load usage.,Review active loads and consider shifting flexible electricity usage. Consider shifting flexible loads away from evening peak hours.,0.6354120833333333,5.083296666666667
2010-04-11 20:00:00,3.81613333333333,0.8194045197740117,5.290398879961075,365.72031777244814,Moderate,Consumption is 365.7% above the recent 24-hour baseline. The event occurred during a weekend. High sub-metering activity indicates significant appliance/load usage.,Review active loads and consider shifting flexible electricity usage. Consider shifting flexible loads away from evening peak hours.,0.8990186440677954,7.192149152542363
2010-04-11 21:00:00,3.88313333333333,0.9460892419962338,3.524353965039357,310.44049133673457,Moderate,Consumption is 310.4% above the recent 24-hour baseline. The event occurred during a weekend. High sub-metering activity indicates significant appliance/load usage.,Review active loads and consider shifting flexible electricity usage. Consider shifting flexible loads away from evening peak hours.,0.8811132274011289,7.048905819209031
2010-04-15 21:00:00,3.02816666666667,1.1997541666666671,3.1841134854891093,152.3989289472498,Moderate,Consumption is 152.4% above the recent 24-hour baseline. High sub-metering activity indicates significant appliance/load usage.,Review active loads and consider shifting flexible electricity usage. Consider shifting flexible loads away from evening peak hours.,0.5485237500000009,4.388190000000007
2010-04-17 10:00:00,3.58546666666667,1.0549583333333334,4.109393077940207,239.8680832576329,Moderate,Consumption is 239.9% above the recent 24-hour baseline. The event occurred during a weekend. High sub-metering activity indicates significant appliance/load usage.,Review active loads and consider shifting flexible electricity usage.,0.759152500000001,6.073220000000008
2010-04-24 15:00:00,1.24213333333333,0.4736027777777776,4.001156160091364,162.27323647923365,Moderate,Consumption is 162.3% above the recent 24-hour baseline. The event occurred during a weekend. High sub-metering activity indicates significant appliance/load usage.,Review active loads and consider shifting flexible electricity usage.,0.2305591666666657,1.8444733333333256
2010-04-24 17:00:00,1.68083333333333,0.5058236111111108,4.785588825349742,232.29633738155272,Moderate,Consumption is 232.3% above the recent 24-hour baseline. The event occurred during a weekend. High sub-metering activity indicates significant appliance/load usage.,Review active loads and consider shifting flexible electricity usage. Consider shifting flexible loads away from evening peak hours.,0.3525029166666657,2.8200233333333258
2010-04-24 18:00:00,2.4453,0.5589236111111107,5.516242304021428,337.5016462694916,Moderate,Consumption is 337.5% above the recent 24-hour baseline. The event occurred during a weekend. High sub-metering activity indicates significant appliance/load usage.,Review active loads and consider shifting flexible electricity usage. Consider shifting flexible loads away from evening peak hours.,0.5659129166666668,4.527303333333334
2010-04-24 19:00:00,2.47806666666667,0.6461791666666662,3.580019960699156,283.49528961910795,Moderate,Consumption is 283.5% above the recent 24-hour baseline. The event occurred during a weekend. High sub-metering activity indicates significant appliance/load usage.,Review active loads and consider shifting flexible electricity usage. Consider shifting flexible loads away from evening peak hours.,0.549566250000001,4.396530000000008
2010-04-24 21:00:00,3.14333333333333,0.7714819444444442,3.451480641697035,307.4409460868059,Moderate,Consumption is 307.4% above the recent 24-hour baseline. The event occurred during a weekend. High sub-metering activity indicates significant appliance/load usage.,Review active loads and consider shifting flexible electricity usage. Consider shifting flexible loads away from evening peak hours.,0.7115554166666658,5.692443333333326
2010-04-26 15:00:00,1.71136666666667,0.4635874999999999,6.395362365526153,269.15720692785516,High,Consumption is 269.2% above the recent 24-hour baseline. High sub-metering activity indicates significant appliance/load usage.,Reduce non-essential loads and shift flexible equipment usage.,0.3743337500000011,2.9946700000000086
2010-04-26 22:00:00,2.18433333333333,0.6789263888888889,3.398511002273306,221.73345580338187,Moderate,Consumption is 221.7% above the recent 24-hour baseline. High sub-metering activity indicates significant appliance/load usage.,Review active loads and consider shifting flexible electricity usage. Consider shifting flexible loads away from evening peak hours.,0.4516220833333323,3.6129766666666585
2010-04-28 20:00:00,1.82946666666667,0.545047222222222,3.787870537240514,235.65287411386447,Moderate,Consumption is 235.7% above the recent 24-hour baseline. High sub-metering activity indicates significant appliance/load usage.,Review active loads and consider shifting flexible electricity usage. Consider shifting flexible loads away from evening peak hours.,0.38532583333333437,3.082606666666675
2010-04-30 12:00:00,1.9986,0.5381013888888888,4.926195667532296,271.4169933898249,Moderate,Consumption is 271.4% above the recent 24-hour baseline. High sub-metering activity indicates significant appliance/load usage.,Review active loads and consider shifting flexible electricity usage.,0.4381495833333333,3.5051966666666665
2010-04-30 17:00:00,2.84363333333333,0.7229458333333332,4.744247404648753,293.33974998126837,Moderate,Consumption is 293.3% above the recent 24-hour baseline. High sub-metering activity indicates significant appliance/load usage.,Review active loads and consider shifting flexible electricity usage. Consider shifting flexible loads away from evening peak hours.,0.636206249999999,5.089649999999992
2010-05-01 11:00:00,2.6106,0.7369527777777775,3.0212870688112403,254.2425076233591,Moderate,Consumption is 254.2% above the recent 24-hour baseline. The event occurred during a weekend. High sub-metering activity indicates significant appliance/load usage.,Review active loads and consider shifting flexible electricity usage.,0.5620941666666667,4.496753333333333
2010-05-02 12:00:00,3.56306666666667,0.9906375,3.6385828417200137,259.674115573726,Moderate,Consumption is 259.7% above the recent 24-hour baseline. The event occurred during a weekend. High sub-metering activity indicates significant appliance/load usage.,Review active loads and consider shifting flexible electricity usage.,0.771728750000001,6.173830000000008
2010-05-10 21:00:00,2.9157,0.932040277777778,3.0724117127202284,212.82982822928784,Moderate,Consumption is 212.8% above the recent 24-hour baseline. High sub-metering activity indicates significant appliance/load usage.,Review active loads and consider shifting flexible electricity usage. Consider shifting flexible loads away from evening peak hours.,0.5950979166666667,4.760783333333333
2010-05-13 18:00:00,2.97923333333333,0.9708249999999996,3.257890178839956,206.87645387514033,Moderate,Consumption is 206.9% above the recent 24-hour baseline. High sub-metering activity indicates significant appliance/load usage.,Review active loads and consider shifting flexible electricity usage. Consider shifting flexible loads away from evening peak hours.,0.6025224999999991,4.820179999999993
2010-05-15 20:00:00,3.08416666666667,0.9157069444444444,3.5783623777186317,236.8071723577264,Moderate,Consumption is 236.8% above the recent 24-hour baseline. The event occurred during a weekend. High sub-metering activity indicates significant appliance/load usage.,Review active loads and consider shifting flexible electricity usage. Consider shifting flexible loads away from evening peak hours.,0.6505379166666676,5.204303333333341
2010-05-15 21:00:00,3.78956666666667,0.9759944444444445,3.8103396858607055,288.2774833645459,Moderate,Consumption is 288.3% above the recent 24-hour baseline. The event occurred during a weekend. High sub-metering activity indicates significant appliance/load usage.,Review active loads and consider shifting flexible electricity usage. Consider shifting flexible loads away from evening peak hours.,0.8440716666666677,6.752573333333341
2010-05-22 11:00:00,2.97773333333333,0.9732805555555556,3.3161284099046022,205.94809650066605,Moderate,Consumption is 205.9% above the recent 24-hour baseline. The event occurred during a weekend. High sub-metering activity indicates significant appliance/load usage.,Review active loads and consider shifting flexible electricity usage.,0.6013358333333323,4.810686666666658
2010-05-29 10:00:00,2.65686666666667,0.9524263888888886,3.6397134323824294,178.9576913934735,Moderate,Consumption is 179.0% above the recent 24-hour baseline. The event occurred during a weekend. High sub-metering activity indicates significant appliance/load usage.,Review active loads and consider shifting flexible electricity usage.,0.5113320833333344,4.090656666666675
2010-05-29 18:00:00,3.412,1.0863486111111111,3.603277744559684,214.07965777304452,Moderate,Consumption is 214.1% above the recent 24-hour baseline. The event occurred during a weekend. High sub-metering activity indicates significant appliance/load usage.,Review active loads and consider shifting flexible electricity usage. Consider shifting flexible loads away from evening peak hours.,0.6976954166666666,5.5815633333333325
2010-06-03 08:00:00,2.2531,0.6772708333333329,3.54556349675409,232.6734135162572,Moderate,Consumption is 232.7% above the recent 24-hour baseline. High sub-metering activity indicates significant appliance/load usage.,Review active loads and consider shifting flexible electricity usage.,0.47274875000000005,3.7819900000000004
2010-06-23 21:00:00,3.9411,0.9527236111111107,4.444741665069265,313.6666661807306,Moderate,Consumption is 313.7% above the recent 24-hour baseline. High sub-metering activity indicates significant appliance/load usage.,Review active loads and consider shifting flexible electricity usage. Consider shifting flexible loads away from evening peak hours.,0.8965129166666668,7.172103333333334
2010-06-27 22:00:00,2.06693333333333,0.7030291666666665,3.331269507980894,194.00392349772076,Moderate,Consumption is 194.0% above the recent 24-hour baseline. The event occurred during a weekend. High sub-metering activity indicates significant appliance/load usage.,Review active loads and consider shifting flexible electricity usage. Consider shifting flexible loads away from evening peak hours.,0.409171249999999,3.273369999999992
2010-07-01 00:00:00,3.32903333333333,0.961205555555555,4.831350860409069,246.33937705543372,Moderate,Consumption is 246.3% above the recent 24-hour baseline. High sub-metering activity indicates significant appliance/load usage.,Review active loads and consider shifting flexible electricity usage.,0.7103483333333326,5.682786666666661
2010-07-03 22:00:00,1.7139,0.6611097222222219,3.213298840163805,159.24592278555218,Moderate,Consumption is 159.2% above the recent 24-hour baseline. The event occurred during a weekend.,Review active loads and consider shifting flexible electricity usage. Consider shifting flexible loads away from evening peak hours.,0.3158370833333334,2.526696666666667
2010-07-03 23:00:00,1.88693333333333,0.715531944444444,3.0280427500477516,163.7105649837045,Moderate,Consumption is 163.7% above the recent 24-hour baseline. The event occurred during a weekend. High sub-metering activity indicates significant appliance/load usage.,Review active loads and consider shifting flexible electricity usage.,0.35142041666666574,2.811363333333326
2010-07-10 09:00:00,1.98833333333333,0.6737124999999997,4.150076882388426,195.1308359772649,Moderate,Consumption is 195.1% above the recent 24-hour baseline. The event occurred during a weekend. High sub-metering activity indicates significant appliance/load usage.,Review active loads and consider shifting flexible electricity usage.,0.39438624999999905,3.1550899999999924
2010-07-10 14:00:00,2.083,0.745633333333333,3.0075877896912497,179.35982833385503,Moderate,Consumption is 179.4% above the recent 24-hour baseline. The event occurred during a weekend. High sub-metering activity indicates significant appliance/load usage.,Review active loads and consider shifting flexible electricity usage.,0.4012100000000001,3.209680000000001
2010-07-11 19:00:00,1.94873333333333,0.6431722222222219,3.8956371760483437,202.9877948709086,Moderate,Consumption is 203.0% above the recent 24-hour baseline. The event occurred during a weekend. High sub-metering activity indicates significant appliance/load usage.,Review active loads and consider shifting flexible electricity usage. Consider shifting flexible loads away from evening peak hours.,0.39166833333333245,3.1333466666666596
2010-07-11 23:00:00,2.59476666666667,0.736034722222222,3.9533959030005934,252.53318740624087,Moderate,Consumption is 252.5% above the recent 24-hour baseline. The event occurred during a weekend. High sub-metering activity indicates significant appliance/load usage.,Review active loads and consider shifting flexible electricity usage.,0.5576195833333344,4.460956666666675
2010-07-14 21:00:00,2.28073333333333,0.8255513888888889,3.1170917497008253,176.26788156736953,Moderate,Consumption is 176.3% above the recent 24-hour baseline. High sub-metering activity indicates significant appliance/load usage.,Review active loads and consider shifting flexible electricity usage. Consider shifting flexible loads away from evening peak hours.,0.43655458333333225,3.492436666666658
2010-07-14 22:00:00,3.10886666666667,0.8324847222222221,4.668668499710496,273.444290769434,Moderate,Consumption is 273.4% above the recent 24-hour baseline. High sub-metering activity indicates significant appliance/load usage.,Review active loads and consider shifting flexible electricity usage. Consider shifting flexible loads away from evening peak hours.,0.6829145833333344,5.4633166666666755
2010-07-14 23:00:00,3.1291,0.8849597222222222,3.4827385931537522,253.58671377071462,Moderate,Consumption is 253.6% above the recent 24-hour baseline. High sub-metering activity indicates significant appliance/load usage.,Review active loads and consider shifting flexible electricity usage.,0.6732420833333334,5.385936666666667
2010-07-20 20:00:00,1.61816666666667,0.5487486111111111,3.659198962234903,194.8830546268157,Moderate,Consumption is 194.9% above the recent 24-hour baseline. High sub-metering activity indicates significant appliance/load usage.,Review active loads and consider shifting flexible electricity usage. Consider shifting flexible loads away from evening peak hours.,0.3208254166666677,2.5666033333333416
2010-07-21 22:00:00,1.6014,0.6229083333333333,3.2411017979614796,157.08437571071187,Moderate,Consumption is 157.1% above the recent 24-hour baseline. High sub-metering activity indicates significant appliance/load usage.,Review active loads and consider shifting flexible electricity usage. Consider shifting flexible loads away from evening peak hours.,0.29354749999999996,2.3483799999999997
2010-07-21 23:00:00,2.87813333333333,0.6590694444444444,6.133950972553466,336.69652076791726,High,Consumption is 336.7% above the recent 24-hour baseline. High sub-metering activity indicates significant appliance/load usage.,Reduce non-essential loads and shift flexible equipment usage.,0.6657191666666656,5.325753333333325
2010-07-22 00:00:00,2.67493333333333,0.7390041666666664,3.3478936025505592,261.9645807139109,Moderate,Consumption is 262.0% above the recent 24-hour baseline. High sub-metering activity indicates significant appliance/load usage.,Review active loads and consider shifting flexible electricity usage.,0.5807787499999991,4.646229999999993
2010-07-24 21:00:00,1.7543,0.6101694444444445,3.6946782339357416,187.51029996221445,Moderate,Consumption is 187.5% above the recent 24-hour baseline. The event occurred during a weekend.,Review active loads and consider shifting flexible electricity usage. Consider shifting flexible loads away from evening peak hours.,0.3432391666666666,2.7459133333333328
2010-07-25 23:00:00,2.83136666666667,0.7142083333333331,5.164150831300956,296.4342803803751,Moderate,Consumption is 296.4% above the recent 24-hour baseline. The event occurred during a weekend. High sub-metering activity indicates significant appliance/load usage.,Review active loads and consider shifting flexible electricity usage.,0.635147500000001,5.081180000000008
2010-07-29 19:00:00,1.09286666666667,0.38026388888888873,3.3273794398236487,187.39691004054302,Moderate,Consumption is 187.4% above the recent 24-hour baseline. High sub-metering activity indicates significant appliance/load usage.,Review active loads and consider shifting flexible electricity usage. Consider shifting flexible loads away from evening peak hours.,0.21378083333333436,1.710246666666675
2010-07-30 07:00:00,1.1503,0.38258055555555565,3.1445759937935214,200.6687044848942,Moderate,Consumption is 200.7% above the recent 24-hour baseline. High sub-metering activity indicates significant appliance/load usage.,Review active loads and consider shifting flexible electricity usage.,0.2303158333333333,1.8425266666666664
2010-07-30 17:00:00,1.20496666666667,0.38503750000000014,3.5288321531919005,212.94787304266976,Moderate,Consumption is 212.9% above the recent 24-hour baseline. High sub-metering activity indicates significant appliance/load usage.,Review active loads and consider shifting flexible electricity usage. Consider shifting flexible loads away from evening peak hours.,0.24597875000000097,1.9678300000000077
2010-08-03 04:00:00,0.923566666666667,0.3839819444444444,3.0466384535470015,140.523462113019,Moderate,Consumption is 140.5% above the recent 24-hour baseline. High sub-metering activity indicates significant appliance/load usage.,Review active loads and consider shifting flexible electricity usage.,0.16187541666666674,1.295003333333334
2010-08-03 16:00:00,1.3614,0.408038888888889,5.626893507855808,233.6446689449534,Moderate,Consumption is 233.6% above the recent 24-hour baseline. High sub-metering activity indicates significant appliance/load usage.,Review active loads and consider shifting flexible electricity usage.,0.28600833333333325,2.288066666666666
2010-08-04 04:00:00,1.15493333333333,0.4296166666666667,3.0508129082273943,168.82880086899092,Moderate,Consumption is 168.8% above the recent 24-hour baseline. High sub-metering activity indicates significant appliance/load usage.,Review active loads and consider shifting flexible electricity usage.,0.21759499999999898,1.7407599999999919
2010-08-06 03:00:00,1.2259,0.36876250000000005,4.390544524477081,232.43618860377606,Moderate,Consumption is 232.4% above the recent 24-hour baseline. High sub-metering activity indicates significant appliance/load usage.,Review active loads and consider shifting flexible electricity usage.,0.25714124999999993,2.0571299999999995
2010-08-08 02:00:00,1.18263333333333,0.36921111111111116,4.271048198017814,220.31358151012577,Moderate,Consumption is 220.3% above the recent 24-hour baseline. The event occurred during a weekend. High sub-metering activity indicates significant appliance/load usage.,Review active loads and consider shifting flexible electricity usage.,0.24402666666666567,1.9522133333333254
2010-08-09 13:00:00,1.09646666666667,0.37061805555555555,3.679177206642834,195.84815154865274,Moderate,Consumption is 195.8% above the recent 24-hour baseline. High sub-metering activity indicates significant appliance/load usage.,Review active loads and consider shifting flexible electricity usage.,0.21775458333333433,1.7420366666666747
2010-08-10 01:00:00,1.249,0.3745222222222224,4.301625135336625,233.4915596166967,Moderate,Consumption is 233.5% above the recent 24-hour baseline. High sub-metering activity indicates significant appliance/load usage.,Review active loads and consider shifting flexible electricity usage.,0.2623433333333333,2.0987466666666665
2010-08-10 13:00:00,1.15486666666667,0.37938611111111126,3.1140737600561224,204.40404454564836,Moderate,Consumption is 204.4% above the recent 24-hour baseline. High sub-metering activity indicates significant appliance/load usage.,Review active loads and consider shifting flexible electricity usage.,0.23264416666666765,1.8611533333333412
2010-08-13 00:00:00,1.02486666666667,0.36784583333333337,3.4892452811767,178.6130965191495,Moderate,Consumption is 178.6% above the recent 24-hour baseline. High sub-metering activity indicates significant appliance/load usage.,Review active loads and consider shifting flexible electricity usage.,0.19710625000000095,1.5768500000000076
2010-08-13 12:00:00,1.1694,0.3670458333333335,4.055663767262204,218.59781362454717,Moderate,Consumption is 218.6% above the recent 24-hour baseline. High sub-metering activity indicates significant appliance/load usage.,Review active loads and consider shifting flexible electricity usage.,0.24070624999999993,1.9256499999999994
2010-08-14 00:00:00,1.1578,0.3710375000000001,3.3655672084822315,212.04393086952118,Moderate,Consumption is 212.0% above the recent 24-hour baseline. The event occurred during a weekend. High sub-metering activity indicates significant appliance/load usage.,Review active loads and consider shifting flexible electricity usage.,0.23602874999999993,1.8882299999999994
2010-08-15 11:00:00,1.22656666666667,0.36204166666666676,4.453607972718225,238.7915755553006,Moderate,Consumption is 238.8% above the recent 24-hour baseline. The event occurred during a weekend. High sub-metering activity indicates significant appliance/load usage.,Review active loads and consider shifting flexible electricity usage.,0.2593575000000009,2.0748600000000073
2010-08-15 16:00:00,1.8561,0.3979222222222225,5.386165801373246,366.44793789964507,Moderate,Consumption is 366.4% above the recent 24-hour baseline. The event occurred during a weekend. High sub-metering activity indicates significant appliance/load usage.,Review active loads and consider shifting flexible electricity usage.,0.43745333333333325,3.499626666666666
2010-08-15 17:00:00,1.9023,0.4653472222222224,3.593698882601847,308.79152365318595,Moderate,Consumption is 308.8% above the recent 24-hour baseline. The event occurred during a weekend. High sub-metering activity indicates significant appliance/load usage.,Review active loads and consider shifting flexible electricity usage. Consider shifting flexible loads away from evening peak hours.,0.43108583333333333,3.4486866666666667
2010-08-15 18:00:00,2.1767,0.5326347222222224,3.3313390252028605,308.66656062498515,Moderate,Consumption is 308.7% above the recent 24-hour baseline. The event occurred during a weekend. High sub-metering activity indicates significant appliance/load usage.,Review active loads and consider shifting flexible electricity usage. Consider shifting flexible loads away from evening peak hours.,0.49321958333333327,3.945756666666666
2010-08-24 08:00:00,1.42223333333333,0.5146486111111112,3.1893141687457303,176.35036850925724,Moderate,Consumption is 176.4% above the recent 24-hour baseline. High sub-metering activity indicates significant appliance/load usage.,Review active loads and consider shifting flexible electricity usage.,0.2722754166666656,2.178203333333325
2010-08-25 08:00:00,1.83913333333333,0.5102624999999997,4.335043820403237,260.4288642283787,Moderate,Consumption is 260.4% above the recent 24-hour baseline. High sub-metering activity indicates significant appliance/load usage.,Review active loads and consider shifting flexible electricity usage.,0.398661249999999,3.189289999999992
2010-08-27 09:00:00,1.6963,0.5247541666666667,4.153220224901642,223.25612786939905,Moderate,Consumption is 223.3% above the recent 24-hour baseline. High sub-metering activity indicates significant appliance/load usage.,Review active loads and consider shifting flexible electricity usage.,0.3514637499999999,2.8117099999999993
2010-08-27 12:00:00,2.14253333333333,0.6661236111111113,3.281595604460834,221.64200421593367,Moderate,Consumption is 221.6% above the recent 24-hour baseline. High sub-metering activity indicates significant appliance/load usage.,Review active loads and consider shifting flexible electricity usage.,0.4429229166666656,3.543383333333325
2010-08-27 14:00:00,2.99656666666667,0.7931722222222223,3.847098275754896,277.7952105119391,Moderate,Consumption is 277.8% above the recent 24-hour baseline. High sub-metering activity indicates significant appliance/load usage.,Review active loads and consider shifting flexible electricity usage.,0.6610183333333343,5.288146666666674
2010-08-29 21:00:00,3.2345,0.9282694444444446,3.2110757195209545,248.44408801323846,Moderate,Consumption is 248.4% above the recent 24-hour baseline. The event occurred during a weekend. High sub-metering activity indicates significant appliance/load usage.,Review active loads and consider shifting flexible electricity usage. Consider shifting flexible loads away from evening peak hours.,0.6918691666666666,5.534953333333333
2010-09-07 19:00:00,2.76093333333333,0.8068666666666667,3.9608157391148677,242.17962488639137,Moderate,Consumption is 242.2% above the recent 24-hour baseline. High sub-metering activity indicates significant appliance/load usage.,Review active loads and consider shifting flexible electricity usage. Consider shifting flexible loads away from evening peak hours.,0.586219999999999,4.689759999999992
2010-09-16 20:00:00,2.9843,0.8523958333333335,3.8840996367016554,250.10729561285586,Moderate,Consumption is 250.1% above the recent 24-hour baseline. High sub-metering activity indicates significant appliance/load usage.,Review active loads and consider shifting flexible electricity usage. Consider shifting flexible loads away from evening peak hours.,0.63957125,5.11657
2010-09-19 20:00:00,2.34356666666667,0.6529513888888888,3.2968520856388714,258.91901090135656,Moderate,Consumption is 258.9% above the recent 24-hour baseline. The event occurred during a weekend. High sub-metering activity indicates significant appliance/load usage.,Review active loads and consider shifting flexible electricity usage. Consider shifting flexible loads away from evening peak hours.,0.5071845833333343,4.057476666666674
2010-10-01 12:00:00,2.44936666666667,0.7696208333333335,3.075003803682424,218.2562842092159,Moderate,Consumption is 218.3% above the recent 24-hour baseline. High sub-metering activity indicates significant appliance/load usage.,Review active loads and consider shifting flexible electricity usage.,0.5039237500000008,4.031390000000006
2010-10-02 20:00:00,3.9403,1.0649388888888895,4.394151307578455,270.0024518882145,Moderate,Consumption is 270.0% above the recent 24-hour baseline. The event occurred during a weekend. High sub-metering activity indicates significant appliance/load usage.,Review active loads and consider shifting flexible electricity usage. Consider shifting flexible loads away from evening peak hours.,0.8626083333333331,6.900866666666665
2010-10-07 12:00:00,2.74033333333333,0.887161111111111,3.233584845178178,208.88790085729104,Moderate,Consumption is 208.9% above the recent 24-hour baseline. High sub-metering activity indicates significant appliance/load usage.,Review active loads and consider shifting flexible electricity usage.,0.5559516666666657,4.447613333333326
2010-10-10 19:00:00,3.4918,1.123204166666667,3.893205023577623,210.87847638267002,Moderate,Consumption is 210.9% above the recent 24-hour baseline. The event occurred during a weekend. High sub-metering activity indicates significant appliance/load usage.,Review active loads and consider shifting flexible electricity usage. Consider shifting flexible loads away from evening peak hours.,0.7105787499999999,5.684629999999999
2010-10-10 21:00:00,3.90126666666667,1.2551361111111115,3.0367846214040837,210.82419126743685,Moderate,Consumption is 210.8% above the recent 24-hour baseline. The event occurred during a weekend. High sub-metering activity indicates significant appliance/load usage.,Review active loads and consider shifting flexible electricity usage. Consider shifting flexible loads away from evening peak hours.,0.7938391666666674,6.350713333333339
2010-10-14 19:00:00,4.11776666666667,1.3097638888888892,3.2156268341306515,214.3899981973004,Moderate,Consumption is 214.4% above the recent 24-hour baseline. High sub-metering activity indicates significant appliance/load usage.,Review active loads and consider shifting flexible electricity usage. Consider shifting flexible loads away from evening peak hours.,0.8424008333333343,6.739206666666674
2010-10-17 16:00:00,1.19143333333333,0.4149374999999998,4.466687650294806,187.13561279309067,Moderate,Consumption is 187.1% above the recent 24-hour baseline. The event occurred during a weekend. High sub-metering activity indicates significant appliance/load usage.,Review active loads and consider shifting flexible electricity usage.,0.23294874999999907,1.8635899999999925
2010-10-17 19:00:00,2.0301,0.4641749999999997,6.709518721347295,337.35660042010045,High,Consumption is 337.4% above the recent 24-hour baseline. The event occurred during a weekend. High sub-metering activity indicates significant appliance/load usage.,Reduce non-essential loads and shift flexible equipment usage. Consider shifting flexible loads away from evening peak hours.,0.46977750000000007,3.7582200000000006
2010-10-17 20:00:00,2.45403333333333,0.533220833333333,4.867136401038531,360.22832941323526,Moderate,Consumption is 360.2% above the recent 24-hour baseline. The event occurred during a weekend. High sub-metering activity indicates significant appliance/load usage.,Review active loads and consider shifting flexible electricity usage. Consider shifting flexible loads away from evening peak hours.,0.5762437499999992,4.609949999999993
2010-10-18 09:00:00,3.65706666666667,0.8973902777777775,3.5143701963718144,307.5224300092402,Moderate,Consumption is 307.5% above the recent 24-hour baseline. High sub-metering activity indicates significant appliance/load usage.,Review active loads and consider shifting flexible electricity usage.,0.8279029166666677,6.623223333333342
2010-10-26 11:00:00,3.0101,0.6606333333333335,6.699723798805529,355.6385286845955,High,Consumption is 355.6% above the recent 24-hour baseline. High sub-metering activity indicates significant appliance/load usage.,Reduce non-essential loads and shift flexible equipment usage.,0.7048399999999999,5.638719999999999
2010-10-28 15:00:00,2.2539,0.7359430555555555,3.2940487574567383,206.26010843985134,Moderate,Consumption is 206.3% above the recent 24-hour baseline. High sub-metering activity indicates significant appliance/load usage.,Review active loads and consider shifting flexible electricity usage.,0.4553870833333333,3.643096666666666
2010-10-30 11:00:00,3.13323333333333,0.8764458333333338,5.119495848595135,257.49309474344716,Moderate,Consumption is 257.5% above the recent 24-hour baseline. The event occurred during a weekend. High sub-metering activity indicates significant appliance/load usage.,Review active loads and consider shifting flexible electricity usage.,0.6770362499999988,5.41628999999999
2010-11-02 23:00:00,2.28646666666667,0.7932722222222218,3.1843252209656163,188.23228680080456,Moderate,Consumption is 188.2% above the recent 24-hour baseline. High sub-metering activity indicates significant appliance/load usage.,Review active loads and consider shifting flexible electricity usage.,0.44795833333333446,3.5836666666666757
2010-11-03 21:00:00,3.14316666666667,0.9257402777777782,3.6848364868921966,239.53007578019415,Moderate,Consumption is 239.5% above the recent 24-hour baseline. High sub-metering activity indicates significant appliance/load usage.,Review active loads and consider shifting flexible electricity usage. Consider shifting flexible loads away from evening peak hours.,0.6652279166666676,5.321823333333341
2010-11-04 08:00:00,4.4189,0.9354944444444447,4.626290726324126,372.35983348080913,Moderate,Consumption is 372.4% above the recent 24-hour baseline. High sub-metering activity indicates significant appliance/load usage.,Review active loads and consider shifting flexible electricity usage.,1.0450216666666665,8.360173333333332
2010-11-14 15:00:00,4.15656666666667,1.3881888888888894,3.570353849260688,199.42370954961316,Moderate,Consumption is 199.4% above the recent 24-hour baseline. The event occurred during a weekend. High sub-metering activity indicates significant appliance/load usage.,Review active loads and consider shifting flexible electricity usage.,0.8305133333333342,6.644106666666674
2010-11-20 18:00:00,5.62683333333333,1.1846319444444444,6.234264221517797,374.9857843798177,High,Consumption is 375.0% above the recent 24-hour baseline. The event occurred during a weekend. High sub-metering activity indicates significant appliance/load usage.,Reduce non-essential loads and shift flexible equipment usage. Consider shifting flexible loads away from evening peak hours.,1.3326604166666658,10.661283333333326
2010-11-22 08:00:00,2.59023333333333,0.6200694444444445,3.8020948713078204,317.7327808265198,Moderate,Consumption is 317.7% above the recent 24-hour baseline. High sub-metering activity indicates significant appliance/load usage.,Review active loads and consider shifting flexible electricity usage.,0.5910491666666656,4.728393333333325
2010-11-22 10:00:00,3.10536666666667,0.6743402777777777,3.77436030919638,360.5044024509557,Moderate,Consumption is 360.5% above the recent 24-hour baseline. High sub-metering activity indicates significant appliance/load usage.,Review active loads and consider shifting flexible electricity usage.,0.7293079166666677,5.834463333333342
