datetime,Global_active_power,Global_reactive_power,Voltage,Global_intensity,Sub_metering_1,Sub_metering_2,Sub_metering_3,hour,day_of_week,is_weekend,date,previous_hour_power,previous_day_power,rolling_mean,rolling_std,z_score,anomaly,deviation_percent,explanation,severity
2006-12-19 08:00:00,3.87903333333333,0.122433333333333,236.146333333333,16.54,9.35,26.1833333333333,17.1,8,1,0,2006-12-19,1.78563333333333,2.08213333333333,1.5086777777777771,0.7844253438437669,3.0217732944993343,True,157.1147656888665,High consumption anomaly detected at 2006-12-19 08:00. consumption was 157% above the recent 24-hour baseline. consumption increased 117% compared with the previous hour. consumption was 86% higher than the same hour on the previous day. sub-metering activity was 52.63.,Moderate
2006-12-22 19:00:00,3.93816666666667,0.2473,237.406,16.54,0.0,0.0,17.2666666666667,19,4,0,2006-12-22,2.68696666666667,2.19713333333333,1.1534416666666671,0.8165130251955617,3.4105089742236974,True,241.4274670731797,High consumption anomaly detected at 2006-12-22 19:00. consumption was 241% above the recent 24-hour baseline. consumption was 79% higher than the same hour on the previous day. sub-metering activity was 17.27.,Moderate
2006-12-22 21:00:00,4.54866666666667,0.065933333333333,235.136166666667,19.4533333333333,9.18333333333334,0.0,16.75,21,4,0,2006-12-22,3.53606666666667,0.982266666666667,1.2717638888888896,1.0568983934599525,3.1004898844156936,True,257.66597136522995,High consumption anomaly detected at 2006-12-22 21:00. consumption was 258% above the recent 24-hour baseline. consumption was 363% higher than the same hour on the previous day. sub-metering activity was 25.93.,Moderate
2006-12-25 16:00:00,3.87283333333333,0.4538,241.694666666667,16.3,27.4166666666667,0.233333333333333,0.0,16,0,0,2006-12-25,1.74033333333333,2.00713333333333,1.236561111111111,0.8706861874249661,3.0278098588182867,True,213.19384853154557,High consumption anomaly detected at 2006-12-25 16:00. consumption was 213% above the recent 24-hour baseline. consumption increased 123% compared with the previous hour. consumption was 93% higher than the same hour on the previous day. sub-metering activity was 27.65.,Moderate
2006-12-26 22:00:00,0.8636,0.102466666666667,244.592333333333,3.76333333333333,0.0,0.6,0.0,22,1,0,2006-12-26,2.6584,4.21486666666667,2.947658333333333,0.5789227440678351,-3.5998902352489615,True,-70.70216753977027,High consumption anomaly detected at 2006-12-26 22:00. sub-metering activity was 0.60.,Moderate
2006-12-26 23:00:00,0.7682,0.0795,246.520333333333,3.33333333333333,0.0,0.0,0.0,23,1,0,2006-12-26,0.8636,2.59223333333333,2.8080222222222218,0.6586550801118622,-3.0969505645895725,True,-72.64266664556311,High consumption anomaly detected at 2006-12-26 23:00. consumption significantly differed from recent historical behavior.,Moderate
2006-12-28 21:00:00,5.03533333333333,0.1657,237.2945,21.4066666666667,10.6666666666667,29.5666666666667,15.25,21,3,0,2006-12-28,2.11676666666667,1.32973333333333,1.1220763888888883,0.8746019812197685,4.474328927298789,True,348.7513847715359,High consumption anomaly detected at 2006-12-28 21:00. consumption was 349% above the recent 24-hour baseline. consumption increased 138% compared with the previous hour. consumption was 279% higher than the same hour on the previous day. sub-metering activity was 55.48.,Moderate
2007-01-01 14:00:00,1.2944,0.241233333333333,240.656666666667,5.61,0.0,0.233333333333333,9.05,14,0,0,2007-01-01,2.1624,3.0813,2.594518055555555,0.23803899935803763,-5.461785921894379,True,-50.110194946288985,High consumption anomaly detected at 2007-01-01 14:00. sub-metering activity was 9.28.,Moderate
2007-01-01 16:00:00,1.3901,0.110633333333333,239.3875,5.74666666666667,0.0,0.0,17.55,16,0,0,2007-01-01,1.90916666666667,2.838,2.495934722222222,0.3600578636373142,-3.0712694649994594,True,-44.30543444812759,High consumption anomaly detected at 2007-01-01 16:00. sub-metering activity was 17.55.,Moderate
2007-01-01 19:00:00,0.7323,0.127166666666667,237.758,3.08666666666667,0.0,0.466666666666667,4.71666666666667,19,0,0,2007-01-01,1.4619,2.43426666666667,2.349490277777777,0.4807793929485487,-3.3636846784546837,True,-68.83153733699922,High consumption anomaly detected at 2007-01-01 19:00. sub-metering activity was 5.18.,Moderate
2007-01-01 20:00:00,0.4123,0.071133333333333,237.826833333333,1.71666666666667,0.0,0.116666666666667,0.0,20,0,0,2007-01-01,0.7323,2.42493333333333,2.278574999999999,0.5824925783151819,-3.2039464011680048,True,-81.9053575151136,High consumption anomaly detected at 2007-01-01 20:00. sub-metering activity was 0.12.,Moderate
2007-01-02 17:00:00,2.1362,0.2619,238.177666666667,9.12,0.0,0.066666666666667,8.41666666666667,17,1,0,2007-01-02,1.45906666666667,1.63206666666667,0.6636027777777782,0.4076683792392661,3.612242933754582,True,221.90944214452233,High consumption anomaly detected at 2007-01-02 17:00. consumption was 222% above the recent 24-hour baseline. sub-metering activity was 8.48.,Moderate
2007-01-02 20:00:00,2.57353333333333,0.370266666666667,238.4945,10.8566666666667,0.0,0.583333333333333,17.4166666666667,20,1,0,2007-01-02,1.5183,0.4123,0.7386152777777782,0.5404753651966648,3.395007753753722,True,248.42676705471698,High consumption anomaly detected at 2007-01-02 20:00. consumption was 248% above the recent 24-hour baseline. consumption increased 70% compared with the previous hour. consumption was 524% higher than the same hour on the previous day. sub-metering activity was 18.00.,Moderate
2007-01-04 00:00:00,3.37506666666667,0.0809,239.734,14.09,8.48333333333333,9.53333333333333,0.0,0,3,0,2007-01-04,1.6686,1.12543333333333,0.7042041666666664,0.4416504666772026,6.047457665095387,True,379.2738848227024,High consumption anomaly detected at 2007-01-04 00:00. consumption was 379% above the recent 24-hour baseline. consumption increased 102% compared with the previous hour. consumption was 200% higher than the same hour on the previous day. sub-metering activity was 18.02.,High
2007-01-04 01:00:00,2.89673333333333,0.1213,238.346333333333,12.1033333333333,9.03333333333333,0.333333333333333,0.0,1,3,0,2007-01-04,3.37506666666667,0.9007,0.797938888888889,0.6988024484765254,3.0034159854763947,True,263.0269653064488,High consumption anomaly detected at 2007-01-04 01:00. consumption was 263% above the recent 24-hour baseline. consumption was 222% higher than the same hour on the previous day. sub-metering activity was 9.37.,Moderate
2007-01-07 13:00:00,3.33193333333333,0.2084,236.6805,14.2366666666667,8.21666666666667,23.8833333333333,15.8166666666667,13,6,1,2007-01-07,0.551566666666667,1.89043333333333,0.7809638888888882,0.49791654384006556,5.123287177346395,True,326.64371307536624,High consumption anomaly detected at 2007-01-07 13:00. consumption was 327% above the recent 24-hour baseline. consumption increased 504% compared with the previous hour. consumption was 76% higher than the same hour on the previous day. the event occurred during a weekend period. sub-metering activity was 47.92.,Moderate
2007-01-07 15:00:00,3.77076666666667,0.246233333333333,241.253,15.84,0.0,32.95,17.8166666666667,15,6,1,2007-01-07,2.5331,1.1487,0.8757569444444436,0.751496927361477,3.8523240971678647,True,330.572282707817,High consumption anomaly detected at 2007-01-07 15:00. consumption was 331% above the recent 24-hour baseline. consumption was 228% higher than the same hour on the previous day. the event occurred during a weekend period. sub-metering activity was 50.77.,Moderate
2007-01-07 18:00:00,5.21153333333333,0.380966666666667,231.595666666667,22.62,0.0,31.8833333333333,16.45,18,6,1,2007-01-07,2.40473333333333,0.855533333333333,1.1060624999999995,1.0285924406759488,3.991348439849882,True,371.17891921417936,High consumption anomaly detected at 2007-01-07 18:00. consumption was 371% above the recent 24-hour baseline. consumption increased 117% compared with the previous hour. consumption was 509% higher than the same hour on the previous day. the event occurred during a weekend period. sub-metering activity was 48.33.,Moderate
2007-01-20 13:00:00,4.25103333333333,0.341,237.207166666667,18.0866666666667,10.9,29.0333333333333,17.25,13,5,1,2007-01-20,1.84313333333333,0.3826,1.4221833333333327,0.651560895007811,4.341650982547202,True,198.90895454172565,High consumption anomaly detected at 2007-01-20 13:00. consumption was 199% above the recent 24-hour baseline. consumption increased 131% compared with the previous hour. consumption was 1011% higher than the same hour on the previous day. the event occurred during a weekend period. sub-metering activity was 57.18.,Moderate
2007-01-20 18:00:00,4.31236666666667,0.1445,230.625833333333,18.73,0.0,9.33333333333333,16.3333333333333,18,5,1,2007-01-20,2.7952,0.734866666666667,1.8416374999999992,0.7832747389317154,3.1543582907274956,True,134.15936451482293,High consumption anomaly detected at 2007-01-20 18:00. consumption was 134% above the recent 24-hour baseline. consumption increased 54% compared with the previous hour. consumption was 487% higher than the same hour on the previous day. the event occurred during a weekend period. sub-metering activity was 25.67.,Moderate
2007-01-20 19:00:00,5.34303333333333,0.274966666666667,231.12,23.1833333333333,0.0,21.7166666666667,16.3833333333333,19,5,1,2007-01-20,4.31236666666667,0.960766666666667,1.9906999999999992,0.895817191334176,3.742206965620483,True,168.39972538972881,High consumption anomaly detected at 2007-01-20 19:00. consumption was 168% above the recent 24-hour baseline. consumption was 456% higher than the same hour on the previous day. the event occurred during a weekend period. sub-metering activity was 38.10.,Moderate
2007-01-21 19:00:00,5.33043333333333,0.256866666666667,229.005666666667,23.39,7.93333333333333,28.1333333333333,16.1,19,6,1,2007-01-21,3.64893333333333,5.34303333333333,2.0955097222222214,1.0482853631788376,3.0859188964553255,True,154.37406836178144,High consumption anomaly detected at 2007-01-21 19:00. consumption was 154% above the recent 24-hour baseline. the event occurred during a weekend period. sub-metering activity was 52.17.,Moderate
2007-01-21 20:00:00,6.07656666666667,0.257466666666667,231.344,26.3233333333333,29.7166666666667,15.6833333333333,16.4333333333333,20,6,1,2007-01-21,5.33043333333333,3.71293333333333,2.0949847222222213,1.046590015885227,3.804337786536924,True,190.0530300870667,High consumption anomaly detected at 2007-01-21 20:00. consumption was 190% above the recent 24-hour baseline. consumption was 64% higher than the same hour on the previous day. the event occurred during a weekend period. sub-metering activity was 61.83.,Moderate
2007-01-28 12:00:00,4.19583333333333,0.3106,234.553833333333,18.0233333333333,18.9833333333333,18.5,16.8833333333333,12,6,1,2007-01-28,2.15656666666667,1.40276666666667,1.8366805555555556,0.6542848189001118,3.6056969528096925,True,128.44654834733535,High consumption anomaly detected at 2007-01-28 12:00. consumption was 128% above the recent 24-hour baseline. consumption increased 95% compared with the previous hour. consumption was 199% higher than the same hour on the previous day. the event occurred during a weekend period. sub-metering activity was 54.37.,Moderate
2007-02-02 23:00:00,3.4555,0.078533333333333,239.734,14.3633333333333,0.0,0.133333333333333,17.6166666666667,23,4,0,2007-02-02,2.3489,1.37843333333333,1.0716055555555555,0.7130267809855217,3.3433448897242055,True,222.46006770733428,High consumption anomaly detected at 2007-02-02 23:00. consumption was 222% above the recent 24-hour baseline. consumption was 151% higher than the same hour on the previous day. sub-metering activity was 17.75.,Moderate
2007-02-03 18:00:00,5.02113333333333,0.308966666666667,232.620666666667,21.6666666666667,12.7,11.0333333333333,16.6,18,5,1,2007-02-03,2.4434,2.2891,2.289475,0.83633639900143,3.2662195936884713,True,119.31374368941918,High consumption anomaly detected at 2007-02-03 18:00. consumption was 119% above the recent 24-hour baseline. consumption increased 105% compared with the previous hour. consumption was 119% higher than the same hour on the previous day. the event occurred during a weekend period. sub-metering activity was 40.33.,Moderate
2007-02-03 19:00:00,5.81466666666667,0.575266666666667,231.5205,25.3333333333333,17.2333333333333,22.8,16.45,19,5,1,2007-02-03,5.02113333333333,2.1169,2.403309722222222,1.0051714977321289,3.3938058850068495,True,141.94412450885164,High consumption anomaly detected at 2007-02-03 19:00. consumption was 142% above the recent 24-hour baseline. consumption was 175% higher than the same hour on the previous day. the event occurred during a weekend period. sub-metering activity was 56.48.,Moderate
2007-02-06 21:00:00,2.77906666666667,0.140933333333333,238.686666666667,11.65,0.0,0.666666666666667,17.4833333333333,21,1,0,2007-02-06,1.8967,2.33503333333333,0.8775486111111109,0.5586343721407716,3.403868702651886,True,216.68521053756166,High consumption anomaly detected at 2007-02-06 21:00. consumption was 217% above the recent 24-hour baseline. sub-metering activity was 18.15.,Moderate
2007-02-09 22:00:00,3.83576666666667,0.117133333333333,239.556333333333,16.1133333333333,0.0,29.75,16.7333333333333,22,4,0,2007-02-09,2.25103333333333,2.0262,1.0570652777777776,0.7172756459805556,3.8739658936701433,True,262.86942228680863,High consumption anomaly detected at 2007-02-09 22:00. consumption was 263% above the recent 24-hour baseline. consumption increased 70% compared with the previous hour. consumption was 89% higher than the same hour on the previous day. sub-metering activity was 46.48.,Moderate
2007-02-10 19:00:00,4.71146666666667,0.2711,233.6155,20.19,19.8666666666667,0.0,16.75,19,5,1,2007-02-10,3.51596666666667,1.57256666666667,1.6094236111111115,1.0184761266369387,3.0457690410463196,True,192.7424845851475,High consumption anomaly detected at 2007-02-10 19:00. consumption was 193% above the recent 24-hour baseline. consumption was 200% higher than the same hour on the previous day. the event occurred during a weekend period. sub-metering activity was 36.62.,Moderate
2007-02-13 21:00:00,3.5453,0.134933333333333,237.174333333333,15.0333333333333,0.0,30.5333333333333,9.21666666666667,21,1,0,2007-02-13,1.43993333333333,2.35413333333333,0.9231763888888885,0.6933949117358527,3.78157319405021,True,284.03278535611514,High consumption anomaly detected at 2007-02-13 21:00. consumption was 284% above the recent 24-hour baseline. consumption increased 146% compared with the previous hour. consumption was 51% higher than the same hour on the previous day. sub-metering activity was 39.75.,Moderate
2007-02-15 19:00:00,4.1108,0.331133333333333,235.850833333333,17.5,0.0,18.2666666666667,17.0666666666667,19,3,0,2007-02-15,1.77753333333333,2.32973333333333,1.1576555555555557,0.8259666154408796,3.575379911533268,True,255.09698720594307,High consumption anomaly detected at 2007-02-15 19:00. consumption was 255% above the recent 24-hour baseline. consumption increased 131% compared with the previous hour. consumption was 76% higher than the same hour on the previous day. sub-metering activity was 35.33.,Moderate
2007-02-17 22:00:00,3.84826666666667,0.065666666666667,235.764833333333,16.24,0.0,0.0,0.0,22,5,1,2007-02-17,2.75056666666667,2.03663333333333,1.278169444444444,0.8481536449837304,3.030225994338003,True,201.07640918761894,High consumption anomaly detected at 2007-02-17 22:00. consumption was 201% above the recent 24-hour baseline. consumption was 89% higher than the same hour on the previous day. the event occurred during a weekend period.,Moderate
2007-02-22 21:00:00,6.36386666666667,0.086766666666667,230.443166666667,27.7033333333333,11.4833333333333,32.7333333333333,16.3166666666667,21,3,0,2007-02-22,3.46083333333333,2.11313333333333,2.120634722222222,1.127948431063261,3.7619024306320132,True,200.09254304758093,High consumption anomaly detected at 2007-02-22 21:00. consumption was 200% above the recent 24-hour baseline. consumption increased 84% compared with the previous hour. consumption was 201% higher than the same hour on the previous day. sub-metering activity was 60.53.,Moderate
2007-02-25 14:00:00,1.2028,0.1111,241.541,4.96,0.0,0.4,14.9666666666667,14,6,1,2007-02-25,0.2706,0.264366666666667,0.33503055555555555,0.14125483324353166,6.14329028266494,True,259.01203041181986,High consumption anomaly detected at 2007-02-25 14:00. consumption was 259% above the recent 24-hour baseline. consumption increased 344% compared with the previous hour. consumption was 355% higher than the same hour on the previous day. the event occurred during a weekend period. sub-metering activity was 15.37.,High
2007-02-27 09:00:00,1.11213333333333,0.047,240.789166666667,4.53666666666667,0.0,0.083333333333333,14.2166666666667,9,1,0,2007-02-27,0.284333333333333,0.276633333333333,0.35687222222222226,0.18997090386589202,3.9756673034744128,True,211.63348226100126,High consumption anomaly detected at 2007-02-27 09:00. consumption was 212% above the recent 24-hour baseline. consumption increased 291% compared with the previous hour. consumption was 302% higher than the same hour on the previous day. sub-metering activity was 14.30.,Moderate
2007-02-27 20:00:00,1.2159,0.064933333333333,242.014833333333,4.96333333333333,0.0,0.0,15.6666666666667,20,1,0,2007-02-27,0.3107,0.281033333333333,0.35932916666666653,0.21401615278615174,4.00236534570936,True,238.38054708426597,High consumption anomaly detected at 2007-02-27 20:00. consumption was 238% above the recent 24-hour baseline. consumption increased 291% compared with the previous hour. consumption was 333% higher than the same hour on the previous day. sub-metering activity was 15.67.,Moderate
2007-02-28 07:00:00,1.2055,0.093566666666667,241.494166666667,4.95666666666667,0.0,0.566666666666667,15.1666666666667,7,2,0,2007-02-28,0.3468,0.2797,0.3643083333333332,0.24826930684200677,3.3882225610835697,True,230.90102248553208,High consumption anomaly detected at 2007-02-28 07:00. consumption was 231% above the recent 24-hour baseline. consumption increased 248% compared with the previous hour. consumption was 331% higher than the same hour on the previous day. sub-metering activity was 15.73.,Moderate
2007-02-28 18:00:00,1.25003333333333,0.044166666666667,239.780666666667,5.14,0.0,0.033333333333333,16.45,18,2,0,2007-02-28,0.3037,0.2679,0.3617916666666667,0.26255918187241367,3.3830150609560086,True,245.51191984337115,High consumption anomaly detected at 2007-02-28 18:00. consumption was 246% above the recent 24-hour baseline. consumption increased 312% compared with the previous hour. consumption was 367% higher than the same hour on the previous day. sub-metering activity was 16.48.,Moderate
2007-03-01 05:00:00,1.169,0.059733333333333,240.687833333333,4.80666666666667,0.0,0.0,14.8833333333333,5,3,0,2007-03-01,0.2723,0.2979,0.36156527777777764,0.2679120981158398,3.0138046318203364,True,223.31644431810776,High consumption anomaly detected at 2007-03-01 05:00. consumption was 223% above the recent 24-hour baseline. consumption increased 329% compared with the previous hour. consumption was 292% higher than the same hour on the previous day. sub-metering activity was 14.88.,Moderate
2007-03-01 16:00:00,1.24373333333333,0.089733333333333,239.9635,5.13,0.0,0.566666666666667,15.8333333333333,16,3,0,2007-03-01,0.275733333333333,0.268633333333333,0.35964305555555537,0.2631082568619022,3.3601768653038038,True,245.8243706143816,High consumption anomaly detected at 2007-03-01 16:00. consumption was 246% above the recent 24-hour baseline. consumption increased 351% compared with the previous hour. consumption was 363% higher than the same hour on the previous day. sub-metering activity was 16.40.,Moderate
2007-03-03 19:00:00,1.53856666666667,0.166666666666667,235.742333333333,6.51666666666667,0.0,0.283333333333333,0.0,19,5,1,2007-03-03,0.370866666666667,0.256633333333333,0.3708777777777778,0.19198090602186585,6.0823178361076025,True,314.84466281194847,High consumption anomaly detected at 2007-03-03 19:00. consumption was 315% above the recent 24-hour baseline. consumption increased 315% compared with the previous hour. consumption was 500% higher than the same hour on the previous day. the event occurred during a weekend period. sub-metering activity was 0.28.,High
2007-03-03 20:00:00,1.81356666666667,0.106133333333333,237.487,7.60333333333333,0.0,0.0,14.6666666666667,20,5,1,2007-03-03,1.53856666666667,0.291433333333333,0.4242916666666668,0.3042936134928964,4.5655739667123685,True,327.4339585583823,High consumption anomaly detected at 2007-03-03 20:00. consumption was 327% above the recent 24-hour baseline. consumption was 522% higher than the same hour on the previous day. the event occurred during a weekend period. sub-metering activity was 14.67.,Moderate
2007-03-04 16:00:00,3.3447,0.214066666666667,239.9355,14.0333333333333,0.0,27.0333333333333,17.6333333333333,16,6,1,2007-03-04,1.90346666666667,0.315833333333333,0.6364430555555559,0.548970369876937,4.933339016186895,True,425.5301272916531,High consumption anomaly detected at 2007-03-04 16:00. consumption was 426% above the recent 24-hour baseline. consumption increased 76% compared with the previous hour. consumption was 959% higher than the same hour on the previous day. the event occurred during a weekend period. sub-metering activity was 44.67.,Moderate
2007-03-04 17:00:00,4.08716666666667,0.350166666666667,237.925333333333,17.3133333333333,14.75,15.9,17.35,17,6,1,2007-03-04,3.3447,0.278033333333333,0.7626458333333336,0.7740657324453378,4.294881809107993,True,435.9193596853064,High consumption anomaly detected at 2007-03-04 17:00. consumption was 436% above the recent 24-hour baseline. consumption was 1370% higher than the same hour on the previous day. the event occurred during a weekend period. sub-metering activity was 48.00.,Moderate
2007-03-04 18:00:00,4.10613333333333,0.1875,235.6795,17.52,0.066666666666667,22.7,17.0166666666667,18,6,1,2007-03-04,4.08716666666667,0.370866666666667,0.9213597222222227,1.0213826002221873,3.1181005143599516,True,345.6601731438583,High consumption anomaly detected at 2007-03-04 18:00. consumption was 346% above the recent 24-hour baseline. consumption was 1007% higher than the same hour on the previous day. the event occurred during a weekend period. sub-metering activity was 39.78.,Moderate
2007-03-04 19:00:00,5.43213333333333,0.239566666666667,234.2915,23.3133333333333,9.75,28.0333333333333,16.85,19,6,1,2007-03-04,4.10613333333333,1.53856666666667,1.0769958333333336,1.2023982111975478,3.6220425641372396,True,404.3783053942482,High consumption anomaly detected at 2007-03-04 19:00. consumption was 404% above the recent 24-hour baseline. consumption was 253% higher than the same hour on the previous day. the event occurred during a weekend period. sub-metering activity was 54.63.,Moderate
2007-03-07 19:00:00,4.85256666666667,0.214366666666667,234.191666666667,20.74,0.0,32.0,16.8333333333333,19,2,0,2007-03-07,2.5424,1.91386666666667,1.286301388888889,0.7761318631103756,4.594921877689504,True,277.2495861843336,High consumption anomaly detected at 2007-03-07 19:00. consumption was 277% above the recent 24-hour baseline. consumption increased 91% compared with the previous hour. consumption was 154% higher than the same hour on the previous day. sub-metering activity was 48.83.,Moderate
2007-03-10 10:00:00,3.11226666666667,0.219666666666667,236.498166666667,13.25,24.1,2.53333333333333,17.15,10,5,1,2007-03-10,2.14686666666667,1.8763,0.8042444444444445,0.574886813868665,4.014741974495003,True,286.98018844464127,High consumption anomaly detected at 2007-03-10 10:00. consumption was 287% above the recent 24-hour baseline. consumption was 66% higher than the same hour on the previous day. the event occurred during a weekend period. sub-metering activity was 43.78.,Moderate
2007-03-11 19:00:00,4.6315,0.318533333333333,236.060166666667,19.7266666666667,23.5333333333333,0.55,17.0833333333333,19,6,1,2007-03-11,2.83936666666667,3.1012,2.4381750000000006,0.6845732221240194,3.2039304622444753,True,89.95765275257102,High consumption anomaly detected at 2007-03-11 19:00. consumption was 90% above the recent baseline. consumption increased 63% compared with the previous hour. the event occurred during a weekend period. sub-metering activity was 41.17.,Moderate
2007-03-14 19:00:00,3.70646666666667,0.216866666666667,232.855333333333,15.93,14.5,0.0,0.0,19,2,0,2007-03-14,0.6135,3.45516666666667,1.121129166666667,0.796183783757314,3.2471617140949505,True,230.60121677921464,High consumption anomaly detected at 2007-03-14 19:00. consumption was 231% above the recent 24-hour baseline. consumption increased 504% compared with the previous hour. sub-metering activity was 14.50.,Moderate
2007-03-17 20:00:00,4.12983333333333,0.071,235.052333333333,17.53,0.0,0.0,10.8666666666667,20,5,1,2007-03-17,2.48376666666667,1.7387,1.2978250000000011,0.7225992860754236,3.919196140802344,True,218.21188013278575,High consumption anomaly detected at 2007-03-17 20:00. consumption was 218% above the recent 24-hour baseline. consumption increased 66% compared with the previous hour. consumption was 138% higher than the same hour on the previous day. the event occurred during a weekend period. sub-metering activity was 10.87.,Moderate
2007-03-19 20:00:00,4.10206666666667,0.207466666666667,236.823333333333,17.3433333333333,5.51666666666667,13.0333333333333,17.2,20,0,0,2007-03-19,3.40656666666667,3.21763333333333,1.3779388888888888,0.8763856723123987,3.1083664005939284,True,197.69583395490068,High consumption anomaly detected at 2007-03-19 20:00. consumption was 198% above the recent 24-hour baseline. sub-metering activity was 35.75.,Moderate
2007-03-20 21:00:00,5.2927,0.2014,234.850666666667,22.55,9.1,19.2333333333333,16.9166666666667,21,1,0,2007-03-20,2.29276666666667,3.95396666666667,1.3259763888888887,1.0543830246886585,3.7621277261006902,True,299.1549204307518,High consumption anomaly detected at 2007-03-20 21:00. consumption was 299% above the recent 24-hour baseline. consumption increased 131% compared with the previous hour. sub-metering activity was 45.25.,Moderate
2007-03-24 19:00:00,5.01586666666667,0.212,231.42,21.6966666666667,0.783333333333333,23.75,16.4333333333333,19,5,1,2007-03-24,3.0232,1.60933333333333,1.5361541666666667,0.9539644982614547,3.6476331208777464,True,226.5210468784331,High consumption anomaly detected at 2007-03-24 19:00. consumption was 227% above the recent 24-hour baseline. consumption increased 66% compared with the previous hour. consumption was 212% higher than the same hour on the previous day. the event occurred during a weekend period. sub-metering activity was 40.97.,Moderate
2007-03-27 20:00:00,2.87466666666667,0.1065,234.118833333333,12.4333333333333,0.0,12.6166666666667,7.98333333333333,20,1,0,2007-03-27,1.5816,2.16573333333333,0.699822222222222,0.5637659379725194,3.8577081337440786,True,310.7709894576406,High consumption anomaly detected at 2007-03-27 20:00. consumption was 311% above the recent 24-hour baseline. consumption increased 82% compared with the previous hour. sub-metering activity was 20.60.,Moderate
2007-03-27 21:00:00,2.90333333333333,0.162066666666667,236.257333333333,12.42,0.0,21.75,4.73333333333333,21,1,0,2007-03-27,2.87466666666667,1.7705,0.729361111111111,0.6550887302563345,3.3185920041267534,True,298.0652778306734,High consumption anomaly detected at 2007-03-27 21:00. consumption was 298% above the recent 24-hour baseline. consumption was 64% higher than the same hour on the previous day. sub-metering activity was 26.48.,Moderate
2007-03-31 10:00:00,5.16106666666667,0.519833333333333,234.162333333333,22.2433333333333,25.0833333333333,26.3,16.8166666666667,10,5,1,2007-03-31,2.032,1.48016666666667,1.4124736111111107,0.8861391212013978,4.23025342846092,True,265.392077138118,High consumption anomaly detected at 2007-03-31 10:00. consumption was 265% above the recent 24-hour baseline. consumption increased 154% compared with the previous hour. consumption was 249% higher than the same hour on the previous day. the event occurred during a weekend period. sub-metering activity was 68.20.,Moderate
2007-04-03 19:00:00,4.56563333333333,0.234533333333333,234.3915,19.68,23.65,8.95,10.65,19,1,0,2007-04-03,1.47963333333333,2.41886666666667,1.1618125,1.0688585526107408,3.1845381458747055,True,292.9750569333116,High consumption anomaly detected at 2007-04-03 19:00. consumption was 293% above the recent 24-hour baseline. consumption increased 209% compared with the previous hour. consumption was 89% higher than the same hour on the previous day. sub-metering activity was 43.25.,Moderate
2007-04-05 21:00:00,4.75263333333333,0.1814,236.01,20.21,6.36666666666667,29.8833333333333,17.0833333333333,21,3,0,2007-04-05,4.05553333333333,3.79586666666667,1.2267083333333333,1.1677552315434507,3.0194041565882737,True,287.42977480384474,High consumption anomaly detected at 2007-04-05 21:00. consumption was 287% above the recent 24-hour baseline. sub-metering activity was 53.33.,Moderate
2007-04-07 21:00:00,3.29703333333333,0.136166666666667,235.452,14.01,0.0,0.933333333333333,12.8333333333333,21,5,1,2007-04-07,0.344133333333333,2.33476666666667,0.9128263888888891,0.7699511200357856,3.096569226801863,True,261.1895288595399,High consumption anomaly detected at 2007-04-07 21:00. consumption was 261% above the recent 24-hour baseline. consumption increased 858% compared with the previous hour. the event occurred during a weekend period. sub-metering activity was 13.77.,Moderate
2007-04-09 15:00:00,1.18196666666667,0.1682,240.017333333333,5.02666666666667,13.7,0.683333333333333,0.0,15,0,0,2007-04-09,0.306033333333333,0.719933333333333,0.3702527777777777,0.19810355095292465,4.097422206640707,True,219.23235627311763,High consumption anomaly detected at 2007-04-09 15:00. consumption was 219% above the recent 24-hour baseline. consumption increased 286% compared with the previous hour. consumption was 64% higher than the same hour on the previous day. sub-metering activity was 14.38.,Moderate
2007-04-09 17:00:00,1.43626666666667,0.1848,239.741333333333,6.00333333333333,0.0,0.516666666666667,17.6333333333333,17,0,0,2007-04-09,1.10093333333333,0.296266666666667,0.4244277777777777,0.2867464271693039,3.528688740353412,True,238.4007225414619,High consumption anomaly detected at 2007-04-09 17:00. consumption was 238% above the recent 24-hour baseline. consumption was 385% higher than the same hour on the previous day. sub-metering activity was 18.15.,Moderate
2007-04-09 19:00:00,2.41473333333333,0.0913,238.076,10.18,0.0,0.0,0.0,19,0,0,2007-04-09,0.989866666666667,0.259533333333333,0.49953333333333344,0.3655518172723374,5.239202513861847,True,383.39783798211585,High consumption anomaly detected at 2007-04-09 19:00. consumption was 383% above the recent 24-hour baseline. consumption increased 144% compared with the previous hour. consumption was 830% higher than the same hour on the previous day.,Moderate
2007-04-10 23:00:00,1.8182,0.183766666666667,241.751,7.55666666666667,0.0,1.43333333333333,17.9,23,1,0,2007-04-10,1.18266666666667,0.307266666666667,0.4768805555555556,0.2997033236621972,4.475490722139197,True,281.2694769829389,High consumption anomaly detected at 2007-04-10 23:00. consumption was 281% above the recent 24-hour baseline. consumption increased 54% compared with the previous hour. consumption was 492% higher than the same hour on the previous day. sub-metering activity was 19.33.,Moderate
2007-04-12 21:00:00,1.01553333333333,0.1443,240.707,4.27666666666667,0.0,0.733333333333333,11.4166666666667,21,3,0,2007-04-12,0.289666666666667,0.326333333333333,0.36150416666666674,0.18414421000536482,3.5517226778273887,True,180.91884602528688,High consumption anomaly detected at 2007-04-12 21:00. consumption was 181% above the recent 24-hour baseline. consumption increased 251% compared with the previous hour. consumption was 211% higher than the same hour on the previous day. sub-metering activity was 12.15.,Moderate
2007-04-13 22:00:00,1.06216666666667,0.044533333333333,239.83,4.37333333333333,0.0,0.0,13.3166666666667,22,4,0,2007-04-13,0.540633333333333,0.5554,0.35990972222222223,0.14931729225411425,4.703118666586307,True,195.1203040886034,High consumption anomaly detected at 2007-04-13 22:00. consumption was 195% above the recent 24-hour baseline. consumption increased 96% compared with the previous hour. consumption was 91% higher than the same hour on the previous day. sub-metering activity was 13.32.,Moderate
2007-04-14 10:00:00,0.944466666666667,0.070166666666667,237.457333333333,3.97,0.0,0.0,10.9833333333333,10,5,1,2007-04-14,0.2918,0.7739,0.3625708333333335,0.18391335082016508,3.163967328844578,True,160.49162807267544,High consumption anomaly detected at 2007-04-14 10:00. consumption was 160% above the recent 24-hour baseline. consumption increased 224% compared with the previous hour. the event occurred during a weekend period. sub-metering activity was 10.98.,Moderate
2007-04-14 23:00:00,1.15523333333333,0.165366666666667,241.171666666667,4.82666666666667,0.0,0.95,13.4833333333333,23,5,1,2007-04-14,0.475166666666667,0.325033333333333,0.3503166666666668,0.14983966729046547,5.371853002758778,True,229.768304867024,High consumption anomaly detected at 2007-04-14 23:00. consumption was 230% above the recent 24-hour baseline. consumption increased 143% compared with the previous hour. consumption was 255% higher than the same hour on the previous day. the event occurred during a weekend period. sub-metering activity was 14.43.,Moderate
2007-04-15 15:00:00,1.68906666666667,0.246066666666667,237.439666666667,7.27333333333333,0.0,0.416666666666667,10.1333333333333,15,6,1,2007-04-15,0.606833333333333,0.293033333333333,0.3977902777777776,0.22170964811125654,5.824177702185133,True,324.6123550586759,High consumption anomaly detected at 2007-04-15 15:00. consumption was 325% above the recent 24-hour baseline. consumption increased 178% compared with the previous hour. consumption was 476% higher than the same hour on the previous day. the event occurred during a weekend period. sub-metering activity was 10.55.,Moderate
2007-04-15 22:00:00,1.78783333333333,0.142266666666667,240.975833333333,7.44,0.0,6.66666666666667,8.23333333333333,22,6,1,2007-04-15,0.330733333333333,0.475166666666667,0.4650194444444444,0.35606516622753437,3.7150892992536515,True,284.4642099792714,High consumption anomaly detected at 2007-04-15 22:00. consumption was 284% above the recent 24-hour baseline. consumption increased 441% compared with the previous hour. consumption was 276% higher than the same hour on the previous day. the event occurred during a weekend period. sub-metering activity was 14.90.,Moderate
2007-04-16 21:00:00,2.90346666666667,0.136133333333333,237.834333333333,12.26,7.33333333333333,8.08333333333333,13.6333333333333,21,0,0,2007-04-16,1.3047,0.330733333333333,0.5453624999999999,0.4582738004353466,5.145622910204644,True,432.3920633829188,High consumption anomaly detected at 2007-04-16 21:00. consumption was 432% above the recent 24-hour baseline. consumption increased 123% compared with the previous hour. consumption was 778% higher than the same hour on the previous day. sub-metering activity was 29.05.,Moderate
2007-04-20 21:00:00,2.88426666666667,0.0931,237.6745,12.1866666666667,8.6,0.05,12.8,21,4,0,2007-04-20,0.798,1.01043333333333,0.4490291666666664,0.377537655838571,6.450316842146394,True,542.333924114062,High consumption anomaly detected at 2007-04-20 21:00. consumption was 542% above the recent 24-hour baseline. consumption increased 261% compared with the previous hour. consumption was 185% higher than the same hour on the previous day. sub-metering activity was 21.45.,High
2007-04-25 22:00:00,2.80053333333333,0.165766666666667,234.511833333333,12.04,0.0,5.2,16.85,22,2,0,2007-04-25,2.24296666666667,1.35853333333333,0.8014624999999999,0.6646674995497569,3.007625368605344,True,249.42786884393598,High consumption anomaly detected at 2007-04-25 22:00. consumption was 249% above the recent 24-hour baseline. consumption was 106% higher than the same hour on the previous day. sub-metering activity was 22.05.,Moderate
2007-04-27 21:00:00,3.10333333333333,0.145466666666667,232.330333333333,13.3366666666667,12.95,0.883333333333333,16.5333333333333,21,4,0,2007-04-27,1.28253333333333,1.0579,0.6271305555555556,0.453976781090975,5.454470098288031,True,394.8464567452279,High consumption anomaly detected at 2007-04-27 21:00. consumption was 395% above the recent 24-hour baseline. consumption increased 142% compared with the previous hour. consumption was 193% higher than the same hour on the previous day. sub-metering activity was 30.37.,Moderate
2007-05-01 21:00:00,3.45216666666667,0.094466666666667,229.258333333333,15.2366666666667,8.43333333333334,0.516666666666667,16.1333333333333,21,1,0,2007-05-01,2.46726666666667,1.9446,1.0256347222222217,0.7466565965598834,3.249863398548084,True,236.58831861570863,High consumption anomaly detected at 2007-05-01 21:00. consumption was 237% above the recent 24-hour baseline. consumption was 78% higher than the same hour on the previous day. sub-metering activity was 25.08.,Moderate
2007-05-04 20:00:00,3.15606666666667,0.345633333333333,230.672833333333,13.8333333333333,20.9833333333333,0.0,7.13333333333333,20,4,0,2007-05-04,1.12596666666667,1.29746666666667,0.635165277777778,0.6080892122032618,4.145611101626068,True,396.8890424408349,High consumption anomaly detected at 2007-05-04 20:00. consumption was 397% above the recent 24-hour baseline. consumption increased 180% compared with the previous hour. consumption was 143% higher than the same hour on the previous day. sub-metering activity was 28.12.,Moderate
2007-05-05 14:00:00,3.23503333333333,0.142633333333333,233.453333333333,13.99,11.25,23.0666666666667,12.95,14,5,1,2007-05-05,0.4637,0.3387,0.8010500000000005,0.772083053215649,3.152489001275227,True,303.8491147036175,High consumption anomaly detected at 2007-05-05 14:00. consumption was 304% above the recent 24-hour baseline. consumption increased 598% compared with the previous hour. consumption was 855% higher than the same hour on the previous day. the event occurred during a weekend period. sub-metering activity was 47.27.,Moderate
2007-05-08 12:00:00,4.71913333333333,0.4909,230.766166666667,20.7133333333333,25.7166666666667,23.2333333333333,16.35,12,1,0,2007-05-08,1.88526666666667,1.50326666666667,0.9235875000000004,0.608947455814731,6.232961148109475,True,410.95682145257786,High consumption anomaly detected at 2007-05-08 12:00. consumption was 411% above the recent 24-hour baseline. consumption increased 150% compared with the previous hour. consumption was 214% higher than the same hour on the previous day. sub-metering activity was 65.30.,High
2007-05-11 21:00:00,2.17513333333333,0.116333333333333,233.803833333333,9.35333333333333,9.65,0.416666666666667,12.5333333333333,21,4,0,2007-05-11,0.476866666666667,1.808,0.6047291666666667,0.4632054388507498,3.390297338828671,True,259.68718779067717,High consumption anomaly detected at 2007-05-11 21:00. consumption was 260% above the recent 24-hour baseline. consumption increased 356% compared with the previous hour. sub-metering activity was 22.60.,Moderate
2007-05-12 14:00:00,2.61086666666667,0.086266666666667,232.173833333333,11.2833333333333,7.8,7.98333333333333,16.55,14,5,1,2007-05-12,0.996333333333333,0.426933333333333,0.7201180555555556,0.5180540219512055,3.6497132171463003,True,262.5609226882171,High consumption anomaly detected at 2007-05-12 14:00. consumption was 263% above the recent 24-hour baseline. consumption increased 162% compared with the previous hour. consumption was 512% higher than the same hour on the previous day. the event occurred during a weekend period. sub-metering activity was 32.33.,Moderate
2007-05-14 18:00:00,2.8374,0.3827,232.680333333333,12.4866666666667,22.85,6.46666666666667,9.63333333333333,18,0,0,2007-05-14,0.694566666666667,1.12616666666667,0.7684097222222223,0.5914443684848781,3.498199303305527,True,269.2561296328095,High consumption anomaly detected at 2007-05-14 18:00. consumption was 269% above the recent 24-hour baseline. consumption increased 309% compared with the previous hour. consumption was 152% higher than the same hour on the previous day. sub-metering activity was 38.95.,Moderate
2007-05-14 21:00:00,3.56123333333333,0.094066666666667,233.798833333333,15.3266666666667,4.4,22.5833333333333,10.55,21,0,0,2007-05-14,2.01893333333333,1.35643333333333,0.8556138888888883,0.7486693707874185,3.6139042814036677,True,316.2196733339609,High consumption anomaly detected at 2007-05-14 21:00. consumption was 316% above the recent 24-hour baseline. consumption increased 76% compared with the previous hour. consumption was 163% higher than the same hour on the previous day. sub-metering activity was 37.53.,Moderate
2007-05-16 08:00:00,2.18136666666667,0.086933333333333,232.509333333333,9.33333333333333,8.33333333333333,0.533333333333333,16.5833333333333,8,2,0,2007-05-16,1.70203333333333,1.35673333333333,0.6691736111111108,0.43380055892716346,3.4859177205658267,True,225.9791824493318,High consumption anomaly detected at 2007-05-16 08:00. consumption was 226% above the recent 24-hour baseline. consumption was 61% higher than the same hour on the previous day. sub-metering activity was 25.45.,Moderate
2007-05-16 12:00:00,2.8142,0.137033333333333,232.3925,12.23,0.0,20.8166666666667,16.5666666666667,12,2,0,2007-05-16,1.36016666666667,0.3334,0.7718847222222222,0.5936939793845005,3.440013455913945,True,264.588120347562,High consumption anomaly detected at 2007-05-16 12:00. consumption was 265% above the recent 24-hour baseline. consumption increased 107% compared with the previous hour. consumption was 744% higher than the same hour on the previous day. sub-metering activity was 37.38.,Moderate
2007-05-18 20:00:00,3.98566666666667,0.353666666666667,231.5515,17.4133333333333,21.7833333333333,21.9166666666667,7.1,20,4,0,2007-05-18,1.84903333333333,1.45926666666667,1.0036569444444448,0.6183417923152098,4.822591258237479,True,297.11444121704955,High consumption anomaly detected at 2007-05-18 20:00. consumption was 297% above the recent 24-hour baseline. consumption increased 116% compared with the previous hour. consumption was 173% higher than the same hour on the previous day. sub-metering activity was 50.80.,Moderate
2007-05-20 18:00:00,2.4479,0.263266666666667,234.135166666667,10.7266666666667,20.3666666666667,0.566666666666667,3.56666666666667,18,6,1,2007-05-20,1.72206666666667,1.5779,0.8663777777777772,0.5044812445982149,3.1349475112435514,True,182.54418139379814,High consumption anomaly detected at 2007-05-20 18:00. consumption was 183% above the recent 24-hour baseline. consumption was 55% higher than the same hour on the previous day. the event occurred during a weekend period. sub-metering activity was 24.50.,Moderate
2007-05-20 19:00:00,3.15956666666667,0.268533333333333,232.515,13.79,12.0833333333333,0.7,16.5833333333333,19,6,1,2007-05-20,2.4479,1.29613333333333,0.9026277777777773,0.582981156685115,3.871375366095977,True,250.04092987758025,High consumption anomaly detected at 2007-05-20 19:00. consumption was 250% above the recent 24-hour baseline. consumption was 144% higher than the same hour on the previous day. the event occurred during a weekend period. sub-metering activity was 29.37.,Moderate
2007-05-20 21:00:00,4.09726666666667,0.349766666666667,231.089,17.86,19.9,0.55,16.3833333333333,21,6,1,2007-05-20,2.87723333333333,0.402166666666667,1.0843027777777774,0.8233057367854472,3.6595929729007444,True,277.87108459353084,High consumption anomaly detected at 2007-05-20 21:00. consumption was 278% above the recent 24-hour baseline. consumption was 919% higher than the same hour on the previous day. the event occurred during a weekend period. sub-metering activity was 36.83.,Moderate
2007-05-22 20:00:00,2.8976,0.244766666666667,234.396833333333,12.5,0.0,29.5,0.0,20,1,0,2007-05-22,1.33626666666667,1.4173,0.7449069444444444,0.5410214839402769,3.9789419079579296,True,288.9881845793565,High consumption anomaly detected at 2007-05-22 20:00. consumption was 289% above the recent 24-hour baseline. consumption increased 117% compared with the previous hour. consumption was 104% higher than the same hour on the previous day. sub-metering activity was 29.50.,Moderate
2007-05-25 20:00:00,3.57326666666667,0.294666666666667,233.2565,15.4666666666667,26.8166666666667,0.55,14.8333333333333,20,4,0,2007-05-25,2.87273333333333,1.57813333333333,0.993248611111111,0.8402556455347711,3.0705155856626662,True,259.7555160605145,High consumption anomaly detected at 2007-05-25 20:00. consumption was 260% above the recent 24-hour baseline. consumption was 126% higher than the same hour on the previous day. sub-metering activity was 42.20.,Moderate
2007-05-25 21:00:00,4.47473333333333,0.259933333333333,228.5065,19.5566666666667,48.3666666666667,0.066666666666667,6.71666666666667,21,4,0,2007-05-25,3.57326666666667,2.5698,1.0763791666666667,0.986588900177219,3.44454936200501,True,315.72091618892017,High consumption anomaly detected at 2007-05-25 21:00. consumption was 316% above the recent 24-hour baseline. consumption was 74% higher than the same hour on the previous day. sub-metering activity was 55.15.,Moderate
2007-05-27 14:00:00,3.85683333333333,0.282666666666667,231.415833333333,16.7733333333333,13.2,23.2333333333333,16.4166666666667,14,6,1,2007-05-27,1.28156666666667,1.63163333333333,1.0322625,0.648228459258391,4.357369370306256,True,273.6291237290253,High consumption anomaly detected at 2007-05-27 14:00. consumption was 274% above the recent 24-hour baseline. consumption increased 201% compared with the previous hour. consumption was 136% higher than the same hour on the previous day. the event occurred during a weekend period. sub-metering activity was 52.85.,Moderate
2007-05-27 15:00:00,3.74743333333333,0.352366666666667,232.790666666667,16.22,8.93333333333334,25.1333333333333,16.6166666666667,15,6,1,2007-05-27,3.85683333333333,1.89723333333333,1.1249791666666666,0.8616779632490486,3.0434272181899837,True,233.11135391396104,High consumption anomaly detected at 2007-05-27 15:00. consumption was 233% above the recent 24-hour baseline. consumption was 98% higher than the same hour on the previous day. the event occurred during a weekend period. sub-metering activity was 50.68.,Moderate
2007-05-29 21:00:00,2.48023333333333,0.1173,233.741166666667,10.75,0.0,19.3,1.61666666666667,21,1,0,2007-05-29,0.683966666666667,2.34893333333333,0.7199208333333331,0.49359671786313736,3.5662970119021127,True,244.51473252267286,High consumption anomaly detected at 2007-05-29 21:00. consumption was 245% above the recent 24-hour baseline. consumption increased 263% compared with the previous hour. sub-metering activity was 20.92.,Moderate
2007-06-02 09:00:00,2.4007,0.086966666666667,232.805166666667,10.3133333333333,0.0,7.9,13.9333333333333,9,5,1,2007-06-02,0.472766666666667,1.28463333333333,0.6275281779661015,0.3918987210930707,4.524566492812805,True,282.56449420024035,High consumption anomaly detected at 2007-06-02 09:00. consumption was 283% above the recent 24-hour baseline. consumption increased 408% compared with the previous hour. consumption was 87% higher than the same hour on the previous day. the event occurred during a weekend period. sub-metering activity was 21.83.,Moderate
2007-06-02 17:00:00,2.6615,0.255466666666667,231.476,11.6666666666667,18.95,0.183333333333333,16.4333333333333,17,5,1,2007-06-02,1.4119,0.323633333333333,0.8216379001883239,0.5762291967469074,3.192934530562818,True,223.92614792842073,High consumption anomaly detected at 2007-06-02 17:00. consumption was 224% above the recent 24-hour baseline. consumption increased 89% compared with the previous hour. consumption was 722% higher than the same hour on the previous day. the event occurred during a weekend period. sub-metering activity was 35.57.,Moderate
2007-06-02 19:00:00,3.1521,0.341966666666667,232.102666666667,13.8133333333333,24.5666666666667,0.583333333333333,16.5166666666667,19,5,1,2007-06-02,1.9722,0.558576271186441,0.9868712335216573,0.6982853987257799,3.1007790946644707,True,219.40337228715316,High consumption anomaly detected at 2007-06-02 19:00. consumption was 219% above the recent 24-hour baseline. consumption increased 60% compared with the previous hour. consumption was 464% higher than the same hour on the previous day. the event occurred during a weekend period. sub-metering activity was 41.67.,Moderate
2007-06-08 09:00:00,1.955,0.123866666666667,230.961666666667,8.52,0.0,6.98333333333333,16.35,9,4,0,2007-06-08,1.36653333333333,1.2506,0.6601374999999998,0.42616299985527634,3.038420746145798,True,196.15042320728645,High consumption anomaly detected at 2007-06-08 09:00. consumption was 196% above the recent 24-hour baseline. consumption was 56% higher than the same hour on the previous day. sub-metering activity was 23.33.,Moderate
2007-06-08 10:00:00,3.12126666666667,0.228033333333333,229.848333333333,13.7033333333333,0.0,27.3666666666667,16.2166666666667,10,4,0,2007-06-08,1.955,0.3301,0.6894874999999998,0.4883197253693308,4.979891330065446,True,352.69372782924574,High consumption anomaly detected at 2007-06-08 10:00. consumption was 353% above the recent 24-hour baseline. consumption increased 60% compared with the previous hour. consumption was 846% higher than the same hour on the previous day. sub-metering activity was 43.58.,Moderate
2007-06-12 18:00:00,2.0773,0.368366666666667,238.1535,9.07666666666667,23.6166666666667,0.05,0.05,18,1,0,2007-06-12,0.3233,0.264666666666667,0.4571875000000001,0.3048149172831011,5.31506959843208,True,354.3650034176349,High consumption anomaly detected at 2007-06-12 18:00. consumption was 354% above the recent 24-hour baseline. consumption increased 543% compared with the previous hour. consumption was 685% higher than the same hour on the previous day. sub-metering activity was 23.72.,Moderate
2007-06-14 19:00:00,3.23296666666667,0.471266666666667,238.640166666667,13.87,24.3166666666667,0.2,17.4333333333333,19,3,0,2007-06-14,1.84943333333333,1.1274,0.6258611111111111,0.5692226674906575,4.580115488107031,True,416.5629577027213,High consumption anomaly detected at 2007-06-14 19:00. consumption was 417% above the recent 24-hour baseline. consumption increased 75% compared with the previous hour. consumption was 187% higher than the same hour on the previous day. sub-metering activity was 41.95.,Moderate
2007-06-16 10:00:00,2.19513333333333,0.230066666666667,237.461333333333,9.32333333333333,0.0,14.5166666666667,17.2666666666667,10,5,1,2007-06-16,1.18733333333333,0.2566,0.5722111111111109,0.478731755159129,3.390045061211293,True,283.6229829705427,High consumption anomaly detected at 2007-06-16 10:00. consumption was 284% above the recent 24-hour baseline. consumption increased 85% compared with the previous hour. consumption was 755% higher than the same hour on the previous day. the event occurred during a weekend period. sub-metering activity was 31.78.,Moderate
2007-06-20 21:00:00,3.2391,0.402566666666667,238.676833333333,13.87,6.68333333333333,25.5833333333333,5.38333333333333,21,2,0,2007-06-20,2.0438,1.57096666666667,0.6671083333333336,0.5860124558246524,4.388970987054005,True,385.5433275455009,High consumption anomaly detected at 2007-06-20 21:00. consumption was 386% above the recent 24-hour baseline. consumption increased 58% compared with the previous hour. consumption was 106% higher than the same hour on the previous day. sub-metering activity was 37.65.,Moderate
2007-06-21 22:00:00,2.16686666666667,0.155233333333333,237.657666666667,9.23333333333333,8.1,17.5333333333333,0.0,22,3,0,2007-06-21,1.30873333333333,1.11216666666667,0.5065708333333334,0.4950516579996084,3.353782997197133,True,327.7519596634238,High consumption anomaly detected at 2007-06-21 22:00. consumption was 328% above the recent 24-hour baseline. consumption increased 66% compared with the previous hour. consumption was 95% higher than the same hour on the previous day. sub-metering activity was 25.63.,Moderate
2007-06-23 17:00:00,1.21666666666667,0.1722,239.024166666667,5.11666666666667,0.0,0.766666666666667,15.15,17,5,1,2007-06-23,0.255233333333333,0.221333333333333,0.28254583333333344,0.1842773662481362,5.069102366459419,True,330.60860332394543,High consumption anomaly detected at 2007-06-23 17:00. consumption was 331% above the recent 24-hour baseline. consumption increased 377% compared with the previous hour. consumption was 450% higher than the same hour on the previous day. the event occurred during a weekend period. sub-metering activity was 15.92.,Moderate
2007-06-24 15:00:00,1.21073333333333,0.141833333333333,239.599833333333,5.03333333333333,0.0,0.8,8.68333333333334,15,6,1,2007-06-24,0.362633333333333,0.2378,0.3484597222222223,0.27565666315185117,3.128070989657546,True,247.45287794301007,High consumption anomaly detected at 2007-06-24 15:00. consumption was 247% above the recent 24-hour baseline. consumption increased 234% compared with the previous hour. consumption was 409% higher than the same hour on the previous day. the event occurred during a weekend period. sub-metering activity was 9.48.,Moderate
2007-06-25 07:00:00,1.55713333333333,0.165033333333333,239.1865,6.52333333333333,0.0,1.13333333333333,17.5333333333333,7,0,0,2007-06-25,0.664766666666667,0.258166666666667,0.47966805555555525,0.34606887846977313,3.113441701380508,True,224.62727406974102,High consumption anomaly detected at 2007-06-25 07:00. consumption was 225% above the recent 24-hour baseline. consumption increased 134% compared with the previous hour. consumption was 503% higher than the same hour on the previous day. sub-metering activity was 18.67.,Moderate
2007-06-25 21:00:00,3.56833333333333,0.215466666666667,236.329666666667,15.3133333333333,5.21666666666667,24.85,13.6,21,0,0,2007-06-25,0.953366666666667,0.583366666666667,0.5174652777777778,0.40677462293353367,7.500143528014674,True,589.5792793397295,High consumption anomaly detected at 2007-06-25 21:00. consumption was 590% above the recent 24-hour baseline. consumption increased 274% compared with the previous hour. consumption was 512% higher than the same hour on the previous day. sub-metering activity was 43.67.,High
2007-06-26 22:00:00,3.5618,0.1526,237.732,15.0733333333333,7.58333333333333,7.3,15.6333333333333,22,1,0,2007-06-26,0.768933333333333,2.71213333333333,0.6178263888888887,0.6052477592245119,4.864080149397244,True,476.50499623455903,High consumption anomaly detected at 2007-06-26 22:00. consumption was 477% above the recent 24-hour baseline. consumption increased 363% compared with the previous hour. sub-metering activity was 30.52.,Moderate
2007-06-27 21:00:00,4.59796666666667,0.315,236.78,19.6933333333333,27.6666666666667,14.9,17.2,21,2,0,2007-06-27,3.0546,0.768933333333333,0.9853333333333328,1.0433729509077698,3.462456382629264,True,366.64073071718593,High consumption anomaly detected at 2007-06-27 21:00. consumption was 367% above the recent 24-hour baseline. consumption increased 51% compared with the previous hour. consumption was 498% higher than the same hour on the previous day. sub-metering activity was 59.77.,Moderate
2007-06-29 21:00:00,3.11996666666667,0.177333333333333,237.8165,13.1233333333333,7.48333333333333,0.6,15.0166666666667,21,4,0,2007-06-29,1.28156666666667,1.37613333333333,0.8127056026365344,0.6566553026123487,3.513656335144543,True,283.89875208747765,High consumption anomaly detected at 2007-06-29 21:00. consumption was 284% above the recent 24-hour baseline. consumption increased 143% compared with the previous hour. consumption was 127% higher than the same hour on the previous day. sub-metering activity was 23.10.,Moderate
2007-07-02 20:00:00,2.0822,0.2525,239.767,8.97333333333333,0.0,24.7666666666667,0.0,20,0,0,2007-07-02,0.682033333333333,0.6071,0.4198944444444443,0.3235082220380873,5.138371893867503,True,395.88653232955386,High consumption anomaly detected at 2007-07-02 20:00. consumption was 396% above the recent 24-hour baseline. consumption increased 205% compared with the previous hour. consumption was 243% higher than the same hour on the previous day. sub-metering activity was 24.77.,Moderate
2007-07-02 21:00:00,2.6667,0.221066666666667,239.839333333333,11.3566666666667,7.31666666666667,17.8166666666667,4.7,21,0,0,2007-07-02,2.0822,0.9037,0.48135694444444416,0.46833073643914913,4.666238804165057,True,453.9963702149886,High consumption anomaly detected at 2007-07-02 21:00. consumption was 454% above the recent 24-hour baseline. consumption was 195% higher than the same hour on the previous day. sub-metering activity was 29.83.,Moderate
2007-07-02 22:00:00,3.10566666666667,0.236633333333333,240.679,13.0333333333333,1.21666666666667,23.5666666666667,17.7166666666667,22,0,0,2007-07-02,2.6667,1.05323333333333,0.5548152777777776,0.6431078813473862,3.9664439868853116,True,459.76588804582184,High consumption anomaly detected at 2007-07-02 22:00. consumption was 460% above the recent 24-hour baseline. consumption was 195% higher than the same hour on the previous day. sub-metering activity was 42.50.,Moderate
2007-07-03 22:00:00,3.94863333333333,0.231066666666667,237.042333333333,16.83,0.183333333333333,29.6833333333333,13.8333333333333,22,1,0,2007-07-03,1.35886666666667,3.10566666666667,0.6975430555555557,0.7113152561086146,4.570533599354359,True,466.07736280715386,High consumption anomaly detected at 2007-07-03 22:00. consumption was 466% above the recent 24-hour baseline. consumption increased 191% compared with the previous hour. sub-metering activity was 43.70.,Moderate
2007-07-05 20:00:00,2.0064,0.297933333333333,238.210666666667,8.64333333333333,17.0833333333333,0.0,0.0,20,3,0,2007-07-05,1.88196666666667,1.01066666666667,0.5507361111111114,0.48413569832029646,3.0067270270283695,True,264.3124101581215,High consumption anomaly detected at 2007-07-05 20:00. consumption was 264% above the recent 24-hour baseline. consumption was 99% higher than the same hour on the previous day. sub-metering activity was 17.08.,Moderate
2007-07-05 22:00:00,2.70363333333333,0.095,240.036833333333,11.2633333333333,6.56666666666667,0.0,13.4666666666667,22,3,0,2007-07-05,1.6527,0.388833333333333,0.6443305555555557,0.6000124746623188,3.4320999391499813,True,319.6034644053468,High consumption anomaly detected at 2007-07-05 22:00. consumption was 320% above the recent 24-hour baseline. consumption increased 64% compared with the previous hour. consumption was 595% higher than the same hour on the previous day. sub-metering activity was 20.03.,Moderate
2007-07-06 21:00:00,4.27223333333333,0.301,239.105166666667,18.04,7.68333333333333,32.0666666666667,16.55,21,4,0,2007-07-06,2.5567,1.6527,0.7100430555555555,0.7318277869859455,4.8675253128181435,True,501.68651744514665,High consumption anomaly detected at 2007-07-06 21:00. consumption was 502% above the recent 24-hour baseline. consumption increased 67% compared with the previous hour. consumption was 159% higher than the same hour on the previous day. sub-metering activity was 56.30.,Moderate
2007-07-09 22:00:00,2.6201,0.1791,238.529833333333,11.0333333333333,7.68333333333333,0.316666666666667,12.3666666666667,22,0,0,2007-07-09,1.18093333333333,0.831133333333333,0.7420805555555557,0.5332706230266673,3.521700546310667,True,253.0748758183634,High consumption anomaly detected at 2007-07-09 22:00. consumption was 253% above the recent 24-hour baseline. consumption increased 122% compared with the previous hour. consumption was 215% higher than the same hour on the previous day. sub-metering activity was 20.37.,Moderate
2007-07-10 22:00:00,3.25283333333333,0.158466666666667,238.434833333333,13.8166666666667,0.0,19.2166666666667,13.0333333333333,22,1,0,2007-07-10,1.24286666666667,2.6201,0.6680638888888891,0.683281047198402,3.7828788827709285,True,386.9045292574306,High consumption anomaly detected at 2007-07-10 22:00. consumption was 387% above the recent 24-hour baseline. consumption increased 162% compared with the previous hour. sub-metering activity was 32.25.,Moderate
2007-07-12 19:00:00,2.15243333333333,0.4114,239.669333333333,9.27,0.0,8.58333333333333,12.55,19,3,0,2007-07-12,0.8781,0.6275,0.40679583333333347,0.3007473300827957,5.804332492392943,True,429.1188249633816,High consumption anomaly detected at 2007-07-12 19:00. consumption was 429% above the recent 24-hour baseline. consumption increased 145% compared with the previous hour. consumption was 243% higher than the same hour on the previous day. sub-metering activity was 21.13.,Moderate
2007-07-12 20:00:00,2.0498,0.3368,239.6625,8.94333333333333,7.65,6.01666666666667,8.03333333333333,20,3,0,2007-07-12,2.15243333333333,0.2281,0.4703347222222222,0.4654111498490139,3.393698836588206,True,335.8172814278247,High consumption anomaly detected at 2007-07-12 20:00. consumption was 336% above the recent 24-hour baseline. consumption was 799% higher than the same hour on the previous day. sub-metering activity was 21.70.,Moderate
2007-07-12 21:00:00,2.85886666666667,0.350133333333333,239.936833333333,12.1266666666667,1.16666666666667,19.85,9.78333333333333,21,3,0,2007-07-12,2.0498,0.240933333333333,0.5462388888888888,0.5625922790365673,4.110663910528828,True,423.3729646166214,High consumption anomaly detected at 2007-07-12 21:00. consumption was 423% above the recent 24-hour baseline. consumption was 1087% higher than the same hour on the previous day. sub-metering activity was 30.80.,Moderate
2007-07-14 10:00:00,1.79136666666667,0.2024,241.123833333333,7.48,7.21666666666667,1.13333333333333,17.8,10,5,1,2007-07-14,0.7864,0.779,0.46710694444444445,0.31374621763474714,4.220799001834931,True,283.50246939643324,High consumption anomaly detected at 2007-07-14 10:00. consumption was 284% above the recent 24-hour baseline. consumption increased 128% compared with the previous hour. consumption was 130% higher than the same hour on the previous day. the event occurred during a weekend period. sub-metering activity was 26.15.,Moderate
2007-07-14 11:00:00,1.81193333333333,0.098566666666667,241.087333333333,7.52666666666667,7.93333333333333,0.0,17.7833333333333,11,5,1,2007-07-14,1.79136666666667,0.211266666666667,0.509288888888889,0.41060542723642135,3.1724968985721542,True,255.7771184222002,High consumption anomaly detected at 2007-07-14 11:00. consumption was 256% above the recent 24-hour baseline. consumption was 758% higher than the same hour on the previous day. the event occurred during a weekend period. sub-metering activity was 25.72.,Moderate
2007-07-14 19:00:00,3.7519,0.5262,237.751333333333,16.01,29.7666666666667,1.16666666666667,15.2333333333333,19,5,1,2007-07-14,0.920533333333333,1.201,0.7526736111111109,0.504305451682824,5.947241654597879,True,398.4763574295338,High consumption anomaly detected at 2007-07-14 19:00. consumption was 398% above the recent 24-hour baseline. consumption increased 308% compared with the previous hour. consumption was 212% higher than the same hour on the previous day. the event occurred during a weekend period. sub-metering activity was 46.17.,Moderate
2007-07-15 21:00:00,1.81923333333333,0.1989,240.3805,7.62666666666667,0.0,0.516666666666667,17.6833333333333,21,6,1,2007-07-15,0.9503,0.932666666666667,0.6187052524856095,0.39980881765872844,3.002755386632006,True,194.03877307080782,High consumption anomaly detected at 2007-07-15 21:00. consumption was 194% above the recent 24-hour baseline. consumption increased 91% compared with the previous hour. consumption was 95% higher than the same hour on the previous day. the event occurred during a weekend period. sub-metering activity was 18.20.,Moderate
2007-07-17 08:00:00,2.01486666666667,0.061066666666667,231.641,8.7,13.9333333333333,0.0,16.4666666666667,8,1,0,2007-07-17,0.956866666666667,1.25866666666667,0.560201388888889,0.3654791881277321,3.980158994085832,True,259.66827405818884,High consumption anomaly detected at 2007-07-17 08:00. consumption was 260% above the recent 24-hour baseline. consumption increased 111% compared with the previous hour. consumption was 60% higher than the same hour on the previous day. sub-metering activity was 30.40.,Moderate
2007-07-18 07:00:00,1.9317,0.174,232.058666666667,8.33333333333333,0.0,0.95,16.5166666666667,7,2,0,2007-07-18,0.6247,0.956866666666667,0.5026861111111113,0.45816898501811104,3.1189668781975732,True,284.27558615659194,High consumption anomaly detected at 2007-07-18 07:00. consumption was 284% above the recent 24-hour baseline. consumption increased 209% compared with the previous hour. consumption was 102% higher than the same hour on the previous day. sub-metering activity was 17.47.,Moderate
2007-07-19 20:00:00,1.505,0.1069,236.3115,6.48666666666667,9.35,0.133333333333333,10.2666666666667,20,3,0,2007-07-19,0.691066666666667,0.199633333333333,0.3816208333333335,0.26619378267264804,4.220155540026803,True,294.3705030080029,High consumption anomaly detected at 2007-07-19 20:00. consumption was 294% above the recent 24-hour baseline. consumption increased 118% compared with the previous hour. consumption was 654% higher than the same hour on the previous day. sub-metering activity was 19.75.,Moderate
2007-07-20 18:00:00,2.81283333333333,0.3374,232.683166666667,12.47,12.2,20.0666666666667,0.0,18,4,0,2007-07-20,1.03573333333333,0.8407,0.5899763888888886,0.3659775690018131,6.073751870933459,True,376.770492227796,High consumption anomaly detected at 2007-07-20 18:00. consumption was 377% above the recent 24-hour baseline. consumption increased 172% compared with the previous hour. consumption was 235% higher than the same hour on the previous day. sub-metering activity was 32.27.,High
2007-07-22 10:00:00,2.56543333333333,0.3612,230.629333333333,11.34,16.15,5.65,11.15,10,6,1,2007-07-22,0.3758,0.414933333333333,0.6648402777777781,0.4933979626662456,3.8520488517728038,True,285.87212885300283,High consumption anomaly detected at 2007-07-22 10:00. consumption was 286% above the recent 24-hour baseline. consumption increased 583% compared with the previous hour. consumption was 518% higher than the same hour on the previous day. the event occurred during a weekend period. sub-metering activity was 32.95.,Moderate
2007-07-22 11:00:00,3.03323333333333,0.388133333333333,233.292666666667,13.21,23.7,0.383333333333333,16.6833333333333,11,6,1,2007-07-22,2.56543333333333,1.29386666666667,0.7544444444444446,0.6240214029732927,3.6517800159274576,True,302.0486008836519,High consumption anomaly detected at 2007-07-22 11:00. consumption was 302% above the recent 24-hour baseline. consumption was 134% higher than the same hour on the previous day. the event occurred during a weekend period. sub-metering activity was 40.77.,Moderate
2007-07-26 08:00:00,1.66766666666667,0.0778,234.524166666667,7.08333333333333,7.58333333333333,0.0,16.85,8,3,0,2007-07-26,0.676266666666667,0.940733333333333,0.31815000000000004,0.21751161377177472,6.2043430383568285,True,424.1762271465251,High consumption anomaly detected at 2007-07-26 08:00. consumption was 424% above the recent 24-hour baseline. consumption increased 147% compared with the previous hour. consumption was 77% higher than the same hour on the previous day. sub-metering activity was 24.43.,High
2007-07-26 09:00:00,1.5946,0.070666666666667,234.109166666667,6.78333333333333,8.66666666666667,0.0,14.85,9,3,0,2007-07-26,1.66766666666667,0.186,0.348438888888889,0.32967224650055027,3.780000058661386,True,357.64122514708447,High consumption anomaly detected at 2007-07-26 09:00. consumption was 358% above the recent 24-hour baseline. consumption was 757% higher than the same hour on the previous day. sub-metering activity was 23.52.,Moderate
2007-07-26 19:00:00,2.47306666666667,0.181933333333333,234.621666666667,10.72,0.0,14.75,16.8666666666667,19,3,0,2007-07-26,0.973233333333333,0.202066666666667,0.41102361111111135,0.43006814104280516,4.794689163804676,True,501.68481805249144,High consumption anomaly detected at 2007-07-26 19:00. consumption was 502% above the recent 24-hour baseline. consumption increased 154% compared with the previous hour. consumption was 1124% higher than the same hour on the previous day. sub-metering activity was 31.62.,Moderate
2007-07-30 06:00:00,0.925066666666667,0.083833333333333,236.591333333333,3.94,0.0,0.0,12.45,6,0,0,2007-07-30,0.161133333333333,0.173966666666667,0.22162500000000007,0.15139593745944732,4.646370823887462,True,317.401767249483,High consumption anomaly detected at 2007-07-30 06:00. consumption was 317% above the recent 24-hour baseline. consumption increased 474% compared with the previous hour. consumption was 432% higher than the same hour on the previous day. sub-metering activity was 12.45.,Moderate
2007-07-30 18:00:00,1.19143333333333,0.1511,233.8415,5.17,0.0,0.0,13.65,18,0,0,2007-07-30,0.192933333333333,0.5862,0.23946944444444448,0.18127988367116293,5.251348741020397,True,397.53042025774425,High consumption anomaly detected at 2007-07-30 18:00. consumption was 398% above the recent 24-hour baseline. consumption increased 518% compared with the previous hour. consumption was 103% higher than the same hour on the previous day. sub-metering activity was 13.65.,Moderate
2007-07-31 12:00:00,2.0913,0.323966666666667,231.623833333333,9.64333333333333,24.5,0.0,0.0,12,1,0,2007-07-31,0.243966666666667,0.1656,0.3217708333333332,0.2965941032103912,5.966164355639392,True,549.9346066688252,High consumption anomaly detected at 2007-07-31 12:00. consumption was 550% above the recent 24-hour baseline. consumption increased 757% compared with the previous hour. consumption was 1163% higher than the same hour on the previous day. sub-metering activity was 24.50.,Moderate
2007-07-31 20:00:00,1.92106666666667,0.1134,235.332333333333,8.13333333333333,7.56666666666667,0.0,16.9666666666667,20,1,0,2007-07-31,0.907033333333333,0.286633333333333,0.46544999999999986,0.4649912387102491,3.1304174046464377,True,312.733197264297,High consumption anomaly detected at 2007-07-31 20:00. consumption was 313% above the recent 24-hour baseline. consumption increased 112% compared with the previous hour. consumption was 570% higher than the same hour on the previous day. sub-metering activity was 24.53.,Moderate
2007-08-11 11:00:00,2.6036,0.093066666666667,232.8445,11.2733333333333,15.9833333333333,5.05,16.6333333333333,11,5,1,2007-08-11,1.72313333333333,1.72983333333333,0.654061111111111,0.5998714075296925,3.2499280085997277,True,298.0667793529318,High consumption anomaly detected at 2007-08-11 11:00. consumption was 298% above the recent 24-hour baseline. consumption increased 51% compared with the previous hour. consumption was 51% higher than the same hour on the previous day. the event occurred during a weekend period. sub-metering activity was 37.67.,Moderate
2007-08-12 22:00:00,2.76583333333333,0.1954,234.318833333333,11.7766666666667,0.0,0.0,16.8333333333333,22,6,1,2007-08-12,1.01923333333333,0.164066666666667,0.5992874999999999,0.5711263661124708,3.793461415694257,True,361.5202775518145,High consumption anomaly detected at 2007-08-12 22:00. consumption was 362% above the recent 24-hour baseline. consumption increased 171% compared with the previous hour. consumption was 1586% higher than the same hour on the previous day. the event occurred during a weekend period. sub-metering activity was 16.83.,Moderate
2007-08-12 23:00:00,4.6344,0.1391,231.009166666667,20.11,11.0166666666667,13.5333333333333,16.3666666666667,23,6,1,2007-08-12,2.76583333333333,0.920666666666667,0.7076944444444441,0.7139819934174186,5.499726312089034,True,554.8588923342627,High consumption anomaly detected at 2007-08-12 23:00. consumption was 555% above the recent 24-hour baseline. consumption increased 68% compared with the previous hour. consumption was 403% higher than the same hour on the previous day. the event occurred during a weekend period. sub-metering activity was 40.92.,Moderate
2007-08-15 10:00:00,2.82706666666667,0.203666666666667,236.326,12.1366666666667,5.63333333333333,0.0,17.1166666666667,10,2,0,2007-08-15,1.37013333333333,2.3496,0.7322930555555551,0.6957519009178722,3.010805444221684,True,286.05673578618223,High consumption anomaly detected at 2007-08-15 10:00. consumption was 286% above the recent 24-hour baseline. consumption increased 106% compared with the previous hour. sub-metering activity was 22.75.,Moderate
2007-08-17 00:00:00,2.735,0.091633333333333,237.9,11.43,0.0,0.0,17.3333333333333,0,4,0,2007-08-17,1.6276,1.6635,0.6656222222222222,0.6719808387872815,3.0795190254418072,True,310.89373351584146,High consumption anomaly detected at 2007-08-17 00:00. consumption was 311% above the recent 24-hour baseline. consumption increased 68% compared with the previous hour. consumption was 64% higher than the same hour on the previous day. sub-metering activity was 17.33.,Moderate
2007-08-17 07:00:00,3.14446666666667,0.091166666666667,236.503333333333,13.2666666666667,4.01666666666667,0.0,17.1333333333333,7,4,0,2007-08-17,1.34243333333333,0.660333333333333,0.8061791666666664,0.7681549487544096,3.0440310301868383,True,290.04563708439554,High consumption anomaly detected at 2007-08-17 07:00. consumption was 290% above the recent 24-hour baseline. consumption increased 134% compared with the previous hour. consumption was 376% higher than the same hour on the previous day. sub-metering activity was 21.15.,Moderate
2007-08-19 07:00:00,0.924466666666667,0.089233333333333,240.6155,3.86,0.0,0.0,12.4666666666667,7,6,1,2007-08-19,0.158133333333333,0.289933333333333,0.24197222222222223,0.20093170509582733,3.396648847024679,True,282.05487314889234,High consumption anomaly detected at 2007-08-19 07:00. consumption was 282% above the recent 24-hour baseline. consumption increased 485% compared with the previous hour. consumption was 219% higher than the same hour on the previous day. the event occurred during a weekend period. sub-metering activity was 12.47.,Moderate
2007-08-19 15:00:00,2.3622,0.1998,237.952333333333,10.13,7.76666666666667,12.75,10.9833333333333,15,6,1,2007-08-19,0.434233333333333,0.169033333333333,0.26343750000000005,0.20435968629562296,10.26994383307072,True,796.6832740213521,High consumption anomaly detected at 2007-08-19 15:00. consumption was 797% above the recent 24-hour baseline. consumption increased 444% compared with the previous hour. consumption was 1297% higher than the same hour on the previous day. the event occurred during a weekend period. sub-metering activity was 31.50.,Critical
2007-08-19 16:00:00,3.69613333333333,0.161033333333333,236.918,15.7933333333333,9.06666666666667,34.7666666666667,10.6666666666667,16,6,1,2007-08-19,2.3622,0.165766666666667,0.3548194444444445,0.473471101089415,7.0570598315310455,True,941.694132383449,High consumption anomaly detected at 2007-08-19 16:00. consumption was 942% above the recent 24-hour baseline. consumption increased 56% compared with the previous hour. consumption was 2130% higher than the same hour on the previous day. the event occurred during a weekend period. sub-metering activity was 54.50.,High
2007-08-21 21:00:00,1.7089,0.105533333333333,238.1965,7.19666666666667,0.0,0.0,12.1666666666667,21,1,0,2007-08-21,1.09783333333333,0.343366666666667,0.41538055555555586,0.36936292207597765,3.5020284038644474,True,311.40587279402394,High consumption anomaly detected at 2007-08-21 21:00. consumption was 311% above the recent 24-hour baseline. consumption increased 56% compared with the previous hour. consumption was 398% higher than the same hour on the previous day. sub-metering activity was 12.17.,Moderate
2007-08-22 18:00:00,2.36773333333333,0.203366666666667,241.273166666667,9.98333333333333,20.2666666666667,1.41666666666667,10.4833333333333,18,2,0,2007-08-22,0.172133333333333,0.6432,0.5289013888888888,0.5103128896670177,3.6033421488614374,True,347.6700918308123,High consumption anomaly detected at 2007-08-22 18:00. consumption was 348% above the recent 24-hour baseline. consumption increased 1276% compared with the previous hour. consumption was 268% higher than the same hour on the previous day. sub-metering activity was 32.17.,Moderate
2007-08-22 19:00:00,3.23913333333333,0.294,238.795333333333,13.6733333333333,14.2166666666667,3.76666666666667,17.4666666666667,19,2,0,2007-08-22,2.36773333333333,0.354166666666667,0.6007569444444444,0.6336218900599947,4.163960289691175,True,439.1753459177653,High consumption anomaly detected at 2007-08-22 19:00. consumption was 439% above the recent 24-hour baseline. consumption was 815% higher than the same hour on the previous day. sub-metering activity was 35.45.,Moderate
2007-08-24 14:00:00,2.5673,0.139733333333333,239.8455,10.7466666666667,0.0,18.8,17.6166666666667,14,4,0,2007-08-24,1.44233333333333,1.3168,0.7703624999999997,0.4902293650612475,3.665503594986599,True,233.25869314770657,High consumption anomaly detected at 2007-08-24 14:00. consumption was 233% above the recent 24-hour baseline. consumption increased 78% compared with the previous hour. consumption was 95% higher than the same hour on the previous day. sub-metering activity was 36.42.,Moderate
2007-08-24 19:00:00,2.8103,0.437133333333333,239.189666666667,11.9866666666667,14.6333333333333,1.38333333333333,17.5166666666667,19,4,0,2007-08-24,1.1086779661017,1.71716666666667,0.8745685263653485,0.6046745538368399,3.201278210488368,True,221.33559752938154,High consumption anomaly detected at 2007-08-24 19:00. consumption was 221% above the recent 24-hour baseline. consumption increased 153% compared with the previous hour. consumption was 64% higher than the same hour on the previous day. sub-metering activity was 33.53.,Moderate
2007-08-26 14:00:00,3.7632,0.319466666666667,237.950666666667,16.0866666666667,7.45,30.2666666666667,12.3666666666667,14,6,1,2007-08-26,1.42103333333333,1.81346666666667,0.8838097222222222,0.7514197208337612,3.8319333362489614,True,325.79300785896913,High consumption anomaly detected at 2007-08-26 14:00. consumption was 326% above the recent 24-hour baseline. consumption increased 165% compared with the previous hour. consumption was 108% higher than the same hour on the previous day. the event occurred during a weekend period. sub-metering activity was 50.08.,Moderate
2007-08-27 21:00:00,2.79333333333333,0.298566666666667,237.212333333333,11.9566666666667,14.25,0.0,7.53333333333333,21,0,0,2007-08-27,1.075,2.21076666666667,0.6581680555555561,0.6086275712065355,3.5081639064511148,True,324.4103477455302,High consumption anomaly detected at 2007-08-27 21:00. consumption was 324% above the recent 24-hour baseline. consumption increased 160% compared with the previous hour. sub-metering activity was 21.78.,Moderate
2007-08-27 23:00:00,2.99443333333333,0.255933333333333,240.998666666667,12.4233333333333,7.01666666666667,0.466666666666667,4.1,23,0,0,2007-08-27,1.64863333333333,0.252733333333333,0.7272416666666667,0.7079528002396384,3.2024616131177543,True,311.75216858219943,High consumption anomaly detected at 2007-08-27 23:00. consumption was 312% above the recent 24-hour baseline. consumption increased 82% compared with the previous hour. consumption was 1085% higher than the same hour on the previous day. sub-metering activity was 11.58.,Moderate
2007-08-30 19:00:00,2.8546,0.351366666666667,238.890333333333,12.1533333333333,17.8833333333333,0.8,10.6166666666667,19,3,0,2007-08-30,1.74806666666667,1.5772,0.5565972222222224,0.49886688096072307,4.606444856295651,True,412.8663755458514,High consumption anomaly detected at 2007-08-30 19:00. consumption was 413% above the recent 24-hour baseline. consumption increased 63% compared with the previous hour. consumption was 81% higher than the same hour on the previous day. sub-metering activity was 29.30.,Moderate
2007-08-30 22:00:00,3.06203333333333,0.2219,238.712333333333,12.95,6.45,21.8166666666667,6.2,22,3,0,2007-08-30,1.91,0.207833333333333,0.6929916666666669,0.7184968152010849,3.2972194400105197,True,341.85716518957594,High consumption anomaly detected at 2007-08-30 22:00. consumption was 342% above the recent 24-hour baseline. consumption increased 60% compared with the previous hour. consumption was 1373% higher than the same hour on the previous day. sub-metering activity was 34.47.,Moderate
2007-09-04 12:00:00,2.51926666666667,0.187233333333333,239.960333333333,10.76,16.3,0.0,17.6333333333333,12,1,0,2007-09-04,1.57483333333333,0.2654,0.6251152777777779,0.49328591467948,3.8398651421450896,True,303.00833401839265,High consumption anomaly detected at 2007-09-04 12:00. consumption was 303% above the recent 24-hour baseline. consumption increased 60% compared with the previous hour. consumption was 849% higher than the same hour on the previous day. sub-metering activity was 33.93.,Moderate
2007-09-04 21:00:00,3.2361,0.109633333333333,235.555,13.9133333333333,9.23333333333333,22.6166666666667,2.1,21,1,0,2007-09-04,2.69526666666667,1.23363333333333,1.0177541666666672,0.713500148909556,3.1091035323869742,True,217.96479994759687,High consumption anomaly detected at 2007-09-04 21:00. consumption was 218% above the recent 24-hour baseline. consumption was 162% higher than the same hour on the previous day. sub-metering activity was 33.95.,Moderate
2007-09-10 20:00:00,3.32486666666667,0.198733333333333,237.057166666667,14.1233333333333,10.5833333333333,0.783333333333333,13.6166666666667,20,0,0,2007-09-10,0.671333333333333,2.13066666666667,0.7174583333333339,0.7272255198623931,3.585419188571262,True,363.42296300598184,High consumption anomaly detected at 2007-09-10 20:00. consumption was 363% above the recent 24-hour baseline. consumption increased 395% compared with the previous hour. consumption was 56% higher than the same hour on the previous day. sub-metering activity was 24.98.,Moderate
2007-09-10 21:00:00,3.53953333333333,0.0887,236.439166666667,14.9766666666667,4.96666666666667,0.216666666666667,17.1333333333333,21,0,0,2007-09-10,3.32486666666667,2.56726666666667,0.7672166666666671,0.8573393886007888,3.233628016544523,True,361.3472943323261,High consumption anomaly detected at 2007-09-10 21:00. consumption was 361% above the recent 24-hour baseline. sub-metering activity was 22.32.,Moderate
2007-09-11 22:00:00,3.3426,0.089366666666667,237.403166666667,14.0633333333333,14.2333333333333,0.0,17.2666666666667,22,1,0,2007-09-11,2.41156666666667,1.69003333333333,0.5714763888888892,0.5794381933818954,4.782431746408408,True,484.9060547363916,High consumption anomaly detected at 2007-09-11 22:00. consumption was 485% above the recent 24-hour baseline. consumption was 98% higher than the same hour on the previous day. sub-metering activity was 31.50.,Moderate
2007-09-12 21:00:00,3.3821,0.116566666666667,237.382333333333,14.24,0.0,3.25,17.2666666666667,21,2,0,2007-09-12,1.8821,2.41156666666667,0.8739611111111111,0.8234832452071339,3.045767966120558,True,286.9851824070484,High consumption anomaly detected at 2007-09-12 21:00. consumption was 287% above the recent 24-hour baseline. consumption increased 80% compared with the previous hour. sub-metering activity was 20.52.,Moderate
2007-09-16 11:00:00,2.17336666666667,0.058966666666667,238.825333333333,9.10666666666667,15.35,0.0,17.4666666666667,11,6,1,2007-09-16,0.993533333333333,0.247266666666667,0.5475194444444447,0.44885905698272666,3.6221776010298763,True,296.94785065979437,High consumption anomaly detected at 2007-09-16 11:00. consumption was 297% above the recent 24-hour baseline. consumption increased 119% compared with the previous hour. consumption was 779% higher than the same hour on the previous day. the event occurred during a weekend period. sub-metering activity was 32.82.,Moderate
2007-09-16 20:00:00,3.81396666666667,0.1254,232.883166666667,16.4566666666667,0.083333333333333,22.2833333333333,13.7,20,6,1,2007-09-16,2.10763333333333,1.82106666666667,0.9008375000000005,0.6697216686505983,4.349760957467964,True,323.3800953742121,High consumption anomaly detected at 2007-09-16 20:00. consumption was 323% above the recent 24-hour baseline. consumption increased 81% compared with the previous hour. consumption was 109% higher than the same hour on the previous day. the event occurred during a weekend period. sub-metering activity was 36.07.,Moderate
2007-09-17 21:00:00,5.73576666666667,0.3772,232.103833333333,24.7133333333333,42.2,5.4,15.35,21,0,0,2007-09-17,1.9746,3.06236666666667,0.8836611111111115,0.9612491213525894,5.047708702951095,True,549.0912177242408,High consumption anomaly detected at 2007-09-17 21:00. consumption was 549% above the recent 24-hour baseline. consumption increased 190% compared with the previous hour. consumption was 87% higher than the same hour on the previous day. sub-metering activity was 62.95.,Moderate
2007-09-21 19:00:00,3.53376666666667,0.2644,233.674333333333,15.31,28.7333333333333,5.68333333333333,9.11666666666667,19,4,0,2007-09-21,0.327366666666667,0.8263,0.7985902777777777,0.8143548436342967,3.358703408310765,True,342.5005869718345,High consumption anomaly detected at 2007-09-21 19:00. consumption was 343% above the recent 24-hour baseline. consumption increased 979% compared with the previous hour. consumption was 328% higher than the same hour on the previous day. sub-metering activity was 43.53.,Moderate
2007-09-23 20:00:00,3.28526666666667,0.029433333333333,234.828666666667,14.0233333333333,11.8,0.0,16.9166666666667,20,6,1,2007-09-23,2.58896666666667,1.34246666666667,0.8640875000000005,0.7132115952474465,3.3947557538329827,True,280.20069340971463,High consumption anomaly detected at 2007-09-23 20:00. consumption was 280% above the recent 24-hour baseline. consumption was 145% higher than the same hour on the previous day. the event occurred during a weekend period. sub-metering activity was 28.72.,Moderate
2007-09-26 21:00:00,4.82186666666667,0.2968,234.581,20.6466666666667,0.0,31.5166666666667,8.33333333333333,21,2,0,2007-09-26,2.34003448275862,2.7256,1.2477222701149424,0.8567605897107818,4.171695616576223,True,286.4535227236484,High consumption anomaly detected at 2007-09-26 21:00. consumption was 286% above the recent 24-hour baseline. consumption increased 106% compared with the previous hour. consumption was 77% higher than the same hour on the previous day. sub-metering activity was 39.85.,Moderate
2007-09-29 12:00:00,3.00173333333333,0.234366666666667,237.586166666667,12.8833333333333,11.0833333333333,22.1,0.0,12,5,1,2007-09-29,2.18503333333333,1.39146666666667,0.8679166666666668,0.6046490432533925,3.5290168577550145,True,245.85501680268797,High consumption anomaly detected at 2007-09-29 12:00. consumption was 246% above the recent 24-hour baseline. consumption was 116% higher than the same hour on the previous day. the event occurred during a weekend period. sub-metering activity was 33.18.,Moderate
2007-10-04 19:00:00,3.18706666666667,0.3149,233.912666666667,13.7966666666667,13.15,0.333333333333333,15.9166666666667,19,3,0,2007-10-04,1.0865,1.4285,0.8946791666666667,0.6893216176374194,3.3255703017945835,True,256.2245311401204,High consumption anomaly detected at 2007-10-04 19:00. consumption was 256% above the recent 24-hour baseline. consumption increased 193% compared with the previous hour. consumption was 123% higher than the same hour on the previous day. sub-metering activity was 29.40.,Moderate
2007-10-07 20:00:00,4.0393,0.159,233.878666666667,17.2933333333333,10.0666666666667,16.8166666666667,13.7,20,6,1,2007-10-07,3.15953333333333,1.95556666666667,1.3117583333333334,0.9001408000034856,3.0301278051790392,True,207.93019547553854,High consumption anomaly detected at 2007-10-07 20:00. consumption was 208% above the recent 24-hour baseline. consumption was 107% higher than the same hour on the previous day. the event occurred during a weekend period. sub-metering activity was 40.58.,Moderate
2007-10-09 21:00:00,3.96733333333333,0.3194,236.767833333333,16.8633333333333,18.3166666666667,0.25,13.35,21,1,0,2007-10-09,1.58256666666667,2.68903333333333,1.1602513888888895,0.8807738589044217,3.1870631900180566,True,241.93739144174887,High consumption anomaly detected at 2007-10-09 21:00. consumption was 242% above the recent 24-hour baseline. consumption increased 151% compared with the previous hour. sub-metering activity was 31.92.,Moderate
2007-10-11 20:00:00,4.31836666666667,0.2663,233.062,18.4866666666667,16.65,0.3,16.6666666666667,20,3,0,2007-10-11,2.4614,3.12323333333333,0.9868013888888888,0.9278332861077887,3.590693853799447,True,337.61254445831617,High consumption anomaly detected at 2007-10-11 20:00. consumption was 338% above the recent 24-hour baseline. consumption increased 75% compared with the previous hour. sub-metering activity was 33.62.,Moderate
2007-10-13 19:00:00,4.73276666666667,0.1613,231.204666666667,20.4533333333333,0.0,22.2666666666667,16.4166666666667,19,5,1,2007-10-13,1.6048,2.54836666666667,0.9765180555555558,0.7793807523900315,4.819529606796533,True,384.657363961809,High consumption anomaly detected at 2007-10-13 19:00. consumption was 385% above the recent 24-hour baseline. consumption increased 195% compared with the previous hour. consumption was 86% higher than the same hour on the previous day. the event occurred during a weekend period. sub-metering activity was 38.68.,Moderate
2007-10-13 20:00:00,5.0948,0.237233333333333,235.133333333333,21.81,0.0,25.3,16.95,20,5,1,2007-10-13,4.73276666666667,2.09183333333333,1.0675347222222225,1.0511043670735443,3.8314608938314834,True,377.24911367702055,High consumption anomaly detected at 2007-10-13 20:00. consumption was 377% above the recent 24-hour baseline. consumption was 144% higher than the same hour on the previous day. the event occurred during a weekend period. sub-metering activity was 42.25.,Moderate
2007-10-16 13:00:00,3.60346666666667,0.159533333333333,235.368166666667,15.5166666666667,0.0,30.5333333333333,16.9833333333333,13,1,0,2007-10-16,1.72576666666667,0.2939,0.8645083333333337,0.7445586265253591,3.6786335363747873,True,316.82266413472036,High consumption anomaly detected at 2007-10-16 13:00. consumption was 317% above the recent 24-hour baseline. consumption increased 109% compared with the previous hour. consumption was 1126% higher than the same hour on the previous day. sub-metering activity was 47.52.,Moderate
2007-10-18 21:00:00,3.40176666666667,0.088433333333333,238.342666666667,14.2833333333333,9.05,0.016666666666667,17.4166666666667,21,3,0,2007-10-18,2.42873333333333,3.0821,0.9418291666666668,0.7783921025084847,3.160280650423466,True,261.1872287525607,High consumption anomaly detected at 2007-10-18 21:00. consumption was 261% above the recent 24-hour baseline. sub-metering activity was 26.48.,Moderate
2007-10-19 11:00:00,4.32846666666667,0.205433333333333,234.9195,18.56,11.7666666666667,24.25,16.9333333333333,11,4,0,2007-10-19,2.5801,0.3668,1.2355402777777782,1.0059376641004911,3.07467003102482,True,250.32987143501114,High consumption anomaly detected at 2007-10-19 11:00. consumption was 250% above the recent 24-hour baseline. consumption increased 68% compared with the previous hour. consumption was 1080% higher than the same hour on the previous day. sub-metering activity was 52.95.,Moderate
2007-10-23 16:00:00,2.88876666666667,0.157533333333333,241.442,12.1666666666667,8.65,18.9666666666667,6.8,16,1,0,2007-10-23,0.358566666666667,1.3416,0.9196861111111106,0.6078574545204631,3.2393788065146967,True,214.10354378154435,High consumption anomaly detected at 2007-10-23 16:00. consumption was 214% above the recent 24-hour baseline. consumption increased 706% compared with the previous hour. consumption was 115% higher than the same hour on the previous day. sub-metering activity was 34.42.,Moderate
2007-10-23 17:00:00,4.50836666666667,0.145033333333333,238.733666666667,19.0166666666667,9.08333333333333,35.1166666666667,17.4833333333333,17,1,0,2007-10-23,2.88876666666667,1.37483333333333,0.9841513888888885,0.7252530032629598,4.859290843225896,True,358.0968657430476,High consumption anomaly detected at 2007-10-23 17:00. consumption was 358% above the recent 24-hour baseline. consumption increased 56% compared with the previous hour. consumption was 228% higher than the same hour on the previous day. sub-metering activity was 61.68.,Moderate
2007-10-24 19:00:00,3.7766,0.105566666666667,234.542166666667,16.11,19.4166666666667,0.266666666666667,7.51666666666667,19,2,0,2007-10-24,1.49376666666667,2.50626666666667,1.120932279693487,0.8197805620235921,3.2394860811911848,True,236.9159822065871,High consumption anomaly detected at 2007-10-24 19:00. consumption was 237% above the recent 24-hour baseline. consumption increased 153% compared with the previous hour. consumption was 51% higher than the same hour on the previous day. sub-metering activity was 27.20.,Moderate
2007-10-25 21:00:00,4.80096666666667,0.1737,235.966333333333,20.39,1.13333333333333,26.8166666666667,12.9833333333333,21,3,0,2007-10-25,2.83026666666667,3.26943333333333,1.2354069444444449,1.0675766988920778,3.3398628182148724,True,288.6141880824246,High consumption anomaly detected at 2007-10-25 21:00. consumption was 289% above the recent 24-hour baseline. consumption increased 70% compared with the previous hour. sub-metering activity was 40.93.,Moderate
2007-10-27 08:00:00,2.86683333333333,0.0888,239.254666666667,12.0666666666667,0.0,3.38333333333333,13.4,8,5,1,2007-10-27,1.12226666666667,2.27493333333333,0.8658138888888884,0.5489399050129399,3.645243179027534,True,231.11426948952953,High consumption anomaly detected at 2007-10-27 08:00. consumption was 231% above the recent 24-hour baseline. consumption increased 155% compared with the previous hour. the event occurred during a weekend period. sub-metering activity was 16.78.,Moderate
2007-10-27 09:00:00,3.19163333333333,0.073766666666667,236.967666666667,13.4966666666667,0.0,9.25,17.2166666666667,9,5,1,2007-10-27,2.86683333333333,1.53166666666667,0.8904763888888884,0.623265206962929,3.692099155763257,True,258.4186367159899,High consumption anomaly detected at 2007-10-27 09:00. consumption was 258% above the recent 24-hour baseline. consumption was 108% higher than the same hour on the previous day. the event occurred during a weekend period. sub-metering activity was 26.47.,Moderate
2007-10-27 10:00:00,4.33676666666667,0.084466666666667,233.581333333333,18.6133333333333,0.0,35.0333333333333,16.75,10,5,1,2007-10-27,3.19163333333333,1.5173,0.959641666666666,0.771896455488146,4.3751010592014135,True,351.91521140703634,High consumption anomaly detected at 2007-10-27 10:00. consumption was 352% above the recent 24-hour baseline. consumption was 186% higher than the same hour on the previous day. the event occurred during a weekend period. sub-metering activity was 51.78.,Moderate
2007-10-29 00:00:00,1.067,0.057033333333333,242.256833333333,4.35,0.0,0.0,13.25,0,0,0,2007-10-29,0.4638,0.2585,0.3556652777777778,0.18909763587021944,3.7617324983926395,True,200.00117151347823,High consumption anomaly detected at 2007-10-29 00:00. consumption was 200% above the recent 24-hour baseline. consumption increased 130% compared with the previous hour. consumption was 313% higher than the same hour on the previous day. sub-metering activity was 13.25.,Moderate
2007-10-29 11:00:00,1.2306,0.062033333333333,238.848,5.10666666666667,0.0,0.283333333333333,16.1,11,0,0,2007-10-29,0.262233333333333,0.257,0.349875,0.21032989162070603,4.187350610098905,True,251.72561629153267,High consumption anomaly detected at 2007-10-29 11:00. consumption was 252% above the recent 24-hour baseline. consumption increased 369% compared with the previous hour. consumption was 379% higher than the same hour on the previous day. sub-metering activity was 16.38.,Moderate
2007-10-29 22:00:00,1.1052,0.060433333333333,239.900333333333,4.57,0.0,0.283333333333333,13.9666666666667,22,0,0,2007-10-29,0.270366666666667,0.2745,0.34783749999999997,0.25143817870671886,3.0121221204175144,True,217.73457433427964,High consumption anomaly detected at 2007-10-29 22:00. consumption was 218% above the recent 24-hour baseline. consumption increased 309% compared with the previous hour. consumption was 303% higher than the same hour on the previous day. sub-metering activity was 14.25.,Moderate
2007-10-30 13:00:00,3.35703333333333,0.0958,237.704166666667,14.2833333333333,0.0,23.1833333333333,14.9,13,1,0,2007-10-30,0.950766666666667,0.2458,0.3737347222222221,0.2581551128072373,11.556225165056937,True,798.2396158891662,High consumption anomaly detected at 2007-10-30 13:00. consumption was 798% above the recent 24-hour baseline. consumption increased 253% compared with the previous hour. consumption was 1266% higher than the same hour on the previous day. sub-metering activity was 38.08.,Critical
2007-10-31 12:00:00,2.74963333333333,0.176533333333333,237.049666666667,11.76,0.0,28.3333333333333,1.66666666666667,12,2,0,2007-10-31,1.18696666666667,0.950766666666667,0.5947777777777777,0.6944746213346722,3.1028571662046556,True,362.29590883616606,High consumption anomaly detected at 2007-10-31 12:00. consumption was 362% above the recent 24-hour baseline. consumption increased 132% compared with the previous hour. consumption was 189% higher than the same hour on the previous day. sub-metering activity was 30.00.,Moderate
2007-10-31 13:00:00,3.67363333333333,0.254366666666667,235.995333333333,15.65,0.0,27.65,17.0833333333333,13,2,0,2007-10-31,2.74963333333333,3.35703333333333,0.6697305555555554,0.8202499437570788,3.6621798034129407,True,448.524074773022,High consumption anomaly detected at 2007-10-31 13:00. consumption was 449% above the recent 24-hour baseline. sub-metering activity was 44.73.,Moderate
2007-11-02 05:00:00,1.19513333333333,0.076466666666667,241.5685,4.89333333333333,0.0,0.266666666666667,15.25,5,4,0,2007-11-02,0.269433333333333,0.2742,0.34383611111111123,0.2502673723702467,3.401550965911792,True,247.58807894587912,High consumption anomaly detected at 2007-11-02 05:00. consumption was 248% above the recent 24-hour baseline. consumption increased 344% compared with the previous hour. consumption was 336% higher than the same hour on the previous day. sub-metering activity was 15.52.,Moderate
2007-11-02 11:00:00,2.2435,0.089633333333333,235.982166666667,9.58333333333333,14.0166666666667,2.06666666666667,13.3,11,4,0,2007-11-02,0.2867,0.283033333333333,0.3437722222222221,0.2687005314843407,7.070055899344174,True,552.6123563729217,High consumption anomaly detected at 2007-11-02 11:00. consumption was 553% above the recent 24-hour baseline. consumption increased 683% compared with the previous hour. consumption was 693% higher than the same hour on the previous day. sub-metering activity was 29.38.,High
2007-11-02 12:00:00,2.65643333333333,0.051733333333333,236.717333333333,11.23,8.41666666666667,10.6166666666667,17.2,12,4,0,2007-11-02,2.2435,0.255666666666667,0.4254583333333332,0.4711564384498556,4.735104559623747,True,524.3697972774453,High consumption anomaly detected at 2007-11-02 12:00. consumption was 524% above the recent 24-hour baseline. consumption was 939% higher than the same hour on the previous day. sub-metering activity was 36.23.,Moderate
2007-11-02 17:00:00,3.0781,0.1514,236.925166666667,13.02,0.0,4.2,17.2333333333333,17,4,0,2007-11-02,1.34536666666667,0.259066666666667,0.7514569444444442,0.7729789231291168,3.0099695941734215,True,309.61761319215094,High consumption anomaly detected at 2007-11-02 17:00. consumption was 310% above the recent 24-hour baseline. consumption increased 129% compared with the previous hour. consumption was 1088% higher than the same hour on the previous day. sub-metering activity was 21.43.,Moderate
2007-11-04 07:00:00,0.9623,0.0623,240.605833333333,3.98,0.0,0.266666666666667,11.5833333333333,7,6,1,2007-11-04,0.518933333333333,0.2644,0.3543930555555555,0.1925305509301454,3.1574570451678987,True,171.53466607619447,High consumption anomaly detected at 2007-11-04 07:00. consumption was 172% above the recent 24-hour baseline. consumption increased 85% compared with the previous hour. consumption was 264% higher than the same hour on the previous day. the event occurred during a weekend period. sub-metering activity was 11.85.,Moderate
2007-11-04 15:00:00,1.11096666666667,0.084766666666667,241.662,4.69,0.0,4.61666666666667,7.66666666666667,15,6,1,2007-11-04,0.871166666666667,0.253466666666667,0.37204305555555556,0.21973736903550092,3.362758070484285,True,198.6123917855992,High consumption anomaly detected at 2007-11-04 15:00. consumption was 199% above the recent 24-hour baseline. consumption was 338% higher than the same hour on the previous day. the event occurred during a weekend period. sub-metering activity was 12.28.,Moderate
2007-11-04 17:00:00,2.50396666666667,0.294833333333333,236.5195,10.65,0.0,0.35,14.0333333333333,17,6,1,2007-11-04,0.7918,0.280633333333333,0.4291944444444445,0.2743680282825223,7.562004345804426,True,483.41078247362697,High consumption anomaly detected at 2007-11-04 17:00. consumption was 483% above the recent 24-hour baseline. consumption increased 216% compared with the previous hour. consumption was 792% higher than the same hour on the previous day. the event occurred during a weekend period. sub-metering activity was 14.38.,High
2007-11-04 18:00:00,4.84356666666667,0.1097,233.572833333333,20.7166666666667,0.0,30.7833333333333,16.7333333333333,18,6,1,2007-11-04,2.50396666666667,0.252133333333333,0.5218333333333336,0.5025167954988706,8.600176893675686,True,828.182689236666,High consumption anomaly detected at 2007-11-04 18:00. consumption was 828% above the recent 24-hour baseline. consumption increased 93% compared with the previous hour. consumption was 1821% higher than the same hour on the previous day. the event occurred during a weekend period. sub-metering activity was 47.52.,High
2007-11-06 11:00:00,3.21403333333333,0.173033333333333,236.064,13.7333333333333,0.0,24.2333333333333,17.1,11,1,0,2007-11-06,1.8486,1.079,1.237070833333334,0.5907076450855839,3.346769787808597,True,159.80996776659876,High consumption anomaly detected at 2007-11-06 11:00. consumption was 160% above the recent 24-hour baseline. consumption increased 74% compared with the previous hour. consumption was 198% higher than the same hour on the previous day. sub-metering activity was 41.33.,Moderate
2007-11-07 19:00:00,4.48336666666667,0.2271,230.576833333333,19.5866666666667,18.4666666666667,0.333333333333333,12.2,19,2,0,2007-11-07,2.716,2.2011,1.0815069444444447,0.8310803126563279,4.093298409812022,True,314.5481163756848,High consumption anomaly detected at 2007-11-07 19:00. consumption was 315% above the recent 24-hour baseline. consumption increased 65% compared with the previous hour. consumption was 104% higher than the same hour on the previous day. sub-metering activity was 31.00.,Moderate
2007-11-12 20:00:00,4.75983333333333,0.231233333333333,235.347,20.32,0.0,26.5333333333333,13.4666666666667,20,0,0,2007-11-12,3.17846666666667,3.29823333333333,1.3492916666666674,0.9294640794565414,3.6693636064567547,True,252.76533983880384,High consumption anomaly detected at 2007-11-12 20:00. consumption was 253% above the recent 24-hour baseline. sub-metering activity was 40.00.,Moderate
2007-11-17 18:00:00,4.91236666666667,0.190633333333333,232.0705,21.1833333333333,0.0,22.1666666666667,16.55,18,5,1,2007-11-17,1.83243333333333,2.7812,1.3923319444444446,0.9343148075781623,3.7675039437151896,True,252.81576970689676,High consumption anomaly detected at 2007-11-17 18:00. consumption was 253% above the recent 24-hour baseline. consumption increased 168% compared with the previous hour. consumption was 77% higher than the same hour on the previous day. the event occurred during a weekend period. sub-metering activity was 38.72.,Moderate
2007-11-22 19:00:00,4.58306666666667,0.333033333333333,234.740666666667,19.6166666666667,19.9666666666667,0.0,6.31666666666667,19,3,0,2007-11-22,2.2059,2.0124,1.225009628060263,0.8895153276794283,3.7751536529077265,True,274.1249506686499,High consumption anomaly detected at 2007-11-22 19:00. consumption was 274% above the recent 24-hour baseline. consumption increased 108% compared with the previous hour. consumption was 128% higher than the same hour on the previous day. sub-metering activity was 26.28.,Moderate
2007-11-25 19:00:00,3.1197,0.215766666666667,239.328333333333,13.2133333333333,21.0,0.333333333333333,0.0,19,6,1,2007-11-25,1.32326666666667,0.744633333333333,0.7562652777777776,0.5940139086905233,3.978753169992782,True,312.5139804338205,High consumption anomaly detected at 2007-11-25 19:00. consumption was 313% above the recent 24-hour baseline. consumption increased 136% compared with the previous hour. consumption was 319% higher than the same hour on the previous day. the event occurred during a weekend period. sub-metering activity was 21.33.,Moderate
2007-11-25 20:00:00,3.75123333333333,0.086066666666667,239.246666666667,15.6733333333333,8.41666666666667,0.0,16.0166666666667,20,6,1,2007-11-25,3.1197,1.17236666666667,0.8552263888888887,0.765172819163352,3.7847749840499634,True,338.6246006986451,High consumption anomaly detected at 2007-11-25 20:00. consumption was 339% above the recent 24-hour baseline. consumption was 220% higher than the same hour on the previous day. the event occurred during a weekend period. sub-metering activity was 24.43.,Moderate
2007-11-30 13:00:00,4.56323333333333,0.227266666666667,240.5225,19.1666666666667,0.0,41.8333333333333,17.7333333333333,13,4,0,2007-11-30,2.70146666666667,1.2989,1.2882680555555555,0.8520913200067434,3.8434440075646554,True,254.21458396447406,High consumption anomaly detected at 2007-11-30 13:00. consumption was 254% above the recent 24-hour baseline. consumption increased 69% compared with the previous hour. consumption was 251% higher than the same hour on the previous day. sub-metering activity was 59.57.,Moderate
2007-12-04 12:00:00,4.05403333333333,0.2214,238.582666666667,17.1366666666667,8.95,27.4833333333333,14.2833333333333,12,1,0,2007-12-04,1.7451,0.861633333333333,1.1039069444444438,0.8938770433325929,3.300371578947918,True,267.24411905693535,High consumption anomaly detected at 2007-12-04 12:00. consumption was 267% above the recent 24-hour baseline. consumption increased 132% compared with the previous hour. consumption was 371% higher than the same hour on the previous day. sub-metering activity was 50.72.,Moderate
2007-12-04 21:00:00,5.06606666666667,0.125666666666667,237.411833333333,21.3833333333333,0.0,33.8666666666667,11.6666666666667,21,1,0,2007-12-04,2.4918,1.94813333333333,1.3426527777777768,1.0077139033507663,3.6949116971673286,True,277.31770644764254,High consumption anomaly detected at 2007-12-04 21:00. consumption was 277% above the recent 24-hour baseline. consumption increased 103% compared with the previous hour. consumption was 160% higher than the same hour on the previous day. sub-metering activity was 45.53.,Moderate
2007-12-06 20:00:00,4.73903333333333,0.3196,234.478666666667,20.3333333333333,23.1833333333333,0.1,15.8333333333333,20,3,0,2007-12-06,2.56986666666667,2.92,1.478798611111112,0.9198043636498413,3.5444871225500627,True,220.46509225300147,High consumption anomaly detected at 2007-12-06 20:00. consumption was 220% above the recent 24-hour baseline. consumption increased 84% compared with the previous hour. consumption was 62% higher than the same hour on the previous day. sub-metering activity was 39.12.,Moderate
2007-12-08 18:00:00,3.89536666666667,0.0719,233.1605,16.6733333333333,0.0,0.0,13.2166666666667,18,5,1,2007-12-08,1.3081,1.30033333333333,1.0686902777777776,0.7175762332865383,3.939200126434735,True,264.49912080857064,High consumption anomaly detected at 2007-12-08 18:00. consumption was 264% above the recent 24-hour baseline. consumption increased 198% compared with the previous hour. consumption was 200% higher than the same hour on the previous day. the event occurred during a weekend period. sub-metering activity was 13.22.,Moderate
2007-12-08 20:00:00,5.21293333333333,0.236533333333333,234.766333333333,22.22,0.0,25.15,16.9166666666667,20,5,1,2007-12-08,3.34503333333333,0.702433333333333,1.261944444444444,1.0217310236564667,3.866955977072606,True,313.087387189082,High consumption anomaly detected at 2007-12-08 20:00. consumption was 313% above the recent 24-hour baseline. consumption increased 56% compared with the previous hour. consumption was 642% higher than the same hour on the previous day. the event occurred during a weekend period. sub-metering activity was 42.07.,Moderate
2007-12-13 20:00:00,4.14263333333333,0.0739,236.620833333333,17.59,0.0,13.3,11.0166666666667,20,3,0,2007-12-13,2.6706,1.89683333333333,1.1443416666666664,0.7707460955413705,3.8901159331344637,True,262.01018052592076,High consumption anomaly detected at 2007-12-13 20:00. consumption was 262% above the recent 24-hour baseline. consumption increased 55% compared with the previous hour. consumption was 118% higher than the same hour on the previous day. sub-metering activity was 24.32.,Moderate
2007-12-14 12:00:00,4.4303,0.188,237.458,18.8066666666667,9.01666666666667,32.7833333333333,17.3166666666667,12,4,0,2007-12-14,1.31763333333333,1.50636666666667,1.2855624999999993,0.9877998412669436,3.1835776527019757,True,244.6195731440519,High consumption anomaly detected at 2007-12-14 12:00. consumption was 245% above the recent 24-hour baseline. consumption increased 236% compared with the previous hour. consumption was 194% higher than the same hour on the previous day. sub-metering activity was 59.12.,Moderate
2007-12-15 17:00:00,4.33306666666667,0.058666666666667,233.744666666667,18.55,8.56666666666667,0.15,16.7833333333333,17,5,1,2007-12-15,2.3434,1.5234,1.3539513888888892,0.9195856394107851,3.2396278824956615,True,220.03118444470675,High consumption anomaly detected at 2007-12-15 17:00. consumption was 220% above the recent 24-hour baseline. consumption increased 85% compared with the previous hour. consumption was 184% higher than the same hour on the previous day. the event occurred during a weekend period. sub-metering activity was 25.50.,Moderate
2007-12-22 14:00:00,4.2451,0.0807,239.144333333333,17.8433333333333,10.0333333333333,37.2833333333333,17.55,14,5,1,2007-12-22,1.7384,1.68186666666667,1.3508388888888894,0.8478339604597427,3.4137121725363317,True,214.25657307598973,High consumption anomaly detected at 2007-12-22 14:00. consumption was 214% above the recent 24-hour baseline. consumption increased 144% compared with the previous hour. consumption was 152% higher than the same hour on the previous day. the event occurred during a weekend period. sub-metering activity was 64.87.,Moderate
2007-12-22 20:00:00,4.9255,0.347066666666667,235.427,21.2566666666667,15.9333333333333,18.8,0.083333333333333,20,5,1,2007-12-22,2.78593333333333,3.12243333333333,1.451366666666667,1.0168807065257666,3.416461056875508,True,239.3697893939046,High consumption anomaly detected at 2007-12-22 20:00. consumption was 239% above the recent 24-hour baseline. consumption increased 77% compared with the previous hour. consumption was 58% higher than the same hour on the previous day. the event occurred during a weekend period. sub-metering activity was 34.82.,Moderate
2007-12-23 19:00:00,6.488,0.420266666666667,233.127166666667,27.9433333333333,12.7,38.2333333333333,11.9666666666667,19,6,1,2007-12-23,3.12666666666667,2.78593333333333,1.748633333333334,1.2559366207969769,3.7735715227884805,True,271.03261594769236,High consumption anomaly detected at 2007-12-23 19:00. consumption was 271% above the recent 24-hour baseline. consumption increased 108% compared with the previous hour. consumption was 133% higher than the same hour on the previous day. the event occurred during a weekend period. sub-metering activity was 62.90.,Moderate
2007-12-27 19:00:00,5.1752,0.329833333333333,233.866,22.34,23.4666666666667,4.95,8.86666666666667,19,3,0,2007-12-27,3.19693333333333,0.9464,1.210602777777777,0.8805927790437652,4.502191383544361,True,327.48951968372074,High consumption anomaly detected at 2007-12-27 19:00. consumption was 327% above the recent 24-hour baseline. consumption increased 62% compared with the previous hour. consumption was 447% higher than the same hour on the previous day. sub-metering activity was 37.28.,Moderate
2007-12-29 19:00:00,5.2267,0.301933333333333,233.8785,22.37,24.9666666666667,0.183333333333333,16.8,19,5,1,2007-12-29,3.29833333333333,2.51986666666667,2.3734791666666673,0.8676436186960615,3.2884709480388925,True,120.21259227399996,High consumption anomaly detected at 2007-12-29 19:00. consumption was 120% above the recent 24-hour baseline. consumption increased 58% compared with the previous hour. consumption was 107% higher than the same hour on the previous day. the event occurred during a weekend period. sub-metering activity was 41.95.,Moderate
2008-01-08 13:00:00,4.36503333333333,0.153966666666667,235.920166666667,18.6866666666667,7.71666666666667,33.6666666666667,17.1,13,1,0,2008-01-08,3.26393333333333,0.5053,1.099715277777778,1.0251081625965826,3.1853400203979976,True,296.9239512752665,High consumption anomaly detected at 2008-01-08 13:00. consumption was 297% above the recent 24-hour baseline. consumption was 764% higher than the same hour on the previous day. sub-metering activity was 58.48.,Moderate
2008-01-11 22:00:00,3.05746666666667,0.050266666666667,237.574,12.8933333333333,11.0166666666667,0.0,17.3333333333333,22,4,0,2008-01-11,1.4814,0.976433333333333,1.0319291666666668,0.6068220591967458,3.3379430910623453,True,196.28648607179946,High consumption anomaly detected at 2008-01-11 22:00. consumption was 196% above the recent 24-hour baseline. consumption increased 106% compared with the previous hour. consumption was 213% higher than the same hour on the previous day. sub-metering activity was 28.35.,Moderate
2008-01-12 18:00:00,5.1968,0.142166666666667,231.193166666667,22.5566666666667,17.5166666666667,0.183333333333333,11.7666666666667,18,5,1,2008-01-12,2.62556666666667,1.36356666666667,1.4480166666666674,0.8447552476343638,4.437715354632424,True,258.89089674382177,High consumption anomaly detected at 2008-01-12 18:00. consumption was 259% above the recent 24-hour baseline. consumption increased 98% compared with the previous hour. consumption was 281% higher than the same hour on the previous day. the event occurred during a weekend period. sub-metering activity was 29.47.,Moderate
2008-01-14 20:00:00,5.13686666666667,0.122066666666667,232.358333333333,22.24,39.2333333333333,0.0,13.15,20,0,0,2008-01-14,3.00753333333333,2.91773333333333,1.1706361111111108,0.8879453600348401,4.466750696686941,True,338.8098588374321,High consumption anomaly detected at 2008-01-14 20:00. consumption was 339% above the recent 24-hour baseline. consumption increased 71% compared with the previous hour. consumption was 76% higher than the same hour on the previous day. sub-metering activity was 52.38.,Moderate
2008-01-14 21:00:00,4.7452,0.1255,234.259,20.3033333333333,41.0,0.0,6.98333333333333,21,0,0,2008-01-14,5.13686666666667,2.28296666666667,1.2631,1.1535903604443565,3.0184891616628233,True,275.67888528224216,High consumption anomaly detected at 2008-01-14 21:00. consumption was 276% above the recent 24-hour baseline. consumption was 108% higher than the same hour on the previous day. sub-metering activity was 47.98.,Moderate
2008-01-24 20:00:00,3.5317,0.0827,234.571666666667,15.1266666666667,8.63333333333333,0.633333333333333,12.2,20,3,0,2008-01-24,2.29543333333333,2.16446666666667,0.9977902777777778,0.8353011841020183,3.0335282296364454,True,253.95213590030187,High consumption anomaly detected at 2008-01-24 20:00. consumption was 254% above the recent 24-hour baseline. consumption increased 54% compared with the previous hour. consumption was 63% higher than the same hour on the previous day. sub-metering activity was 21.47.,Moderate
2008-01-26 18:00:00,3.7629,0.205,232.4695,16.2966666666667,11.6333333333333,0.133333333333333,16.6,18,5,1,2008-01-26,2.05916666666667,1.46426666666667,1.4534555555555562,0.7028268536759109,3.2859365466268597,True,158.89336523686836,High consumption anomaly detected at 2008-01-26 18:00. consumption was 159% above the recent 24-hour baseline. consumption increased 83% compared with the previous hour. consumption was 157% higher than the same hour on the previous day. the event occurred during a weekend period. sub-metering activity was 28.37.,Moderate
2008-01-26 19:00:00,6.0138,0.460766666666667,231.192666666667,26.16,32.4666666666667,0.0,16.45,19,5,1,2008-01-26,3.7629,2.4878,1.5492319444444451,0.8463340497213772,5.275184257357177,True,288.17944734263466,High consumption anomaly detected at 2008-01-26 19:00. consumption was 288% above the recent 24-hour baseline. consumption increased 60% compared with the previous hour. consumption was 142% higher than the same hour on the previous day. the event occurred during a weekend period. sub-metering activity was 48.92.,Moderate
2008-01-29 12:00:00,3.9499,0.129133333333333,237.089666666667,16.82,14.6333333333333,14.5166666666667,17.2666666666667,12,1,0,2008-01-29,1.75223333333333,1.9101,1.5215416666666666,0.6733938453401703,3.6061486901571382,True,159.59854314428898,High consumption anomaly detected at 2008-01-29 12:00. consumption was 160% above the recent 24-hour baseline. consumption increased 125% compared with the previous hour. consumption was 107% higher than the same hour on the previous day. sub-metering activity was 46.42.,Moderate
2008-01-29 13:00:00,4.46046666666667,0.2167,237.019333333333,19.0033333333333,9.6,32.4833333333333,17.25,13,1,0,2008-01-29,3.9499,1.61513333333333,1.6065333333333331,0.8341135322230857,3.4215166438158744,True,177.64544775500065,High consumption anomaly detected at 2008-01-29 13:00. consumption was 178% above the recent 24-hour baseline. consumption was 176% higher than the same hour on the previous day. sub-metering activity was 59.33.,Moderate
2008-01-31 20:00:00,3.80693333333333,0.0607,239.271166666667,15.95,9.11666666666667,0.033333333333333,15.6833333333333,20,3,0,2008-01-31,1.8695,0.4572,0.916930555555556,0.6312124061923037,4.578494892410769,True,315.1822960056948,High consumption anomaly detected at 2008-01-31 20:00. consumption was 315% above the recent 24-hour baseline. consumption increased 104% compared with the previous hour. consumption was 733% higher than the same hour on the previous day. sub-metering activity was 24.83.,Moderate
2008-01-31 21:00:00,3.93023333333333,0.179633333333333,237.301666666667,16.6,10.2,0.0,17.3,21,3,0,2008-01-31,3.80693333333333,0.4913,1.056502777777778,0.8555980234158472,3.358739123873396,True,272.004070031892,High consumption anomaly detected at 2008-01-31 21:00. consumption was 272% above the recent 24-hour baseline. consumption was 700% higher than the same hour on the previous day. sub-metering activity was 27.50.,Moderate
2008-02-02 08:00:00,2.51703333333333,0.080633333333333,240.597,10.49,0.0,0.0,12.9833333333333,8,5,1,2008-02-02,0.425633333333333,1.69556666666667,0.842379166666667,0.5177744993293876,3.234331101349421,True,198.80052035158303,High consumption anomaly detected at 2008-02-02 08:00. consumption was 199% above the recent 24-hour baseline. consumption increased 491% compared with the previous hour. the event occurred during a weekend period. sub-metering activity was 12.98.,Moderate
2008-02-02 16:00:00,3.26538983050847,0.411593220338983,239.851355932203,13.793220338983,13.8813559322034,7.52542372881356,17.6440677966102,16,5,1,2008-02-02,1.9721,1.6689,1.1137305555555554,0.6994110179781557,3.0763874455007736,True,193.19388017325386,High consumption anomaly detected at 2008-02-02 16:00. consumption was 193% above the recent 24-hour baseline. consumption increased 66% compared with the previous hour. consumption was 96% higher than the same hour on the previous day. the event occurred during a weekend period. sub-metering activity was 39.05.,Moderate
2008-02-02 19:00:00,6.49603333333333,0.4274,231.303333333333,28.2,19.1666666666667,30.7,16.4333333333333,19,5,1,2008-02-02,2.78616666666667,1.09613333333333,1.3332287429378529,0.8867218393579573,5.822349649280855,True,387.2407205247402,High consumption anomaly detected at 2008-02-02 19:00. consumption was 387% above the recent 24-hour baseline. consumption increased 133% compared with the previous hour. consumption was 493% higher than the same hour on the previous day. the event occurred during a weekend period. sub-metering activity was 66.30.,Moderate
2008-02-09 20:00:00,3.92086666666667,0.324833333333333,237.060166666667,16.5633333333333,0.0,21.3666666666667,13.0666666666667,20,5,1,2008-02-09,2.0024,1.2638,1.3118652777777773,0.8332371559269943,3.131163043235059,True,198.87723481090893,High consumption anomaly detected at 2008-02-09 20:00. consumption was 199% above the recent 24-hour baseline. consumption increased 96% compared with the previous hour. consumption was 210% higher than the same hour on the previous day. the event occurred during a weekend period. sub-metering activity was 34.43.,Moderate
2008-02-13 19:00:00,3.0848,0.0635,233.940333333333,13.1733333333333,0.0,0.833333333333333,4.38333333333333,19,2,0,2008-02-13,2.44906666666667,0.740166666666667,1.0744500000000001,0.6665535658409325,3.0160366743574714,True,187.10503048071104,High consumption anomaly detected at 2008-02-13 19:00. consumption was 187% above the recent 24-hour baseline. consumption was 317% higher than the same hour on the previous day. sub-metering activity was 5.22.,Moderate
2008-02-15 21:00:00,3.86523333333333,0.056966666666667,235.774,16.43,8.98333333333333,0.133333333333333,16.7166666666667,21,4,0,2008-02-15,0.768733333333333,1.82356666666667,1.2513513888888887,0.7801675266632275,3.350411104168871,True,208.8847279552215,High consumption anomaly detected at 2008-02-15 21:00. consumption was 209% above the recent 24-hour baseline. consumption increased 403% compared with the previous hour. consumption was 112% higher than the same hour on the previous day. sub-metering activity was 25.83.,Moderate
2008-02-20 19:00:00,4.7124,0.315866666666667,235.981333333333,20.2,19.7333333333333,5.46666666666667,3.91666666666667,19,2,0,2008-02-20,3.1575,1.9246,1.2468402777777776,0.9528381765665251,3.6370915937794233,True,277.9473669553594,High consumption anomaly detected at 2008-02-20 19:00. consumption was 278% above the recent 24-hour baseline. consumption was 145% higher than the same hour on the previous day. sub-metering activity was 29.12.,Moderate
2008-02-23 19:00:00,3.94886666666667,0.275566666666667,233.513833333333,16.9633333333333,9.56666666666667,0.366666666666667,16.75,19,5,1,2008-02-23,3.18743333333333,0.876866666666667,1.0655053160919536,0.9068243193927582,3.1796250816315976,True,270.60975736378975,High consumption anomaly detected at 2008-02-23 19:00. consumption was 271% above the recent 24-hour baseline. consumption was 350% higher than the same hour on the previous day. the event occurred during a weekend period. sub-metering activity was 26.68.,Moderate
2008-02-25 16:00:00,1.09046666666667,0.043866666666667,241.0565,4.45,0.0,0.0,13.7833333333333,16,0,0,2008-02-25,0.4007,0.258233333333333,0.3464319444444444,0.19689290217152963,3.7788803660074843,True,214.7708183826399,High consumption anomaly detected at 2008-02-25 16:00. consumption was 215% above the recent 24-hour baseline. consumption increased 172% compared with the previous hour. consumption was 322% higher than the same hour on the previous day. sub-metering activity was 13.78.,Moderate
2008-02-27 22:00:00,1.23496666666667,0.037366666666667,239.245166666667,5.09,0.0,0.0,16.2833333333333,22,2,0,2008-02-27,0.246133333333333,0.2603,0.3509569444444443,0.1948913262097821,4.535911060868213,True,251.8855193538313,High consumption anomaly detected at 2008-02-27 22:00. consumption was 252% above the recent 24-hour baseline. consumption increased 402% compared with the previous hour. consumption was 374% higher than the same hour on the previous day. sub-metering activity was 16.28.,Moderate
2008-02-29 06:00:00,0.950466666666667,0.062833333333333,239.572666666667,3.95,0.0,0.333333333333333,11.2166666666667,6,4,0,2008-02-29,0.261733333333333,0.279266666666667,0.35407361111111113,0.19384674283602546,3.0766214940224375,True,168.43758948429596,High consumption anomaly detected at 2008-02-29 06:00. consumption was 168% above the recent 24-hour baseline. consumption increased 263% compared with the previous hour. consumption was 240% higher than the same hour on the previous day. sub-metering activity was 11.55.,Moderate
2008-02-29 10:00:00,2.12136666666667,0.069633333333333,235.490666666667,8.98666666666667,0.0,9.98333333333333,14.5666666666667,10,4,0,2008-02-29,0.8558,0.247633333333333,0.37610138888888883,0.2206391605693218,7.910043136832197,True,464.0411679770166,High consumption anomaly detected at 2008-02-29 10:00. consumption was 464% above the recent 24-hour baseline. consumption increased 148% compared with the previous hour. consumption was 757% higher than the same hour on the previous day. sub-metering activity was 24.55.,High
2008-02-29 11:00:00,2.8479,0.056966666666667,236.2355,12.0266666666667,0.0,21.05,17.1333333333333,11,4,0,2008-02-29,2.12136666666667,0.251533333333333,0.45417361111111115,0.4171767441305918,5.737919053655503,True,527.0509625235088,High consumption anomaly detected at 2008-02-29 11:00. consumption was 527% above the recent 24-hour baseline. consumption was 1032% higher than the same hour on the previous day. sub-metering activity was 38.18.,Moderate
2008-02-29 12:00:00,2.71083333333333,0.1429,237.3125,11.4666666666667,0.0,18.9333333333333,17.3,12,4,0,2008-02-29,2.8479,0.292566666666667,0.5623555555555556,0.6396609486619912,3.358775898813029,True,382.0497115308616,High consumption anomaly detected at 2008-02-29 12:00. consumption was 382% above the recent 24-hour baseline. consumption was 827% higher than the same hour on the previous day. sub-metering activity was 36.23.,Moderate
2008-03-01 20:00:00,2.3046,0.110933333333333,237.202333333333,9.70666666666667,0.0,10.4833333333333,0.0,20,5,1,2008-03-01,1.137,0.5302,0.6706430555555555,0.2523678490894321,6.474505173063531,True,243.64032862323276,High consumption anomaly detected at 2008-03-01 20:00. consumption was 244% above the recent 24-hour baseline. consumption increased 103% compared with the previous hour. consumption was 335% higher than the same hour on the previous day. the event occurred during a weekend period. sub-metering activity was 10.48.,High
2008-03-02 11:00:00,2.9585,0.113,235.497,12.6433333333333,0.0,37.6,5.25,11,6,1,2008-03-02,1.2668,0.566133333333333,0.6924513888888889,0.5007631432142868,4.5251904853976495,True,327.25020809723907,High consumption anomaly detected at 2008-03-02 11:00. consumption was 327% above the recent 24-hour baseline. consumption increased 134% compared with the previous hour. consumption was 423% higher than the same hour on the previous day. the event occurred during a weekend period. sub-metering activity was 42.85.,Moderate
2008-03-03 17:00:00,1.65656666666667,0.107333333333333,241.481166666667,6.90333333333333,0.0,17.8833333333333,0.0,17,0,0,2008-03-03,0.7573,0.442733333333333,0.6893333333333332,0.2950189758901383,3.278546169496309,True,140.31431334622877,High consumption anomaly detected at 2008-03-03 17:00. consumption was 140% above the recent 24-hour baseline. consumption increased 119% compared with the previous hour. consumption was 274% higher than the same hour on the previous day. sub-metering activity was 17.88.,Moderate
2008-03-04 16:00:00,3.4114,0.101333333333333,238.775,14.38,14.6,8.91666666666667,17.5,16,1,0,2008-03-04,1.5706,0.7573,0.8610652777777782,0.4174724853069055,6.108988764486694,True,296.1836678403848,High consumption anomaly detected at 2008-03-04 16:00. consumption was 296% above the recent 24-hour baseline. consumption increased 117% compared with the previous hour. consumption was 350% higher than the same hour on the previous day. sub-metering activity was 41.02.,High
2008-03-04 17:00:00,3.4702,0.064033333333333,238.0065,14.7233333333333,6.21666666666667,16.3333333333333,17.3833333333333,17,1,0,2008-03-04,3.4114,1.65656666666667,0.9716527777777784,0.6662172588082474,3.750348987793726,True,257.1440415100271,High consumption anomaly detected at 2008-03-04 17:00. consumption was 257% above the recent 24-hour baseline. consumption was 109% higher than the same hour on the previous day. sub-metering activity was 39.93.,Moderate
2008-03-05 18:00:00,3.40166666666667,0.2277,236.717833333333,14.5466666666667,0.0,27.2,0.0,18,2,0,2008-03-05,2.01166666666667,1.54046666666667,0.9046694444444442,0.8054641461397178,3.1000724665267603,True,276.0121100094883,High consumption anomaly detected at 2008-03-05 18:00. consumption was 276% above the recent 24-hour baseline. consumption increased 69% compared with the previous hour. consumption was 121% higher than the same hour on the previous day. sub-metering activity was 27.20.,Moderate
2008-03-05 21:00:00,4.64876666666667,0.051333333333333,235.7145,19.7933333333333,8.8,15.6833333333333,9.8,21,2,0,2008-03-05,2.0588,1.3592,1.0626583333333335,1.017355929633471,3.524929898059694,True,337.46578941177415,High consumption anomaly detected at 2008-03-05 21:00. consumption was 337% above the recent 24-hour baseline. consumption increased 126% compared with the previous hour. consumption was 242% higher than the same hour on the previous day. sub-metering activity was 34.28.,Moderate
2008-03-07 11:00:00,4.50973333333333,0.076333333333333,235.882666666667,19.2233333333333,0.0,41.3833333333333,17.0666666666667,11,4,0,2008-03-07,1.34306666666667,1.29923333333333,1.2230958333333335,0.7414383647518099,4.4327858608991315,True,268.714634653185,High consumption anomaly detected at 2008-03-07 11:00. consumption was 269% above the recent 24-hour baseline. consumption increased 236% compared with the previous hour. consumption was 247% higher than the same hour on the previous day. sub-metering activity was 58.45.,Moderate
2008-03-08 19:00:00,4.41963333333333,0.368033333333333,235.974666666667,18.8566666666667,19.7166666666667,0.7,17.0833333333333,19,5,1,2008-03-08,2.8259,1.21203333333333,1.3640527777777784,0.9937336082404223,3.0748487625028473,True,224.00750215350865,High consumption anomaly detected at 2008-03-08 19:00. consumption was 224% above the recent 24-hour baseline. consumption increased 56% compared with the previous hour. consumption was 265% higher than the same hour on the previous day. the event occurred during a weekend period. sub-metering activity was 37.50.,Moderate
2008-03-11 12:00:00,3.68763333333333,0.329066666666667,235.826833333333,15.9566666666667,0.0,20.55,17.0833333333333,12,1,0,2008-03-11,1.9352,1.42316666666667,0.9937805555555556,0.7431289994657829,3.6250136648069433,True,271.0711899843747,High consumption anomaly detected at 2008-03-11 12:00. consumption was 271% above the recent 24-hour baseline. consumption increased 91% compared with the previous hour. consumption was 159% higher than the same hour on the previous day. sub-metering activity was 37.63.,Moderate
2008-03-13 20:00:00,4.6837,0.067966666666667,234.262166666667,20.12,9.53333333333333,14.0166666666667,16.85,20,3,0,2008-03-13,2.97636666666667,2.81883333333333,1.0697555555555558,0.9065980133676579,3.9862699798117256,True,337.82899520139586,High consumption anomaly detected at 2008-03-13 20:00. consumption was 338% above the recent 24-hour baseline. consumption increased 57% compared with the previous hour. consumption was 66% higher than the same hour on the previous day. sub-metering activity was 40.40.,Moderate
2008-03-13 21:00:00,5.01416666666667,0.114966666666667,234.5005,21.4733333333333,10.1166666666667,28.4,15.3166666666667,21,3,0,2008-03-13,4.6837,2.95126666666667,1.1474583333333337,1.1182395925311988,3.4578531820545026,True,336.9802825084427,High consumption anomaly detected at 2008-03-13 21:00. consumption was 337% above the recent 24-hour baseline. consumption was 70% higher than the same hour on the previous day. sub-metering activity was 53.83.,Moderate
2008-03-16 18:00:00,3.04603333333333,0.245,238.998166666667,13.05,17.6666666666667,0.0,9.18333333333334,18,6,1,2008-03-16,0.3876,0.943433333333333,0.9442263888888885,0.5825017588229242,3.6082413702777734,True,222.59565811518223,High consumption anomaly detected at 2008-03-16 18:00. consumption was 223% above the recent 24-hour baseline. consumption increased 686% compared with the previous hour. consumption was 223% higher than the same hour on the previous day. the event occurred during a weekend period. sub-metering activity was 26.85.,Moderate
2008-03-18 16:00:00,3.7211,0.0904,237.816166666667,15.73,0.0,36.3666666666667,17.35,16,1,0,2008-03-18,1.72876666666667,1.7797,1.0494291666666669,0.6698888662111553,3.988229940951425,True,254.58324565339083,High consumption anomaly detected at 2008-03-18 16:00. consumption was 255% above the recent 24-hour baseline. consumption increased 115% compared with the previous hour. consumption was 109% higher than the same hour on the previous day. sub-metering activity was 53.72.,Moderate
2008-03-21 16:00:00,3.63283333333333,0.2351,239.503166666667,15.2166666666667,3.66666666666667,32.2833333333333,17.6,16,4,0,2008-03-21,2.75986666666667,0.284066666666667,1.0969958333333336,0.781683656087576,3.2440712815874635,True,231.16199924794572,High consumption anomaly detected at 2008-03-21 16:00. consumption was 231% above the recent 24-hour baseline. consumption was 1179% higher than the same hour on the previous day. sub-metering activity was 53.55.,Moderate
2008-03-28 11:00:00,3.4577,0.1234,239.447666666667,14.5066666666667,0.0,30.6666666666667,17.5833333333333,11,4,0,2008-03-28,2.17393333333333,1.4875,1.0408333333333328,0.7268530739503718,3.325110332864447,True,232.20496397117714,High consumption anomaly detected at 2008-03-28 11:00. consumption was 232% above the recent 24-hour baseline. consumption increased 59% compared with the previous hour. consumption was 132% higher than the same hour on the previous day. sub-metering activity was 48.25.,Moderate
2008-03-28 19:00:00,3.82596666666667,0.2815,236.4595,16.31,19.9833333333333,0.1,11.6833333333333,19,4,0,2008-03-28,0.502933333333333,0.9602,1.1661263888888882,0.8819579532507925,3.0158356959919983,True,228.09193781405966,High consumption anomaly detected at 2008-03-28 19:00. consumption was 228% above the recent 24-hour baseline. consumption increased 661% compared with the previous hour. consumption was 298% higher than the same hour on the previous day. sub-metering activity was 31.77.,Moderate
2008-04-01 14:00:00,3.89376666666667,0.3283,241.493333333333,16.2933333333333,0.0,29.6166666666667,17.8833333333333,14,1,0,2008-04-01,3.34573333333333,0.288833333333333,1.1570319444444448,0.901426820492542,3.036003211804666,True,236.53061053005615,High consumption anomaly detected at 2008-04-01 14:00. consumption was 237% above the recent 24-hour baseline. consumption was 1248% higher than the same hour on the previous day. sub-metering activity was 47.50.,Moderate
2008-04-02 21:00:00,3.40636666666667,0.075766666666667,235.206,14.4566666666667,5.56666666666667,0.6,16.3333333333333,21,2,0,2008-04-02,1.6285,2.4909,1.055947222222222,0.760728731918823,3.0896945860265737,True,222.58872365780107,High consumption anomaly detected at 2008-04-02 21:00. consumption was 223% above the recent 24-hour baseline. consumption increased 109% compared with the previous hour. sub-metering activity was 22.50.,Moderate
2008-04-05 20:00:00,3.84123333333333,0.2773,236.167333333333,16.4,19.8166666666667,1.08333333333333,17.75,20,5,1,2008-04-05,2.1365,2.14023333333333,1.3399569444444446,0.7792445596330997,3.2098734061955967,True,186.66841492626705,High consumption anomaly detected at 2008-04-05 20:00. consumption was 187% above the recent 24-hour baseline. consumption increased 80% compared with the previous hour. consumption was 79% higher than the same hour on the previous day. the event occurred during a weekend period. sub-metering activity was 38.65.,Moderate
2008-04-12 14:00:00,3.50823333333333,0.524666666666667,240.4965,14.86,18.4333333333333,8.05,19.15,14,5,1,2008-04-12,0.905466666666667,0.301366666666667,1.1933013888888886,0.6703221277307766,3.4534619232713055,True,193.9939034680861,High consumption anomaly detected at 2008-04-12 14:00. consumption was 194% above the recent 24-hour baseline. consumption increased 287% compared with the previous hour. consumption was 1064% higher than the same hour on the previous day. the event occurred during a weekend period. sub-metering activity was 45.63.,Moderate
2008-04-12 18:00:00,5.65643333333333,0.407166666666667,237.866,23.9733333333333,23.6166666666667,20.8166666666667,18.6166666666667,18,5,1,2008-04-12,3.07976666666667,1.4223,1.502972222222222,0.9514397161132878,4.365448531072835,True,276.3498253460734,High consumption anomaly detected at 2008-04-12 18:00. consumption was 276% above the recent 24-hour baseline. consumption increased 84% compared with the previous hour. consumption was 298% higher than the same hour on the previous day. the event occurred during a weekend period. sub-metering activity was 63.05.,Moderate
2008-04-15 12:00:00,4.46356666666667,0.238866666666667,235.7335,19.2033333333333,8.3,31.3166666666667,17.6833333333333,12,1,0,2008-04-15,2.77766666666667,1.48166666666667,1.0759069444444445,0.7810689418239878,4.3372096121389845,True,314.8654946150086,High consumption anomaly detected at 2008-04-15 12:00. consumption was 315% above the recent 24-hour baseline. consumption increased 61% compared with the previous hour. consumption was 201% higher than the same hour on the previous day. sub-metering activity was 57.30.,Moderate
2008-04-17 20:00:00,3.03693333333333,0.317166666666667,237.146333333333,12.9533333333333,15.3833333333333,0.966666666666667,11.1333333333333,20,3,0,2008-04-17,0.697566666666667,2.1598,0.8394111111111112,0.5932899162315985,3.7039601754572673,True,261.79332071425694,High consumption anomaly detected at 2008-04-17 20:00. consumption was 262% above the recent 24-hour baseline. consumption increased 335% compared with the previous hour. sub-metering activity was 27.48.,Moderate
2008-04-17 21:00:00,3.8928,0.126066666666667,237.422333333333,16.45,13.2666666666667,0.2,18.5666666666667,21,3,0,2008-04-17,3.03693333333333,1.76636666666667,0.8759583333333333,0.6962463825698114,4.333008748327929,True,344.4046996147077,High consumption anomaly detected at 2008-04-17 21:00. consumption was 344% above the recent 24-hour baseline. consumption was 120% higher than the same hour on the previous day. sub-metering activity was 32.03.,Moderate
2008-04-19 15:00:00,3.53363333333333,0.498533333333333,239.9435,15.1133333333333,22.55,18.25,6.5,15,5,1,2008-04-19,2.29436666666667,0.665766666666667,1.05305,0.7208434661598262,3.441223302679326,True,235.56178085877497,High consumption anomaly detected at 2008-04-19 15:00. consumption was 236% above the recent 24-hour baseline. consumption increased 54% compared with the previous hour. consumption was 431% higher than the same hour on the previous day. the event occurred during a weekend period. sub-metering activity was 47.30.,Moderate
2008-04-20 21:00:00,5.6713,0.2595,233.390833333333,24.36,9.2,37.6,17.3333333333333,21,6,1,2008-04-20,2.9073,2.96446666666667,1.1959819444444446,0.8393179901545169,5.332088800731719,True,374.19612196858213,High consumption anomaly detected at 2008-04-20 21:00. consumption was 374% above the recent 24-hour baseline. consumption increased 95% compared with the previous hour. consumption was 91% higher than the same hour on the previous day. the event occurred during a weekend period. sub-metering activity was 64.13.,Moderate
2008-04-22 13:00:00,2.67953333333333,0.1397,238.96,11.2833333333333,0.0,18.4,9.96666666666667,13,1,0,2008-04-22,0.324,0.426466666666667,0.7549486111111104,0.6199292442078204,3.1045232019688953,True,254.92923543361107,High consumption anomaly detected at 2008-04-22 13:00. consumption was 255% above the recent 24-hour baseline. consumption increased 727% compared with the previous hour. consumption was 528% higher than the same hour on the previous day. sub-metering activity was 28.37.,Moderate
2008-04-22 15:00:00,3.49406666666667,0.235166666666667,238.4175,14.7333333333333,0.0,31.3166666666667,19.0,15,1,0,2008-04-22,2.98506666666667,0.3296,0.9586722222222216,0.8404882499626529,3.016573336459027,True,264.4693760467319,High consumption anomaly detected at 2008-04-22 15:00. consumption was 264% above the recent 24-hour baseline. consumption was 960% higher than the same hour on the previous day. sub-metering activity was 50.32.,Moderate
2008-04-23 20:00:00,2.07743333333333,0.158166666666667,237.573333333333,8.78,6.5,0.55,17.9333333333333,20,2,0,2008-04-23,1.52613333333333,0.9043,0.713713888888889,0.4503253644921617,3.028298097270907,True,191.07368732412954,High consumption anomaly detected at 2008-04-23 20:00. consumption was 191% above the recent 24-hour baseline. consumption was 130% higher than the same hour on the previous day. sub-metering activity was 24.98.,Moderate
2008-04-23 21:00:00,2.693,0.226933333333333,235.014166666667,11.5166666666667,16.3833333333333,0.766666666666667,1.86666666666667,21,2,0,2008-04-23,2.07743333333333,1.15256666666667,0.7625944444444445,0.5287516770719939,3.650873631730751,True,253.13658781790232,High consumption anomaly detected at 2008-04-23 21:00. consumption was 253% above the recent 24-hour baseline. consumption was 134% higher than the same hour on the previous day. sub-metering activity was 19.02.,Moderate
2008-04-25 13:00:00,3.09776666666667,0.140166666666667,237.993333333333,13.17,13.7333333333333,9.13333333333333,18.8166666666667,13,4,0,2008-04-25,0.879666666666667,0.309633333333333,0.7442569444444449,0.457810392420947,5.140795755589188,True,316.2227426683961,High consumption anomaly detected at 2008-04-25 13:00. consumption was 316% above the recent 24-hour baseline. consumption increased 252% compared with the previous hour. consumption was 900% higher than the same hour on the previous day. sub-metering activity was 41.68.,Moderate
2008-04-26 21:00:00,1.8937,0.1673,238.345666666667,7.97,0.0,0.683333333333333,16.25,21,5,1,2008-04-26,0.553033333333333,0.472433333333333,0.5441291666666666,0.20424916140240265,6.6074730690055015,True,248.0239832760298,High consumption anomaly detected at 2008-04-26 21:00. consumption was 248% above the recent 24-hour baseline. consumption increased 242% compared with the previous hour. consumption was 301% higher than the same hour on the previous day. the event occurred during a weekend period. sub-metering activity was 16.93.,High
2008-04-29 10:00:00,2.2723,0.108633333333333,236.152833333333,9.80666666666667,8.9,14.2166666666667,6.86666666666667,10,1,0,2008-04-29,0.365666666666667,0.554366666666667,0.45291805555555537,0.20099040426521436,9.052083611134499,True,401.70223335715025,High consumption anomaly detected at 2008-04-29 10:00. consumption was 402% above the recent 24-hour baseline. consumption increased 521% compared with the previous hour. consumption was 310% higher than the same hour on the previous day. sub-metering activity was 29.98.,High
2008-04-29 11:00:00,2.57716666666667,0.1155,236.8765,10.93,10.65,1.95,17.8333333333333,11,1,0,2008-04-29,2.2723,0.687433333333333,0.524498611111111,0.42251948741374523,4.858161852178708,True,391.3581489200011,High consumption anomaly detected at 2008-04-29 11:00. consumption was 391% above the recent 24-hour baseline. consumption was 275% higher than the same hour on the previous day. sub-metering activity was 30.43.,Moderate
2008-04-29 12:00:00,4.58916666666667,0.279933333333333,239.014666666667,19.3033333333333,3.81666666666667,39.7333333333333,19.0666666666667,12,1,0,2008-04-29,2.57716666666667,0.458766666666667,0.6032375,0.5950566438602152,6.6984029298612535,True,660.7561974623047,High consumption anomaly detected at 2008-04-29 12:00. consumption was 661% above the recent 24-hour baseline. consumption increased 78% compared with the previous hour. consumption was 900% higher than the same hour on the previous day. sub-metering activity was 62.62.,High
2008-04-29 13:00:00,3.8032,0.447733333333333,239.929333333333,16.0866666666667,0.0,24.55,18.2833333333333,13,1,0,2008-04-29,4.58916666666667,0.325266666666667,0.7753375,1.006501540555856,3.00830389025318,True,390.52186950843986,High consumption anomaly detected at 2008-04-29 13:00. consumption was 391% above the recent 24-hour baseline. consumption was 1069% higher than the same hour on the previous day. sub-metering activity was 42.83.,Moderate
2008-05-01 14:00:00,1.08333333333333,0.070466666666667,242.852833333333,4.40333333333333,0.0,0.0,13.4166666666667,14,3,0,2008-05-01,0.3302,0.3841,0.39150694444444456,0.17027032726176786,4.063106003345461,True,176.7085868350559,High consumption anomaly detected at 2008-05-01 14:00. consumption was 177% above the recent 24-hour baseline. consumption increased 228% compared with the previous hour. consumption was 182% higher than the same hour on the previous day. sub-metering activity was 13.42.,Moderate
2008-05-02 09:00:00,1.52886666666667,0.2204,239.287166666667,6.54666666666667,5.9,1.63333333333333,8.33333333333333,9,4,0,2008-05-02,0.309333333333333,0.3551,0.40804861111111085,0.19820920143685206,5.654722623523829,True,274.6775813066945,High consumption anomaly detected at 2008-05-02 09:00. consumption was 275% above the recent 24-hour baseline. consumption increased 394% compared with the previous hour. consumption was 331% higher than the same hour on the previous day. sub-metering activity was 15.87.,Moderate
2008-05-02 10:00:00,2.78996666666667,0.154966666666667,237.445166666667,12.0,7.36666666666667,0.683333333333333,18.65,10,4,0,2008-05-02,1.52886666666667,0.320733333333333,0.4569555555555554,0.3021389422946015,7.721649825715962,True,510.5553664348596,High consumption anomaly detected at 2008-05-02 10:00. consumption was 511% above the recent 24-hour baseline. consumption increased 82% compared with the previous hour. consumption was 770% higher than the same hour on the previous day. sub-metering activity was 26.70.,High
2008-05-04 18:00:00,3.37043333333333,0.269933333333333,238.9375,14.3333333333333,22.1333333333333,10.5333333333333,8.48333333333333,18,6,1,2008-05-04,1.0609,0.366866666666667,0.7220486111111112,0.47941416755866423,5.524210383077896,True,366.787593171435,High consumption anomaly detected at 2008-05-04 18:00. consumption was 367% above the recent 24-hour baseline. consumption increased 218% compared with the previous hour. consumption was 819% higher than the same hour on the previous day. the event occurred during a weekend period. sub-metering activity was 41.15.,Moderate
2008-05-04 19:00:00,3.19326666666667,0.400233333333333,238.298833333333,13.8666666666667,12.9333333333333,17.6833333333333,8.3,19,6,1,2008-05-04,3.37043333333333,0.339333333333333,0.8471972222222223,0.7162149282654019,3.2756500204853083,True,276.9212862018883,High consumption anomaly detected at 2008-05-04 19:00. consumption was 277% above the recent 24-hour baseline. consumption was 841% higher than the same hour on the previous day. the event occurred during a weekend period. sub-metering activity was 38.92.,Moderate
2008-05-06 15:00:00,3.81056666666667,0.292866666666667,239.292333333333,16.1033333333333,8.75,20.3666666666667,18.1833333333333,15,1,0,2008-05-06,2.1997,0.334766666666667,0.8439027777777778,0.5664072849599677,5.2376866747018775,True,351.5409555471441,High consumption anomaly detected at 2008-05-06 15:00. consumption was 352% above the recent 24-hour baseline. consumption increased 73% compared with the previous hour. consumption was 1038% higher than the same hour on the previous day. sub-metering activity was 47.30.,Moderate
2008-05-08 12:00:00,2.35783333333333,0.299366666666667,236.331,10.1033333333333,8.96666666666667,0.466666666666667,18.7666666666667,12,3,0,2008-05-08,1.2304,0.412733333333333,0.9612180555555555,0.41891665860633126,3.33387381257191,True,145.29640487980353,High consumption anomaly detected at 2008-05-08 12:00. consumption was 145% above the recent 24-hour baseline. consumption increased 92% compared with the previous hour. consumption was 471% higher than the same hour on the previous day. sub-metering activity was 28.20.,Moderate
2008-05-08 19:00:00,2.912,0.484066666666667,238.125666666667,12.5533333333333,22.5,0.466666666666667,13.7166666666667,19,3,0,2008-05-08,1.0647,1.00113333333333,1.2389749999999995,0.503353960442103,3.323754517657035,True,135.03299098044764,High consumption anomaly detected at 2008-05-08 19:00. consumption was 135% above the recent 24-hour baseline. consumption increased 174% compared with the previous hour. consumption was 191% higher than the same hour on the previous day. sub-metering activity was 36.68.,Moderate
2008-05-10 16:00:00,3.93033333333333,0.487266666666667,237.726166666667,16.8733333333333,33.85,0.0,18.8833333333333,16,5,1,2008-05-10,1.74483333333333,0.7424,1.0586277777777786,0.61672233964646,4.656399437714183,True,271.2667866682754,High consumption anomaly detected at 2008-05-10 16:00. consumption was 271% above the recent 24-hour baseline. consumption increased 125% compared with the previous hour. consumption was 429% higher than the same hour on the previous day. the event occurred during a weekend period. sub-metering activity was 52.73.,Moderate
2008-05-13 15:00:00,3.32756666666667,0.3768,237.981166666667,14.2266666666667,8.38333333333333,18.4833333333333,11.45,15,1,0,2008-05-13,1.31633333333333,1.38486666666667,0.8883611111111112,0.6428062714196976,3.7946200340708343,True,274.5736531065324,High consumption anomaly detected at 2008-05-13 15:00. consumption was 275% above the recent 24-hour baseline. consumption increased 153% compared with the previous hour. consumption was 140% higher than the same hour on the previous day. sub-metering activity was 38.32.,Moderate
2008-05-15 21:00:00,2.6833,0.128866666666667,237.216333333333,11.33,0.0,0.0,11.65,21,3,0,2008-05-15,1.33406666666667,1.50993333333333,0.7654874999999998,0.527935291545455,3.6326658412736124,True,250.5347899214554,High consumption anomaly detected at 2008-05-15 21:00. consumption was 251% above the recent 24-hour baseline. consumption increased 101% compared with the previous hour. consumption was 78% higher than the same hour on the previous day. sub-metering activity was 11.65.,Moderate
2008-05-16 14:00:00,3.36906666666667,0.282233333333333,235.836666666667,14.4633333333333,7.73333333333333,20.5833333333333,17.6666666666667,14,4,0,2008-05-16,2.34403333333333,0.570566666666667,0.8627833333333337,0.6569396788461761,3.81508898615361,True,290.4881488206775,High consumption anomaly detected at 2008-05-16 14:00. consumption was 290% above the recent 24-hour baseline. consumption was 490% higher than the same hour on the previous day. sub-metering activity was 45.98.,Moderate
2008-05-18 20:00:00,4.2307,0.1061,236.3105,17.9833333333333,7.56666666666667,20.7166666666667,18.5666666666667,20,6,1,2008-05-18,1.7657,1.83773333333333,1.1728750000000001,0.8984543292584677,3.403428421925187,True,260.71192582329735,High consumption anomaly detected at 2008-05-18 20:00. consumption was 261% above the recent 24-hour baseline. consumption increased 140% compared with the previous hour. consumption was 130% higher than the same hour on the previous day. the event occurred during a weekend period. sub-metering activity was 46.85.,Moderate
2008-05-20 12:00:00,3.87646666666667,0.229466666666667,236.114333333333,16.6833333333333,8.23333333333333,25.8666666666667,17.7333333333333,12,1,0,2008-05-20,2.34563333333333,0.265733333333333,0.7521722222222221,0.6641305680126224,4.704337663290734,True,415.3695592764665,High consumption anomaly detected at 2008-05-20 12:00. consumption was 415% above the recent 24-hour baseline. consumption increased 65% compared with the previous hour. consumption was 1359% higher than the same hour on the previous day. sub-metering activity was 51.83.,Moderate
2008-05-23 10:00:00,2.70866666666667,0.1847,235.989666666667,11.5666666666667,0.0,12.7333333333333,18.6666666666667,10,4,0,2008-05-23,1.56933333333333,1.13876666666667,0.7562666666666672,0.5939532731828714,3.2871272676678744,True,258.1629055007054,High consumption anomaly detected at 2008-05-23 10:00. consumption was 258% above the recent 24-hour baseline. consumption increased 73% compared with the previous hour. consumption was 138% higher than the same hour on the previous day. sub-metering activity was 31.40.,Moderate
2008-05-27 16:00:00,3.0297,0.340866666666667,238.537666666667,12.91,0.0,18.0666666666667,18.0666666666667,16,1,0,2008-05-27,1.8772,0.466666666666667,0.9322305555555558,0.6778373831971692,3.0943549241136092,True,224.99471101271436,High consumption anomaly detected at 2008-05-27 16:00. consumption was 225% above the recent 24-hour baseline. consumption increased 61% compared with the previous hour. consumption was 549% higher than the same hour on the previous day. sub-metering activity was 36.13.,Moderate
2008-05-27 17:00:00,3.50436666666667,0.131733333333333,238.828166666667,14.7933333333333,0.0,31.2166666666667,19.1,17,1,0,2008-05-27,3.0297,0.414033333333333,1.0390236111111113,0.7933576168783275,3.1074801616654213,True,237.27497904683509,High consumption anomaly detected at 2008-05-27 17:00. consumption was 237% above the recent 24-hour baseline. consumption was 746% higher than the same hour on the previous day. sub-metering activity was 50.32.,Moderate
2008-05-30 11:00:00,3.414,0.114766666666667,236.1755,14.6466666666667,0.0,28.1,17.7166666666667,11,4,0,2008-05-30,1.92946666666667,1.4652,0.7825833333333332,0.6180864457308081,4.257360252505382,True,336.247470982856,High consumption anomaly detected at 2008-05-30 11:00. consumption was 336% above the recent 24-hour baseline. consumption increased 77% compared with the previous hour. consumption was 133% higher than the same hour on the previous day. sub-metering activity was 45.82.,Moderate
2008-05-31 13:00:00,2.36373333333333,0.160533333333333,240.314666666667,10.1233333333333,6.16666666666667,12.0166666666667,11.6833333333333,13,5,1,2008-05-31,0.683833333333333,1.49886666666667,0.7178694444444446,0.4380669864639865,3.757105510675573,True,229.27064268108123,High consumption anomaly detected at 2008-05-31 13:00. consumption was 229% above the recent 24-hour baseline. consumption increased 246% compared with the previous hour. consumption was 58% higher than the same hour on the previous day. the event occurred during a weekend period. sub-metering activity was 29.87.,Moderate
2008-05-31 14:00:00,2.6467,0.2442,238.768333333333,11.2966666666667,2.91666666666667,16.5166666666667,16.2166666666667,14,5,1,2008-05-31,2.36373333333333,0.9632,0.7539055555555553,0.5308527428177925,3.565573447727516,True,251.06519384243543,High consumption anomaly detected at 2008-05-31 14:00. consumption was 251% above the recent 24-hour baseline. consumption was 175% higher than the same hour on the previous day. the event occurred during a weekend period. sub-metering activity was 35.65.,Moderate
2008-06-01 19:00:00,2.93226666666667,0.192,239.287,12.3033333333333,0.0,0.116666666666667,19.15,19,6,1,2008-06-01,1.4358,2.27523333333333,1.154405555555555,0.5872534586548576,3.0274170120401203,True,154.00663159971742,High consumption anomaly detected at 2008-06-01 19:00. consumption was 154% above the recent 24-hour baseline. consumption increased 104% compared with the previous hour. the event occurred during a weekend period. sub-metering activity was 19.27.,Moderate
2008-06-03 20:00:00,3.49216666666667,0.371666666666667,232.062666666667,15.25,11.6,0.816666666666667,14.85,20,1,0,2008-06-03,2.1401,0.645933333333333,0.8114694444444441,0.6045934570445953,4.433883944636363,True,330.35097508292625,High consumption anomaly detected at 2008-06-03 20:00. consumption was 330% above the recent 24-hour baseline. consumption increased 63% compared with the previous hour. consumption was 441% higher than the same hour on the previous day. sub-metering activity was 27.27.,Moderate
2008-06-06 20:00:00,3.06356666666667,0.290633333333333,237.910666666667,12.9966666666667,7.91666666666667,0.633333333333333,18.4333333333333,20,4,0,2008-06-06,0.643633333333333,1.8538,0.6952402777777779,0.4118724057828358,5.750145811267624,True,340.64861668527914,High consumption anomaly detected at 2008-06-06 20:00. consumption was 341% above the recent 24-hour baseline. consumption increased 376% compared with the previous hour. consumption was 65% higher than the same hour on the previous day. sub-metering activity was 26.98.,Moderate
2008-06-06 21:00:00,2.96636666666667,0.0837,236.506833333333,12.5133333333333,8.9,0.0,17.7666666666667,21,4,0,2008-06-06,3.06356666666667,0.958566666666667,0.7456472222222225,0.5937142784508415,3.740384095593752,True,297.8244105605499,High consumption anomaly detected at 2008-06-06 21:00. consumption was 298% above the recent 24-hour baseline. consumption was 209% higher than the same hour on the previous day. sub-metering activity was 26.67.,Moderate
2008-06-07 13:00:00,3.90116666666667,0.159933333333333,236.226,16.62,7.75,25.65,18.6333333333333,13,5,1,2008-06-07,1.95223333333333,0.393266666666667,1.1264402777777778,0.7801950181064873,3.5564523285768725,True,246.32698631505124,High consumption anomaly detected at 2008-06-07 13:00. consumption was 246% above the recent 24-hour baseline. consumption increased 100% compared with the previous hour. consumption was 892% higher than the same hour on the previous day. the event occurred during a weekend period. sub-metering activity was 52.03.,Moderate
2008-06-08 21:00:00,3.32456666666667,0.198366666666667,238.422,14.1733333333333,0.0,23.55,13.3,21,6,1,2008-06-08,1.3897,0.456766666666667,0.9032472222222222,0.7422602830014704,3.2620894582334143,True,268.0682967933601,High consumption anomaly detected at 2008-06-08 21:00. consumption was 268% above the recent 24-hour baseline. consumption increased 139% compared with the previous hour. consumption was 628% higher than the same hour on the previous day. the event occurred during a weekend period. sub-metering activity was 36.85.,Moderate
2008-06-09 22:00:00,3.02633333333333,0.2163,236.897333333333,12.8666666666667,7.26666666666667,0.683333333333333,13.7833333333333,22,0,0,2008-06-09,1.12256666666667,1.53973333333333,0.8336708333333337,0.68879116607647,3.183348753570637,True,263.01297974320346,High consumption anomaly detected at 2008-06-09 22:00. consumption was 263% above the recent 24-hour baseline. consumption increased 170% compared with the previous hour. consumption was 97% higher than the same hour on the previous day. sub-metering activity was 21.73.,Moderate
2008-06-13 14:00:00,3.0503,0.233866666666667,236.900833333333,13.0033333333333,0.0,33.8,11.4666666666667,14,4,0,2008-06-13,0.742166666666667,0.5198,0.8748930555555555,0.6019778203803504,3.6137659408613216,True,248.64832685899708,High consumption anomaly detected at 2008-06-13 14:00. consumption was 249% above the recent 24-hour baseline. consumption increased 311% compared with the previous hour. consumption was 487% higher than the same hour on the previous day. sub-metering activity was 45.27.,Moderate
2008-06-15 12:00:00,3.17533333333333,0.346666666666667,237.234666666667,13.5366666666667,17.8666666666667,5.71666666666667,17.8833333333333,12,6,1,2008-06-15,1.71153333333333,1.6699,1.088956944444445,0.5476518966031816,3.809676186332346,True,191.59402027169176,High consumption anomaly detected at 2008-06-15 12:00. consumption was 192% above the recent 24-hour baseline. consumption increased 86% compared with the previous hour. consumption was 90% higher than the same hour on the previous day. the event occurred during a weekend period. sub-metering activity was 41.47.,Moderate
2008-06-15 13:00:00,4.2955,0.431366666666667,237.459,18.2566666666667,43.3833333333333,1.16666666666667,18.8833333333333,13,6,1,2008-06-15,3.17533333333333,1.61156666666667,1.1516833333333336,0.6858590615210473,4.583764862265642,True,272.9757890623868,High consumption anomaly detected at 2008-06-15 13:00. consumption was 273% above the recent 24-hour baseline. consumption was 167% higher than the same hour on the previous day. the event occurred during a weekend period. sub-metering activity was 63.43.,Moderate
2008-06-18 16:00:00,3.6527,0.368733333333333,238.833333333333,15.6533333333333,22.95,30.7166666666667,1.53333333333333,16,2,0,2008-06-18,0.7594,0.4994,1.0236861111111109,0.7722700763419531,3.404267456978081,True,256.8183606628552,High consumption anomaly detected at 2008-06-18 16:00. consumption was 257% above the recent 24-hour baseline. consumption increased 381% compared with the previous hour. consumption was 631% higher than the same hour on the previous day. sub-metering activity was 55.20.,Moderate
2008-06-24 11:00:00,2.98683333333333,0.1523,234.079833333333,12.8766666666667,17.95,5.98333333333333,18.3833333333333,11,1,0,2008-06-24,1.55976666666667,0.2701,0.9617263888888892,0.6592976925771883,3.071612364557682,True,210.56996749190864,High consumption anomaly detected at 2008-06-24 11:00. consumption was 211% above the recent 24-hour baseline. consumption increased 91% compared with the previous hour. consumption was 1006% higher than the same hour on the previous day. sub-metering activity was 42.32.,Moderate
2008-06-27 16:00:00,2.33633333333333,0.3699,238.4825,10.0533333333333,24.4,0.0,7.83333333333333,16,4,0,2008-06-27,1.42646666666667,0.289333333333333,0.7103861111111112,0.5198337120700401,3.127821810069805,True,228.8821806607513,High consumption anomaly detected at 2008-06-27 16:00. consumption was 229% above the recent 24-hour baseline. consumption increased 64% compared with the previous hour. consumption was 707% higher than the same hour on the previous day. sub-metering activity was 32.23.,Moderate
2008-06-27 18:00:00,2.86506666666667,0.236733333333333,237.091666666667,12.2066666666667,12.4833333333333,7.26666666666667,12.75,18,4,0,2008-06-27,1.06066666666667,0.287333333333333,0.8272569444444445,0.6010994930370464,3.390137150051852,True,246.33334732423958,High consumption anomaly detected at 2008-06-27 18:00. consumption was 246% above the recent 24-hour baseline. consumption increased 170% compared with the previous hour. consumption was 897% higher than the same hour on the previous day. sub-metering activity was 32.50.,Moderate
2008-07-01 19:00:00,2.9667,0.5196,236.432833333333,12.9033333333333,26.2,0.783333333333333,10.7,19,1,0,2008-07-01,0.639633333333333,0.425366666666667,0.4682722222222224,0.270794582943201,9.226284184206968,True,533.5417432879733,High consumption anomaly detected at 2008-07-01 19:00. consumption was 534% above the recent 24-hour baseline. consumption increased 364% compared with the previous hour. consumption was 597% higher than the same hour on the previous day. sub-metering activity was 37.68.,High
2008-07-01 20:00:00,2.54003333333333,0.441233333333333,238.298166666667,11.01,15.8166666666667,0.0,19.1,20,1,0,2008-07-01,2.9667,0.264066666666667,0.5741611111111112,0.5770157390888146,3.4069646441994723,True,342.3903472699294,High consumption anomaly detected at 2008-07-01 20:00. consumption was 342% above the recent 24-hour baseline. consumption was 862% higher than the same hour on the previous day. sub-metering activity was 34.92.,Moderate
2008-07-03 21:00:00,3.65613333333333,0.131466666666667,237.406166666667,15.53,6.98333333333333,21.1166666666667,18.6,21,3,0,2008-07-03,0.804733333333333,1.42553333333333,0.6299555555555554,0.48970780114186974,6.17955803587675,True,480.37956822350736,High consumption anomaly detected at 2008-07-03 21:00. consumption was 480% above the recent 24-hour baseline. consumption increased 354% compared with the previous hour. consumption was 156% higher than the same hour on the previous day. sub-metering activity was 46.70.,High
2008-07-05 13:00:00,2.14613333333333,0.221366666666667,238.777,9.12333333333333,7.33333333333333,11.4333333333333,12.75,13,5,1,2008-07-05,1.5479,0.303166666666667,0.6173291666666669,0.38592206233183374,3.9614324131387084,True,247.64813477412716,High consumption anomaly detected at 2008-07-05 13:00. consumption was 248% above the recent 24-hour baseline. consumption was 608% higher than the same hour on the previous day. the event occurred during a weekend period. sub-metering activity was 31.52.,Moderate
2008-07-05 14:00:00,2.23826666666667,0.207266666666667,238.207333333333,9.57,1.15,24.45,4.3,14,5,1,2008-07-05,2.14613333333333,0.253766666666667,0.6941194444444445,0.49001093420874975,3.1512505424305552,True,222.46131189396687,High consumption anomaly detected at 2008-07-05 14:00. consumption was 222% above the recent 24-hour baseline. consumption was 782% higher than the same hour on the previous day. the event occurred during a weekend period. sub-metering activity was 29.90.,Moderate
2008-07-05 15:00:00,2.8815,0.227066666666667,237.8625,12.3266666666667,7.86666666666667,23.2166666666667,13.6666666666667,15,5,1,2008-07-05,2.23826666666667,0.2566,0.7768069444444446,0.5729000668249599,3.673752504899968,True,270.9415860154013,High consumption anomaly detected at 2008-07-05 15:00. consumption was 271% above the recent 24-hour baseline. consumption was 1023% higher than the same hour on the previous day. the event occurred during a weekend period. sub-metering activity was 44.75.,Moderate
2008-07-06 22:00:00,3.33713333333333,0.206133333333333,238.381666666667,14.0933333333333,6.7,16.4333333333333,16.3166666666667,22,6,1,2008-07-06,1.13473333333333,1.8052,1.1796138888888892,0.5709679565716119,3.7787049511487614,True,182.90047826383835,High consumption anomaly detected at 2008-07-06 22:00. consumption was 183% above the recent 24-hour baseline. consumption increased 194% compared with the previous hour. consumption was 85% higher than the same hour on the previous day. the event occurred during a weekend period. sub-metering activity was 39.45.,Moderate
2008-07-08 22:00:00,2.47873333333333,0.1953,237.129166666667,10.4633333333333,7.88333333333333,0.466666666666667,17.8666666666667,22,1,0,2008-07-08,2.05986666666667,0.5792,0.6821972222222227,0.44571501216500775,4.030683423438322,True,263.3455623373813,High consumption anomaly detected at 2008-07-08 22:00. consumption was 263% above the recent 24-hour baseline. consumption was 328% higher than the same hour on the previous day. sub-metering activity was 26.22.,Moderate
2008-07-12 13:00:00,2.81623333333333,0.397166666666667,237.8605,12.0133333333333,0.0,21.8666666666667,17.5,13,5,1,2008-07-12,0.473066666666667,1.4593,0.7793874999999996,0.4996776594601094,4.076319592783269,True,261.33929955680986,High consumption anomaly detected at 2008-07-12 13:00. consumption was 261% above the recent 24-hour baseline. consumption increased 495% compared with the previous hour. consumption was 93% higher than the same hour on the previous day. the event occurred during a weekend period. sub-metering activity was 39.37.,Moderate
2008-07-12 15:00:00,3.99293333333333,0.399666666666667,236.005,17.0133333333333,41.8833333333333,0.9,13.4666666666667,15,5,1,2008-07-12,1.3304,0.316033333333333,0.8582055555555551,0.6454961797217943,4.85630725053838,True,365.26537931213045,High consumption anomaly detected at 2008-07-12 15:00. consumption was 365% above the recent 24-hour baseline. consumption increased 200% compared with the previous hour. consumption was 1163% higher than the same hour on the previous day. the event occurred during a weekend period. sub-metering activity was 56.25.,Moderate
2008-07-14 18:00:00,2.27623333333333,0.283866666666667,237.780666666667,9.83666666666667,0.0,19.0166666666667,0.633333333333333,18,0,0,2008-07-14,0.428966666666667,0.5751,0.6861411398467432,0.4933276406670831,3.223197044739772,True,231.7441851456029,High consumption anomaly detected at 2008-07-14 18:00. consumption was 232% above the recent 24-hour baseline. consumption increased 431% compared with the previous hour. consumption was 296% higher than the same hour on the previous day. sub-metering activity was 19.65.,Moderate
2008-07-16 20:00:00,1.58026666666667,0.264466666666667,240.841666666667,6.84,8.8,3.03333333333333,3.85,20,2,0,2008-07-16,0.8285,0.413533333333333,0.5971333333333335,0.29266851456947235,3.359204302449708,True,164.64217930110576,High consumption anomaly detected at 2008-07-16 20:00. consumption was 165% above the recent 24-hour baseline. consumption increased 91% compared with the previous hour. consumption was 282% higher than the same hour on the previous day. sub-metering activity was 15.68.,Moderate
2008-07-16 21:00:00,3.83916666666667,0.218366666666667,238.938,16.2,0.0,28.8666666666667,12.7,21,2,0,2008-07-16,1.58026666666667,0.968466666666667,0.6457472222222226,0.35177713505226926,9.077961943063608,True,494.53088368771773,High consumption anomaly detected at 2008-07-16 21:00. consumption was 495% above the recent 24-hour baseline. consumption increased 143% compared with the previous hour. consumption was 296% higher than the same hour on the previous day. sub-metering activity was 41.57.,High
2008-07-19 11:00:00,2.67496666666667,0.469233333333333,236.6905,11.7033333333333,20.3833333333333,12.2833333333333,1.56666666666667,11,5,1,2008-07-19,1.92713333333333,0.6286,0.7571194444444441,0.5617702873423865,3.413934957819049,True,253.30840943194838,High consumption anomaly detected at 2008-07-19 11:00. consumption was 253% above the recent 24-hour baseline. consumption was 326% higher than the same hour on the previous day. the event occurred during a weekend period. sub-metering activity was 34.23.,Moderate
2008-07-21 21:00:00,2.2222,0.285633333333333,239.768833333333,9.53,7.51666666666667,0.2,12.3666666666667,21,0,0,2008-07-21,1.14946666666667,1.2849,0.7421555555555552,0.4736781624798781,3.1245781665252874,True,199.42509806270036,High consumption anomaly detected at 2008-07-21 21:00. consumption was 199% above the recent 24-hour baseline. consumption increased 93% compared with the previous hour. consumption was 73% higher than the same hour on the previous day. sub-metering activity was 20.08.,Moderate
2008-07-23 07:00:00,1.45426666666667,0.070733333333333,239.150333333333,6.19333333333333,0.0,0.083333333333333,15.05,7,2,0,2008-07-23,0.2526,0.781733333333333,0.5147055555555556,0.27388640504113615,3.4304773578301475,True,182.5434174878847,High consumption anomaly detected at 2008-07-23 07:00. consumption was 183% above the recent 24-hour baseline. consumption increased 476% compared with the previous hour. consumption was 86% higher than the same hour on the previous day. sub-metering activity was 15.13.,Moderate
2008-07-24 21:00:00,2.8657,0.1737,238.210333333333,12.0666666666667,13.7666666666667,0.483333333333333,14.75,21,3,0,2008-07-24,0.6232,1.01703333333333,0.7136902777777779,0.40729079730933665,5.283718012876619,True,301.5327221386494,High consumption anomaly detected at 2008-07-24 21:00. consumption was 302% above the recent 24-hour baseline. consumption increased 360% compared with the previous hour. consumption was 182% higher than the same hour on the previous day. sub-metering activity was 29.00.,Moderate
2008-07-27 14:00:00,1.84183333333333,0.358966666666667,237.215333333333,8.06333333333333,9.38333333333333,0.5,12.9666666666667,14,6,1,2008-07-27,0.905933333333333,0.4165,0.5543055555555556,0.3478775955903161,3.701094275970716,True,232.2776246554742,High consumption anomaly detected at 2008-07-27 14:00. consumption was 232% above the recent 24-hour baseline. consumption increased 103% compared with the previous hour. consumption was 342% higher than the same hour on the previous day. the event occurred during a weekend period. sub-metering activity was 22.85.,Moderate
2008-07-29 08:00:00,1.9135,0.142433333333333,237.389833333333,8.17,6.36666666666667,0.483333333333333,17.9,8,1,0,2008-07-29,0.697533333333333,0.647933333333333,0.542175,0.20061842052061354,6.835488966772602,True,252.9303269239637,High consumption anomaly detected at 2008-07-29 08:00. consumption was 253% above the recent 24-hour baseline. consumption increased 174% compared with the previous hour. consumption was 195% higher than the same hour on the previous day. sub-metering activity was 24.75.,High
2008-07-31 22:00:00,3.03136666666667,0.248533333333333,239.337833333333,12.7,0.0,5.25,15.9,22,3,0,2008-07-31,1.66183333333333,1.97543333333333,0.8707097222222214,0.6084268744028127,3.551218782972385,True,248.14893980166315,High consumption anomaly detected at 2008-07-31 22:00. consumption was 248% above the recent 24-hour baseline. consumption increased 82% compared with the previous hour. consumption was 53% higher than the same hour on the previous day. sub-metering activity was 21.15.,Moderate
2008-08-02 20:00:00,0.938666666666667,0.128833333333333,236.009166666667,3.99,0.0,0.5,12.15,20,5,1,2008-08-02,0.2798,0.49,0.3428833333333334,0.13449793130969145,4.429683992399097,True,173.75686579497403,High consumption anomaly detected at 2008-08-02 20:00. consumption was 174% above the recent 24-hour baseline. consumption increased 235% compared with the previous hour. consumption was 92% higher than the same hour on the previous day. the event occurred during a weekend period. sub-metering activity was 12.65.,Moderate
2008-08-03 08:00:00,1.00466666666667,0.120066666666667,237.221166666667,4.26,0.0,0.083333333333333,13.4833333333333,8,6,1,2008-08-03,0.275933333333333,0.628266666666667,0.3449555555555556,0.175401108757378,3.7611570176768594,True,191.2452489853774,High consumption anomaly detected at 2008-08-03 08:00. consumption was 191% above the recent 24-hour baseline. consumption increased 264% compared with the previous hour. consumption was 60% higher than the same hour on the previous day. the event occurred during a weekend period. sub-metering activity was 13.57.,Moderate
2008-08-04 09:00:00,0.961766666666667,0.139066666666667,237.661666666667,4.05666666666667,0.0,0.483333333333333,12.5666666666667,9,0,0,2008-08-04,0.521033333333333,0.467433333333333,0.33045555555555556,0.15058242985279177,4.1924619740050435,True,191.04266837026336,High consumption anomaly detected at 2008-08-04 09:00. consumption was 191% above the recent 24-hour baseline. consumption increased 85% compared with the previous hour. consumption was 106% higher than the same hour on the previous day. sub-metering activity was 13.05.,Moderate
2008-08-04 17:00:00,1.0728813559322,0.156542372881356,237.813728813559,4.8271186440678,0.0,8.94915254237288,1.64406779661017,17,0,0,2008-08-04,0.3663,0.288466666666667,0.35285277777777785,0.1972357822718531,3.650598131134216,True,204.05920641721198,High consumption anomaly detected at 2008-08-04 17:00. consumption was 204% above the recent 24-hour baseline. consumption increased 193% compared with the previous hour. consumption was 272% higher than the same hour on the previous day. sub-metering activity was 10.59.,Moderate
2008-08-04 18:00:00,2.1712,0.097333333333333,236.748666666667,9.31666666666667,0.0,26.7166666666667,1.66666666666667,18,0,0,2008-08-04,1.0728813559322,0.296833333333333,0.38553672316384174,0.24525078139165832,7.28096875656639,True,463.16295427901525,High consumption anomaly detected at 2008-08-04 18:00. consumption was 463% above the recent 24-hour baseline. consumption increased 102% compared with the previous hour. consumption was 631% higher than the same hour on the previous day. sub-metering activity was 28.38.,High
2008-08-04 19:00:00,2.56606666666667,0.2619,236.519,11.0766666666667,0.0,18.8,13.6,19,0,0,2008-08-04,2.1712,0.201033333333333,0.4636353342749528,0.43826448071407026,4.797174822304097,True,453.4665882788171,High consumption anomaly detected at 2008-08-04 19:00. consumption was 453% above the recent 24-hour baseline. consumption was 1176% higher than the same hour on the previous day. sub-metering activity was 32.40.,Moderate
2008-08-07 12:00:00,0.178266666666667,0.148066666666667,237.935,0.91,0.0,0.5,0.633333333333333,12,3,0,2008-08-07,0.266466666666667,0.233366666666667,0.2346166666666667,0.017835406896099366,-3.1594457209901696,True,-24.017901541521503,High consumption anomaly detected at 2008-08-07 12:00. sub-metering activity was 1.13.,Moderate
2008-08-09 15:00:00,1.24456666666667,0.220833333333333,241.517333333333,5.26,0.0,0.0,1.51666666666667,15,5,1,2008-08-09,0.276733333333333,0.167733333333333,0.2043222222222222,0.037141710171721715,28.007446066294765,True,509.11958235902057,High consumption anomaly detected at 2008-08-09 15:00. consumption was 509% above the recent 24-hour baseline. consumption increased 350% compared with the previous hour. consumption was 642% higher than the same hour on the previous day. the event occurred during a weekend period. sub-metering activity was 1.52.,Critical
2008-08-10 18:00:00,0.3005,0.152566666666667,239.917833333333,1.37666666666667,0.0,0.483333333333333,1.53333333333333,18,6,1,2008-08-10,0.147566666666667,0.213433333333333,0.2028722222222222,0.02686883629688571,3.63349483018338,True,48.12279212421613,High consumption anomaly detected at 2008-08-10 18:00. consumption was 48% above the recent baseline. consumption increased 104% compared with the previous hour. the event occurred during a weekend period. sub-metering activity was 2.02.,Moderate
2008-08-10 19:00:00,0.4147,0.154733333333333,238.723,1.84666666666667,0.0,0.45,1.45,19,6,1,2008-08-10,0.3005,0.209,0.20649999999999993,0.03343278641915879,6.227419916178158,True,100.82324455205818,High consumption anomaly detected at 2008-08-10 19:00. consumption was 101% above the recent 24-hour baseline. consumption was 98% higher than the same hour on the previous day. the event occurred during a weekend period. sub-metering activity was 1.90.,High
2008-08-31 14:00:00,1.61193333333333,0.2187,238.500166666667,6.89,0.0,3.55,14.95,14,6,1,2008-08-31,0.2087,0.2139,0.1945958333333333,0.02759141733232247,51.3687819269665,True,728.3493565723815,High consumption anomaly detected at 2008-08-31 14:00. consumption was 728% above the recent 24-hour baseline. consumption increased 672% compared with the previous hour. consumption was 654% higher than the same hour on the previous day. the event occurred during a weekend period. sub-metering activity was 18.50.,Critical
2008-08-31 15:00:00,2.40186666666667,0.218166666666667,238.784166666667,10.1,0.0,15.6,18.95,15,6,1,2008-08-31,1.61193333333333,0.140266666666667,0.25284722222222206,0.2907669872278007,7.390864640217233,True,849.9280417467749,High consumption anomaly detected at 2008-08-31 15:00. consumption was 850% above the recent 24-hour baseline. consumption was 1612% higher than the same hour on the previous day. the event occurred during a weekend period. sub-metering activity was 34.55.,High
2008-08-31 16:00:00,2.1426,0.199666666666667,239.0565,9.02,0.0,12.1166666666667,19.0333333333333,16,6,1,2008-08-31,2.40186666666667,0.230066666666667,0.34708055555555556,0.5249031887658013,3.420667816223841,True,517.3206668320674,High consumption anomaly detected at 2008-08-31 16:00. consumption was 517% above the recent 24-hour baseline. consumption was 831% higher than the same hour on the previous day. the event occurred during a weekend period. sub-metering activity was 31.15.,Moderate
2008-08-31 17:00:00,2.88796666666667,0.193466666666667,239.170166666667,12.2333333333333,11.3666666666667,5.55,19.0,17,6,1,2008-08-31,2.1426,0.1679,0.42676944444444437,0.6391171694015486,3.850932724162021,True,576.7041793318025,High consumption anomaly detected at 2008-08-31 17:00. consumption was 577% above the recent 24-hour baseline. consumption was 1620% higher than the same hour on the previous day. the event occurred during a weekend period. sub-metering activity was 35.92.,Moderate
2008-09-04 21:00:00,2.8183,0.106366666666667,235.583666666667,11.98,7.56666666666667,0.283333333333333,17.2666666666667,21,3,0,2008-09-04,1.5702,1.8082,0.7833069444444445,0.5242635025391469,3.8816225918827945,True,259.7950994803016,High consumption anomaly detected at 2008-09-04 21:00. consumption was 260% above the recent 24-hour baseline. consumption increased 79% compared with the previous hour. consumption was 56% higher than the same hour on the previous day. sub-metering activity was 25.12.,Moderate
2008-09-06 10:00:00,2.58226666666667,0.2241,239.0235,10.9833333333333,8.3,29.2333333333333,1.53333333333333,10,5,1,2008-09-06,1.21916666666667,0.7798,0.6013513888888891,0.5479978833820772,3.6148228630960597,True,329.410609899463,High consumption anomaly detected at 2008-09-06 10:00. consumption was 329% above the recent 24-hour baseline. consumption increased 112% compared with the previous hour. consumption was 231% higher than the same hour on the previous day. the event occurred during a weekend period. sub-metering activity was 39.07.,Moderate
2008-09-07 16:00:00,3.0475,0.162766666666667,238.465,12.9433333333333,13.7333333333333,15.9,14.6833333333333,16,6,1,2008-09-07,1.74986666666667,1.96496666666667,0.9798944444444446,0.678256191722796,3.048413830626094,True,211.00288579835689,High consumption anomaly detected at 2008-09-07 16:00. consumption was 211% above the recent 24-hour baseline. consumption increased 74% compared with the previous hour. consumption was 55% higher than the same hour on the previous day. the event occurred during a weekend period. sub-metering activity was 44.32.,Moderate
2008-09-14 12:00:00,3.5746,0.3494,237.183833333333,15.2433333333333,26.5333333333333,0.383333333333333,17.3666666666667,12,6,1,2008-09-14,2.29906666666667,0.444933333333333,0.9285208333333338,0.8110973011087809,3.2623449283451453,True,284.9778994368281,High consumption anomaly detected at 2008-09-14 12:00. consumption was 285% above the recent 24-hour baseline. consumption increased 55% compared with the previous hour. consumption was 703% higher than the same hour on the previous day. the event occurred during a weekend period. sub-metering activity was 44.28.,Moderate
2008-09-17 10:00:00,2.93833333333333,0.207033333333333,236.4555,12.5466666666667,19.4,6.86666666666667,17.7666666666667,10,2,0,2008-09-17,1.35466666666667,0.6771,0.8288902777777776,0.5456472820190764,3.8659462349925238,True,254.4900226373612,High consumption anomaly detected at 2008-09-17 10:00. consumption was 254% above the recent 24-hour baseline. consumption increased 117% compared with the previous hour. consumption was 334% higher than the same hour on the previous day. sub-metering activity was 44.03.,Moderate
2008-09-21 12:00:00,3.28536666666667,0.3644,237.516,14.2666666666667,18.5,9.01666666666667,6.81666666666667,12,6,1,2008-09-21,1.1275,1.68016666666667,0.650316666666667,0.472448899979456,5.577428585640872,True,405.1949050462598,High consumption anomaly detected at 2008-09-21 12:00. consumption was 405% above the recent 24-hour baseline. consumption increased 191% compared with the previous hour. consumption was 96% higher than the same hour on the previous day. the event occurred during a weekend period. sub-metering activity was 34.33.,Moderate
2008-09-22 20:00:00,4.29123333333333,0.1363,234.421166666667,18.42,7.9,26.5333333333333,17.0666666666667,20,0,0,2008-09-22,1.15426666666667,3.04663333333333,0.8563902777777775,0.7473830859390325,4.595826585023559,True,401.0838451445908,High consumption anomaly detected at 2008-09-22 20:00. consumption was 401% above the recent 24-hour baseline. consumption increased 272% compared with the previous hour. sub-metering activity was 51.50.,Moderate
2008-09-26 19:00:00,2.93466666666667,0.4945,239.007333333333,12.6233333333333,18.3333333333333,0.383333333333333,4.28333333333333,19,4,0,2008-09-26,0.469166666666667,1.13926666666667,0.9145097222222226,0.6627131809761582,3.0483126070750726,True,220.90054324797612,High consumption anomaly detected at 2008-09-26 19:00. consumption was 221% above the recent 24-hour baseline. consumption increased 526% compared with the previous hour. consumption was 158% higher than the same hour on the previous day. sub-metering activity was 23.00.,Moderate
2008-09-30 21:00:00,3.4837,0.1252,238.185,14.7066666666667,7.7,0.383333333333333,13.6166666666667,21,1,0,2008-09-30,2.3764,2.06123333333333,0.9391291666666662,0.7771174753310979,3.274370882277736,True,270.95003793407915,High consumption anomaly detected at 2008-09-30 21:00. consumption was 271% above the recent 24-hour baseline. consumption was 69% higher than the same hour on the previous day. sub-metering activity was 21.70.,Moderate
2008-10-03 20:00:00,3.56243333333333,0.151833333333333,237.434333333333,15.1766666666667,30.15,0.366666666666667,12.3833333333333,20,4,0,2008-10-03,1.99336666666667,1.98463333333333,0.9857569444444451,0.7274123882354341,3.5422498029479783,True,261.390640300389,High consumption anomaly detected at 2008-10-03 20:00. consumption was 261% above the recent 24-hour baseline. consumption increased 79% compared with the previous hour. consumption was 80% higher than the same hour on the previous day. sub-metering activity was 42.90.,Moderate
2008-10-07 07:00:00,2.89516666666667,0.093666666666667,233.7465,12.42,0.0,0.133333333333333,18.3666666666667,7,1,0,2008-10-07,0.9358,0.392933333333333,0.7183527777777781,0.5608135702456459,3.8815285584751638,True,303.02853364371447,High consumption anomaly detected at 2008-10-07 07:00. consumption was 303% above the recent 24-hour baseline. consumption increased 209% compared with the previous hour. consumption was 637% higher than the same hour on the previous day. sub-metering activity was 18.50.,Moderate
2008-10-07 21:00:00,3.2826,0.258566666666667,237.6545,13.83,8.11666666666667,0.033333333333333,14.55,21,1,0,2008-10-07,2.33226666666667,1.8934,1.1370222222222224,0.7037934007119337,3.0485903613295937,True,188.70148145252702,High consumption anomaly detected at 2008-10-07 21:00. consumption was 189% above the recent 24-hour baseline. consumption was 73% higher than the same hour on the previous day. sub-metering activity was 22.70.,Moderate
2008-10-12 19:00:00,4.90773333333333,0.307066666666667,233.4095,21.14,13.2333333333333,27.3666666666667,11.5666666666667,19,6,1,2008-10-12,2.45083333333333,2.531,1.067294444444444,0.7085926408681023,5.419811987016877,True,359.82937125545885,High consumption anomaly detected at 2008-10-12 19:00. consumption was 360% above the recent 24-hour baseline. consumption increased 100% compared with the previous hour. consumption was 94% higher than the same hour on the previous day. the event occurred during a weekend period. sub-metering activity was 52.17.,Moderate
2008-10-12 20:00:00,4.91363333333333,0.115166666666667,234.727166666667,21.0366666666667,0.0,31.1833333333333,14.5833333333333,20,6,1,2008-10-12,4.90773333333333,2.11963333333333,1.1663249999999994,1.0197942863624903,3.674572787321279,True,321.29194978529415,High consumption anomaly detected at 2008-10-12 20:00. consumption was 321% above the recent 24-hour baseline. consumption was 132% higher than the same hour on the previous day. the event occurred during a weekend period. sub-metering activity was 45.77.,Moderate
2008-10-17 20:00:00,4.9791,0.181666666666667,235.561166666667,21.15,0.383333333333333,31.5,17.6333333333333,20,4,0,2008-10-17,2.3196,2.52463333333333,1.130058333333333,0.8401928541123451,4.581140684341024,True,340.6055734585974,High consumption anomaly detected at 2008-10-17 20:00. consumption was 341% above the recent 24-hour baseline. consumption increased 115% compared with the previous hour. consumption was 97% higher than the same hour on the previous day. sub-metering activity was 49.52.,Moderate
2008-10-18 23:00:00,5.00816666666667,0.359266666666667,238.161333333333,21.11,13.3166666666667,0.133333333333333,17.7833333333333,23,5,1,2008-10-18,2.79956666666667,0.4087,1.3633486111111115,1.0659671965196456,3.4192591174060447,True,267.3430717463437,High consumption anomaly detected at 2008-10-18 23:00. consumption was 267% above the recent 24-hour baseline. consumption increased 79% compared with the previous hour. consumption was 1125% higher than the same hour on the previous day. the event occurred during a weekend period. sub-metering activity was 31.23.,Moderate
2008-10-20 20:00:00,3.18396666666667,0.098233333333333,237.401166666667,13.43,0.0,8.4,16.7333333333333,20,0,0,2008-10-20,1.6846,1.96326666666667,1.077230555555556,0.674282199191511,3.1244130627164233,True,195.56965779016687,High consumption anomaly detected at 2008-10-20 20:00. consumption was 196% above the recent 24-hour baseline. consumption increased 89% compared with the previous hour. consumption was 62% higher than the same hour on the previous day. sub-metering activity was 25.13.,Moderate
2008-10-23 07:00:00,4.04113333333333,0.331733333333333,238.946833333333,16.9933333333333,0.0,4.9,18.9666666666667,7,3,0,2008-10-23,1.53956666666667,2.04086666666667,1.144352777777778,0.7099865235787549,4.08005005637861,True,253.13702311107411,High consumption anomaly detected at 2008-10-23 07:00. consumption was 253% above the recent 24-hour baseline. consumption increased 162% compared with the previous hour. consumption was 98% higher than the same hour on the previous day. sub-metering activity was 23.87.,Moderate
2008-10-24 19:00:00,3.96576666666667,0.2686,234.4565,17.1233333333333,20.1166666666667,11.1333333333333,0.0,19,4,0,2008-10-24,1.75756666666667,1.56253333333333,1.1250083333333332,0.8821874254643066,3.220130157532238,True,252.5099814075455,High consumption anomaly detected at 2008-10-24 19:00. consumption was 253% above the recent 24-hour baseline. consumption increased 126% compared with the previous hour. consumption was 154% higher than the same hour on the previous day. sub-metering activity was 31.25.,Moderate
2008-10-24 20:00:00,4.73903333333333,0.298566666666667,235.918666666667,20.2366666666667,22.1333333333333,17.0166666666667,11.3,20,4,0,2008-10-24,3.96576666666667,3.69673333333333,1.2251430555555556,1.053724031902382,3.334734874968956,True,286.81469170833765,High consumption anomaly detected at 2008-10-24 20:00. consumption was 287% above the recent 24-hour baseline. sub-metering activity was 50.45.,Moderate
2008-10-24 21:00:00,5.35686666666667,0.264433333333333,233.766333333333,22.87,44.5166666666667,0.0,15.1833333333333,21,4,0,2008-10-24,4.73903333333333,1.5478,1.2685722222222224,1.1745691139091952,3.4806759313105093,True,322.27526133930115,High consumption anomaly detected at 2008-10-24 21:00. consumption was 322% above the recent 24-hour baseline. consumption was 246% higher than the same hour on the previous day. sub-metering activity was 59.70.,Moderate
2008-10-27 16:00:00,1.16526666666667,0.063733333333333,240.966666666667,4.78333333333333,0.0,0.0,15.1333333333333,16,0,0,2008-10-27,0.368633333333333,0.4099,0.36765972222222226,0.22136732299241196,3.603092514570401,True,216.9416164554341,High consumption anomaly detected at 2008-10-27 16:00. consumption was 217% above the recent 24-hour baseline. consumption increased 216% compared with the previous hour. consumption was 184% higher than the same hour on the previous day. sub-metering activity was 15.13.,Moderate
2008-10-28 03:00:00,1.0841,0.074366666666667,242.970833333333,4.42333333333333,0.0,0.55,13.0333333333333,3,1,0,2008-10-28,0.270366666666667,0.272,0.36276527777777795,0.22237513686469199,3.24377415745507,True,198.84337515458026,High consumption anomaly detected at 2008-10-28 03:00. consumption was 199% above the recent 24-hour baseline. consumption increased 301% compared with the previous hour. consumption was 299% higher than the same hour on the previous day. sub-metering activity was 13.58.,Moderate
2008-10-28 18:00:00,1.7671,0.1025,238.529833333333,7.38333333333333,10.1166666666667,0.35,0.0,18,1,0,2008-10-28,0.282933333333333,0.267,0.36080277777777775,0.2084358068946693,6.746908044129282,True,389.7689565706103,High consumption anomaly detected at 2008-10-28 18:00. consumption was 390% above the recent 24-hour baseline. consumption increased 525% compared with the previous hour. consumption was 562% higher than the same hour on the previous day. sub-metering activity was 10.47.,High
2008-10-28 19:00:00,2.8276,0.1612,236.544166666667,12.1033333333333,17.45,0.116666666666667,8.38333333333333,19,1,0,2008-10-28,1.7671,0.309133333333333,0.4233069444444444,0.3535138263330477,6.8011287719492355,True,567.9786469629014,High consumption anomaly detected at 2008-10-28 19:00. consumption was 568% above the recent 24-hour baseline. consumption increased 60% compared with the previous hour. consumption was 815% higher than the same hour on the previous day. sub-metering activity was 25.95.,High
2008-10-28 20:00:00,2.4787,0.0323,237.583166666667,10.3866666666667,0.0,0.433333333333333,17.3,20,1,0,2008-10-28,2.8276,0.278433333333333,0.5282430555555555,0.603528320359751,3.231757116686449,True,369.23475357250845,High consumption anomaly detected at 2008-10-28 20:00. consumption was 369% above the recent 24-hour baseline. consumption was 790% higher than the same hour on the previous day. sub-metering activity was 17.73.,Moderate
2008-10-28 21:00:00,3.31453333333333,0.1997,237.492166666667,13.9666666666667,10.1166666666667,0.0,17.2833333333333,21,1,0,2008-10-28,2.4787,0.291533333333333,0.6199208333333334,0.7198378382074878,3.743360458391595,True,434.6704216264167,High consumption anomaly detected at 2008-10-28 21:00. consumption was 435% above the recent 24-hour baseline. consumption was 1037% higher than the same hour on the previous day. sub-metering activity was 27.40.,Moderate
2008-10-30 14:00:00,1.477,0.145066666666667,244.703666666667,6.15333333333333,0.0,0.366666666666667,14.8,14,3,0,2008-10-30,0.4867,0.747766666666667,0.778554166666667,0.21720277571659366,3.215639537888161,True,89.71062814083793,High consumption anomaly detected at 2008-10-30 14:00. consumption was 90% above the recent baseline. consumption increased 203% compared with the previous hour. consumption was 98% higher than the same hour on the previous day. sub-metering activity was 15.17.,Moderate
2008-10-31 12:00:00,1.8485,0.036066666666667,242.365666666667,7.63666666666667,0.0,0.0,18.0166666666667,12,4,0,2008-10-31,0.687866666666667,0.320833333333333,0.588675,0.33433276073904744,3.768176942083506,True,214.01027731770506,High consumption anomaly detected at 2008-10-31 12:00. consumption was 214% above the recent 24-hour baseline. consumption increased 169% compared with the previous hour. consumption was 476% higher than the same hour on the previous day. sub-metering activity was 18.02.,Moderate
2008-11-02 03:00:00,1.45336666666667,0.069233333333333,243.5735,6.04666666666667,0.0,0.516666666666667,15.6,3,6,1,2008-11-02,0.478866666666667,0.494033333333333,0.5769097222222219,0.20505834081571844,4.274183341959747,True,151.92272043334407,High consumption anomaly detected at 2008-11-02 03:00. consumption was 152% above the recent 24-hour baseline. consumption increased 204% compared with the previous hour. consumption was 194% higher than the same hour on the previous day. the event occurred during a weekend period. sub-metering activity was 16.12.,Moderate
2008-11-02 23:00:00,1.45726666666667,0.091,241.474666666667,6.11333333333333,0.0,0.533333333333333,15.7166666666667,23,6,1,2008-11-02,0.480766666666667,0.5172,0.5932013888888892,0.24049849527571499,3.592809496737971,True,145.6613713255527,High consumption anomaly detected at 2008-11-02 23:00. consumption was 146% above the recent 24-hour baseline. consumption increased 203% compared with the previous hour. consumption was 182% higher than the same hour on the previous day. the event occurred during a weekend period. sub-metering activity was 16.25.,Moderate
2008-11-04 17:00:00,2.13286666666667,0.069733333333333,237.281166666667,8.97333333333333,0.0,0.0,15.2,17,1,0,2008-11-04,0.626366666666667,0.884166666666667,0.4921222222222223,0.25740259274221877,6.374234334490971,True,333.40181978280066,High consumption anomaly detected at 2008-11-04 17:00. consumption was 333% above the recent 24-hour baseline. consumption increased 241% compared with the previous hour. consumption was 141% higher than the same hour on the previous day. sub-metering activity was 15.20.,High
2008-11-04 18:00:00,3.736,0.172033333333333,233.7225,16.0766666666667,0.0,19.9666666666667,0.8,18,1,0,2008-11-04,2.13286666666667,0.7902,0.544151388888889,0.4168862238902814,7.656402222471042,True,586.5736404033803,High consumption anomaly detected at 2008-11-04 18:00. consumption was 587% above the recent 24-hour baseline. consumption increased 75% compared with the previous hour. consumption was 373% higher than the same hour on the previous day. sub-metering activity was 20.77.,High
2008-11-04 20:00:00,4.44613333333333,0.156333333333333,235.129833333333,18.9266666666667,0.0,20.1833333333333,16.95,20,1,0,2008-11-04,2.95236666666667,1.2266,0.7555388888888892,0.9034448573152366,4.085024575170825,True,488.4718045250992,High consumption anomaly detected at 2008-11-04 20:00. consumption was 488% above the recent 24-hour baseline. consumption increased 51% compared with the previous hour. consumption was 262% higher than the same hour on the previous day. sub-metering activity was 37.13.,Moderate
2008-11-08 22:00:00,3.7183,0.146533333333333,238.3345,15.7,8.85,30.7166666666667,0.0,22,5,1,2008-11-08,1.4343,1.2074,1.0396402777777773,0.6922258310388345,3.869632715384682,True,257.652553433947,High consumption anomaly detected at 2008-11-08 22:00. consumption was 258% above the recent 24-hour baseline. consumption increased 159% compared with the previous hour. consumption was 208% higher than the same hour on the previous day. the event occurred during a weekend period. sub-metering activity was 39.57.,Moderate
2008-11-15 15:00:00,4.1835,0.2241,238.280333333333,17.7166666666667,6.18333333333333,28.8166666666667,17.4166666666667,15,5,1,2008-11-15,2.25386666666667,0.560733333333333,1.1101527777777778,0.663301145815574,4.633411598352258,True,276.8400245211496,High consumption anomaly detected at 2008-11-15 15:00. consumption was 277% above the recent 24-hour baseline. consumption increased 86% compared with the previous hour. consumption was 646% higher than the same hour on the previous day. the event occurred during a weekend period. sub-metering activity was 52.42.,Moderate
2008-11-15 17:00:00,4.5308,0.062133333333333,232.027666666667,19.6133333333333,8.53333333333333,11.9666666666667,16.5333333333333,17,5,1,2008-11-15,3.42516666666667,1.47986666666667,1.388102777777778,0.9831338047096911,3.1966119028428963,True,226.40234372654916,High consumption anomaly detected at 2008-11-15 17:00. consumption was 226% above the recent 24-hour baseline. consumption was 206% higher than the same hour on the previous day. the event occurred during a weekend period. sub-metering activity was 37.03.,Moderate
2008-11-18 07:00:00,3.2643,0.077833333333333,236.856333333333,13.7866666666667,0.066666666666667,0.0,17.2166666666667,7,1,0,2008-11-18,1.11193333333333,2.51006666666667,1.0762291666666663,0.6176594573448879,3.5425197611951424,True,203.30900714299548,High consumption anomaly detected at 2008-11-18 07:00. consumption was 203% above the recent 24-hour baseline. consumption increased 194% compared with the previous hour. sub-metering activity was 17.28.,Moderate
2008-11-22 21:00:00,3.89316666666667,0.074166666666667,234.6955,16.6533333333333,8.26666666666667,8.61666666666667,11.8833333333333,21,5,1,2008-11-22,2.13326666666667,1.56026666666667,1.0050388888888893,0.6022596297364653,4.795486257382979,True,287.3647785878934,High consumption anomaly detected at 2008-11-22 21:00. consumption was 287% above the recent 24-hour baseline. consumption increased 82% compared with the previous hour. consumption was 150% higher than the same hour on the previous day. the event occurred during a weekend period. sub-metering activity was 28.77.,Moderate
2008-11-23 12:00:00,4.15833333333333,0.343166666666667,237.823,17.6433333333333,22.55,8.61666666666667,17.3666666666667,12,6,1,2008-11-23,1.41626666666667,0.9048,1.1908282485875705,0.7857959305489087,3.7764322381675384,True,249.19673246460917,High consumption anomaly detected at 2008-11-23 12:00. consumption was 249% above the recent 24-hour baseline. consumption increased 194% compared with the previous hour. consumption was 360% higher than the same hour on the previous day. the event occurred during a weekend period. sub-metering activity was 48.53.,Moderate
2008-11-23 18:00:00,6.56053333333333,0.324833333333333,231.566666666667,28.3833333333333,0.0,28.3333333333333,16.4666666666667,18,6,1,2008-11-23,4.20596666666667,1.10433333333333,1.7688004708097933,1.2009662547353601,3.9898980039030514,True,270.9029617303179,High consumption anomaly detected at 2008-11-23 18:00. consumption was 271% above the recent 24-hour baseline. consumption increased 56% compared with the previous hour. consumption was 494% higher than the same hour on the previous day. the event occurred during a weekend period. sub-metering activity was 44.80.,Moderate
2008-11-27 19:00:00,3.78103333333333,0.288133333333333,238.328,16.0933333333333,18.3666666666667,0.483333333333333,9.01666666666667,19,3,0,2008-11-27,1.22336666666667,1.0654,1.5206486111111106,0.7199126552615214,3.139804121655694,True,148.64609126039954,High consumption anomaly detected at 2008-11-27 19:00. consumption was 149% above the recent 24-hour baseline. consumption increased 209% compared with the previous hour. consumption was 255% higher than the same hour on the previous day. sub-metering activity was 27.87.,Moderate
2008-11-30 20:00:00,5.9305,0.1367,235.658,25.26,9.18333333333334,33.2166666666667,17.05,20,6,1,2008-11-30,2.7634,1.99126666666667,1.5614569444444444,1.0643275301556565,4.104979841042531,True,279.8055412991251,High consumption anomaly detected at 2008-11-30 20:00. consumption was 280% above the recent 24-hour baseline. consumption increased 115% compared with the previous hour. consumption was 198% higher than the same hour on the previous day. the event occurred during a weekend period. sub-metering activity was 59.45.,Moderate
2008-12-06 10:00:00,4.2289,0.122733333333333,236.257,17.9833333333333,6.06666666666667,39.4,17.1333333333333,10,5,1,2008-12-06,2.25073333333333,1.42423333333333,1.387733333333333,0.9008900118918808,3.1537331185414965,True,204.73433897002315,High consumption anomaly detected at 2008-12-06 10:00. consumption was 205% above the recent 24-hour baseline. consumption increased 88% compared with the previous hour. consumption was 197% higher than the same hour on the previous day. the event occurred during a weekend period. sub-metering activity was 62.60.,Moderate
2008-12-09 20:00:00,3.99756666666667,0.133066666666667,239.137833333333,16.72,0.033333333333333,18.4833333333333,17.1166666666667,20,1,0,2008-12-09,3.20343333333333,2.38126666666667,1.343755555555556,0.8164757357800263,3.250324528720716,True,197.49210339182073,High consumption anomaly detected at 2008-12-09 20:00. consumption was 197% above the recent 24-hour baseline. consumption was 68% higher than the same hour on the previous day. sub-metering activity was 35.63.,Moderate
2008-12-13 16:00:00,4.011,0.3418,240.705,16.7466666666667,24.7166666666667,0.5,12.5,16,5,1,2008-12-13,2.52983333333333,0.711033333333333,1.3061930555555554,0.8619599831537178,3.137972756633277,True,207.075587558841,High consumption anomaly detected at 2008-12-13 16:00. consumption was 207% above the recent 24-hour baseline. consumption increased 59% compared with the previous hour. consumption was 464% higher than the same hour on the previous day. the event occurred during a weekend period. sub-metering activity was 37.72.,Moderate
2008-12-26 14:00:00,2.2485,0.177066666666667,246.003166666667,9.17666666666667,9.2,0.516666666666667,18.55,14,4,0,2008-12-26,0.5894,0.3277,0.6529180555555559,0.3952109338318068,4.037292007521961,True,244.3770593978739,High consumption anomaly detected at 2008-12-26 14:00. consumption was 244% above the recent 24-hour baseline. consumption increased 281% compared with the previous hour. consumption was 586% higher than the same hour on the previous day. sub-metering activity was 28.27.,Moderate
2008-12-27 01:00:00,2.7415,0.071666666666667,243.702166666667,11.1866666666667,0.0,0.5,18.0833333333333,1,5,1,2008-12-27,1.64643333333333,0.2715,0.9061944444444445,0.582430059466959,3.151117504538193,True,202.5288906599638,High consumption anomaly detected at 2008-12-27 01:00. consumption was 203% above the recent 24-hour baseline. consumption increased 67% compared with the previous hour. consumption was 910% higher than the same hour on the previous day. the event occurred during a weekend period. sub-metering activity was 18.58.,Moderate
2008-12-29 18:00:00,1.1984,0.100733333333333,242.561833333333,4.90666666666667,0.0,0.166666666666667,10.9833333333333,18,0,0,2008-12-29,0.2537,0.5146,0.35336944444444446,0.20469593236372596,4.128223486405257,True,239.1351512817086,High consumption anomaly detected at 2008-12-29 18:00. consumption was 239% above the recent 24-hour baseline. consumption increased 372% compared with the previous hour. consumption was 133% higher than the same hour on the previous day. sub-metering activity was 11.15.,Moderate
2008-12-30 04:00:00,1.29386666666667,0.118766666666667,246.122,5.24666666666667,0.0,0.5,16.4,4,1,0,2008-12-30,0.266333333333333,0.291933333333333,0.36143611111111107,0.2505395431808508,3.72169017200805,True,257.9793570402033,High consumption anomaly detected at 2008-12-30 04:00. consumption was 258% above the recent 24-hour baseline. consumption increased 386% compared with the previous hour. consumption was 343% higher than the same hour on the previous day. sub-metering activity was 16.90.,Moderate
2008-12-30 15:00:00,1.5488,0.104633333333333,246.0715,6.23333333333333,0.0,0.0,7.03333333333333,15,1,0,2008-12-30,1.10626666666667,0.288966666666667,0.46576944444444485,0.34389229859860443,3.149330647906374,True,232.52503324844758,High consumption anomaly detected at 2008-12-30 15:00. consumption was 233% above the recent 24-hour baseline. consumption was 436% higher than the same hour on the previous day. sub-metering activity was 7.03.,Moderate
2008-12-30 16:00:00,2.08003333333333,0.1705,242.297,8.60333333333333,0.0,0.0,7.01666666666667,16,1,0,2008-12-30,1.5488,0.269533333333333,0.5182625000000004,0.40623335875987254,3.844516457488917,True,301.347451018225,High consumption anomaly detected at 2008-12-30 16:00. consumption was 301% above the recent 24-hour baseline. consumption was 672% higher than the same hour on the previous day. sub-metering activity was 7.02.,Moderate
2008-12-30 17:00:00,2.57123333333333,0.1073,239.635166666667,10.7133333333333,0.0,0.5,11.9333333333333,17,1,0,2008-12-30,2.08003333333333,0.2537,0.5937000000000002,0.5122953379025778,3.86014313819384,True,333.0862949862438,High consumption anomaly detected at 2008-12-30 17:00. consumption was 333% above the recent 24-hour baseline. consumption was 913% higher than the same hour on the previous day. sub-metering activity was 12.43.,Moderate
2008-12-31 19:00:00,3.15303333333333,0.063333333333333,238.365,13.1933333333333,8.0,0.0,17.4333333333333,19,2,0,2008-12-31,1.74533333333333,1.4626,1.1060569444444446,0.6623675734553477,3.090393417374739,True,185.06971084721596,High consumption anomaly detected at 2008-12-31 19:00. consumption was 185% above the recent 24-hour baseline. consumption increased 81% compared with the previous hour. consumption was 116% higher than the same hour on the previous day. sub-metering activity was 25.43.,Moderate
2008-12-31 20:00:00,4.17896666666667,0.1219,238.129666666667,17.6666666666667,21.95,0.5,17.4,20,2,0,2008-12-31,3.15303333333333,1.44973333333333,1.1764916666666665,0.781156685232895,3.8436270939739092,True,255.20580256270446,High consumption anomaly detected at 2008-12-31 20:00. consumption was 255% above the recent 24-hour baseline. consumption was 188% higher than the same hour on the previous day. sub-metering activity was 39.85.,Moderate
2009-01-01 20:00:00,3.4588,0.137833333333333,239.003666666667,14.5866666666667,0.0,30.7166666666667,0.0,20,3,0,2009-01-01,1.74353333333333,4.17896666666667,0.8835875000000003,0.8520144774808416,3.0224985232811448,True,291.44963005927525,High consumption anomaly detected at 2009-01-01 20:00. consumption was 291% above the recent 24-hour baseline. consumption increased 98% compared with the previous hour. sub-metering activity was 30.72.,Moderate
2009-01-07 14:00:00,3.67523333333333,0.074366666666667,245.906,15.0766666666667,9.8,32.1,10.9333333333333,14,2,0,2009-01-07,2.348,1.46983333333333,1.1613902777777783,0.7126951919074678,3.527234481303944,True,216.45118817126462,High consumption anomaly detected at 2009-01-07 14:00. consumption was 216% above the recent 24-hour baseline. consumption increased 57% compared with the previous hour. consumption was 150% higher than the same hour on the previous day. sub-metering activity was 52.83.,Moderate
2009-01-16 17:00:00,4.15126666666667,0.285533333333333,235.7525,17.69,19.0,0.7,17.0666666666667,17,4,0,2009-01-16,2.4292,0.409466666666667,1.2713125000000007,0.929220027079609,3.0993242533933625,True,226.53392982973642,High consumption anomaly detected at 2009-01-16 17:00. consumption was 227% above the recent 24-hour baseline. consumption increased 71% compared with the previous hour. consumption was 914% higher than the same hour on the previous day. sub-metering activity was 36.77.,Moderate
2009-01-16 19:00:00,4.9582,0.2593,238.370666666667,20.8633333333333,17.1833333333333,7.88333333333333,17.4333333333333,19,4,0,2009-01-16,3.1908,2.8497,1.5135638888888898,1.1356543380143729,3.033173031447104,True,227.58445391028874,High consumption anomaly detected at 2009-01-16 19:00. consumption was 228% above the recent 24-hour baseline. consumption increased 55% compared with the previous hour. consumption was 74% higher than the same hour on the previous day. sub-metering activity was 42.50.,Moderate
2009-01-16 20:00:00,6.51963333333333,0.4316,236.970166666667,27.7466666666667,26.15,28.2,17.2333333333333,20,4,0,2009-01-16,4.9582,3.364,1.6014180555555564,1.311460612140536,3.7501814635137034,True,307.11626240979086,High consumption anomaly detected at 2009-01-16 20:00. consumption was 307% above the recent 24-hour baseline. consumption was 94% higher than the same hour on the previous day. sub-metering activity was 71.58.,Moderate
2009-01-21 21:00:00,3.5802,0.092633333333333,240.800333333333,14.99,0.0,18.5333333333333,7.58333333333333,21,2,0,2009-01-21,1.73923333333333,1.62856666666667,1.1560388888888888,0.7322694941379659,3.3104767172704017,True,209.69546391653492,High consumption anomaly detected at 2009-01-21 21:00. consumption was 210% above the recent 24-hour baseline. consumption increased 106% compared with the previous hour. consumption was 120% higher than the same hour on the previous day. sub-metering activity was 26.12.,Moderate
2009-01-24 11:00:00,5.0734,0.407633333333333,237.942666666667,21.5833333333333,19.35,37.5166666666667,17.3666666666667,11,5,1,2009-01-24,1.86173333333333,1.5929,1.2680944444444442,0.8070690868108191,4.714968789837366,True,300.0806108903561,High consumption anomaly detected at 2009-01-24 11:00. consumption was 300% above the recent 24-hour baseline. consumption increased 173% compared with the previous hour. consumption was 219% higher than the same hour on the previous day. the event occurred during a weekend period. sub-metering activity was 74.23.,Moderate
2009-01-25 13:00:00,4.33043333333333,0.288633333333333,240.448,18.1866666666667,11.05,33.8,17.7333333333333,13,6,1,2009-01-25,3.40783333333333,2.916,1.7304916666666672,0.8060786316548761,3.225419412655801,True,150.24294636880626,High consumption anomaly detected at 2009-01-25 13:00. consumption was 150% above the recent 24-hour baseline. the event occurred during a weekend period. sub-metering activity was 62.58.,Moderate
2009-01-28 15:00:00,4.20936666666667,0.127566666666667,243.807666666667,17.4033333333333,0.0,35.05,18.2,15,2,0,2009-01-28,2.33463333333333,0.412133333333333,1.3171777777777771,0.8445013810960216,3.424729613982768,True,219.57467987110527,High consumption anomaly detected at 2009-01-28 15:00. consumption was 220% above the recent 24-hour baseline. consumption increased 80% compared with the previous hour. consumption was 921% higher than the same hour on the previous day. sub-metering activity was 53.25.,Moderate
2009-01-31 17:00:00,5.0725,0.410766666666667,236.728333333333,21.6633333333333,24.0166666666667,14.05,17.1166666666667,17,5,1,2009-01-31,3.40743333333333,3.01976666666667,1.667300000000001,1.0939271930837489,3.112821421324064,True,204.23439093144586,High consumption anomaly detected at 2009-01-31 17:00. consumption was 204% above the recent 24-hour baseline. consumption was 68% higher than the same hour on the previous day. the event occurred during a weekend period. sub-metering activity was 55.18.,Moderate
2009-02-04 07:00:00,3.36876666666667,0.065033333333333,241.031666666667,13.9333333333333,0.0,0.0,17.8166666666667,7,2,0,2009-02-04,2.21423333333333,2.07936666666667,1.344059722222222,0.6429393174255932,3.149141590145116,True,150.64114421172206,High consumption anomaly detected at 2009-02-04 07:00. consumption was 151% above the recent 24-hour baseline. consumption increased 52% compared with the previous hour. consumption was 62% higher than the same hour on the previous day. sub-metering activity was 17.82.,Moderate
2009-02-04 08:00:00,4.0461,0.3136,240.429333333333,16.92,0.0,28.0666666666667,17.7333333333333,8,2,0,2009-02-04,3.36876666666667,1.53126666666667,1.397784722222222,0.751723269759214,3.5229922822876896,True,189.46517555059845,High consumption anomaly detected at 2009-02-04 08:00. consumption was 189% above the recent 24-hour baseline. consumption was 164% higher than the same hour on the previous day. sub-metering activity was 45.80.,Moderate
2009-02-07 11:00:00,3.71033333333333,0.242166666666667,237.737833333333,15.71,29.2166666666667,0.0,17.3333333333333,11,5,1,2009-02-07,2.59553333333333,1.4457,1.241365277777778,0.8059681285267232,3.0633569345585974,True,198.89134163437853,High consumption anomaly detected at 2009-02-07 11:00. consumption was 199% above the recent 24-hour baseline. consumption was 157% higher than the same hour on the previous day. the event occurred during a weekend period. sub-metering activity was 46.55.,Moderate
2009-02-11 12:00:00,4.24926666666667,0.3649,237.819,18.0466666666667,0.0,39.3,17.35,12,2,0,2009-02-11,2.2017,1.5753,1.3987430555555556,0.6844704047111914,4.164568097453209,True,203.7917971988742,High consumption anomaly detected at 2009-02-11 12:00. consumption was 204% above the recent 24-hour baseline. consumption increased 93% compared with the previous hour. consumption was 170% higher than the same hour on the previous day. sub-metering activity was 56.65.,Moderate
2009-02-11 18:00:00,5.2338,0.310166666666667,236.914666666667,22.18,13.95,28.5166666666667,10.3666666666667,18,2,0,2009-02-11,1.0134,1.30386666666667,1.5313263888888888,1.0094671224952947,3.667750567209155,True,241.78213331761222,High consumption anomaly detected at 2009-02-11 18:00. consumption was 242% above the recent 24-hour baseline. consumption increased 416% compared with the previous hour. consumption was 301% higher than the same hour on the previous day. sub-metering activity was 52.83.,Moderate
2009-02-14 11:00:00,3.4953,0.254866666666667,238.157166666667,14.8333333333333,31.1833333333333,0.516666666666667,17.4166666666667,11,5,1,2009-02-14,1.4796,1.32313333333333,1.1864037356321837,0.7146580175095928,3.230770813169845,True,194.61303054120143,High consumption anomaly detected at 2009-02-14 11:00. consumption was 195% above the recent 24-hour baseline. consumption increased 136% compared with the previous hour. consumption was 164% higher than the same hour on the previous day. the event occurred during a weekend period. sub-metering activity was 49.12.,Moderate
2009-02-16 18:00:00,1.95496666666667,0.074266666666667,237.871833333333,8.25,0.0,0.0,5.03333333333333,18,0,0,2009-02-16,1.06953333333333,0.9274,0.6066722222222218,0.2762531765470404,4.880647749637227,True,222.24430179210887,High consumption anomaly detected at 2009-02-16 18:00. consumption was 222% above the recent 24-hour baseline. consumption increased 83% compared with the previous hour. consumption was 111% higher than the same hour on the previous day. sub-metering activity was 5.03.,Moderate
2009-02-16 19:00:00,3.1627,0.156133333333333,236.845166666667,13.3733333333333,0.0,0.533333333333333,17.2166666666667,19,0,0,2009-02-16,1.95496666666667,0.912633333333333,0.6494874999999998,0.3859657482503578,6.5114910102587595,True,386.95317461844934,High consumption anomaly detected at 2009-02-16 19:00. consumption was 387% above the recent 24-hour baseline. consumption increased 62% compared with the previous hour. consumption was 247% higher than the same hour on the previous day. sub-metering activity was 17.75.,High
2009-02-20 08:00:00,1.24533333333333,0.0923,237.586666666667,5.24666666666667,0.0,0.0,10.95,8,4,0,2009-02-20,0.4075,0.3717,0.5206749999999999,0.23466430525202944,3.0880637451658752,True,139.17670971975423,High consumption anomaly detected at 2009-02-20 08:00. consumption was 139% above the recent 24-hour baseline. consumption increased 206% compared with the previous hour. consumption was 235% higher than the same hour on the previous day. sub-metering activity was 10.95.,Moderate
2009-02-20 12:00:00,1.746,0.1754,237.218666666667,7.45,0.0,0.533333333333333,9.66666666666667,12,4,0,2009-02-20,1.28636666666667,0.6068,0.6281222222222222,0.30675422279816145,3.6442131670778024,True,177.97137853567068,High consumption anomaly detected at 2009-02-20 12:00. consumption was 178% above the recent 24-hour baseline. consumption was 188% higher than the same hour on the previous day. sub-metering activity was 10.20.,Moderate
2009-02-20 17:00:00,3.42476666666667,0.202966666666667,238.9225,14.4433333333333,33.75,0.3,0.0,17,4,0,2009-02-20,0.755466666666667,0.748966666666667,0.6642944444444446,0.3716347013831409,7.4279183616286835,True,415.54949696001637,High consumption anomaly detected at 2009-02-20 17:00. consumption was 416% above the recent 24-hour baseline. consumption increased 353% compared with the previous hour. consumption was 357% higher than the same hour on the previous day. sub-metering activity was 34.05.,High
2009-02-20 18:00:00,2.96103333333333,0.1227,236.151833333333,12.6633333333333,14.4333333333333,0.25,9.08333333333333,18,4,0,2009-02-20,3.42476666666667,0.3586,0.7757861111111114,0.6753836971303272,3.23556406751781,True,281.68166340235473,High consumption anomaly detected at 2009-02-20 18:00. consumption was 282% above the recent 24-hour baseline. consumption was 726% higher than the same hour on the previous day. sub-metering activity was 23.77.,Moderate
2009-02-22 16:00:00,3.7188,0.280666666666667,240.052,15.65,11.7666666666667,19.3833333333333,17.6666666666667,16,6,1,2009-02-22,0.576833333333333,0.3159,0.4568680555555555,0.2176224642689897,14.988948661166578,True,713.9768046329934,High consumption anomaly detected at 2009-02-22 16:00. consumption was 714% above the recent 24-hour baseline. consumption increased 545% compared with the previous hour. consumption was 1077% higher than the same hour on the previous day. the event occurred during a weekend period. sub-metering activity was 48.82.,Critical
2009-02-22 17:00:00,4.82943333333333,0.199133333333333,235.173833333333,20.6866666666667,7.01666666666667,34.3833333333333,16.9666666666667,17,6,1,2009-02-22,3.7188,0.506933333333333,0.5986555555555554,0.6986667017691816,6.055502240287811,True,706.7131906679779,High consumption anomaly detected at 2009-02-22 17:00. consumption was 707% above the recent 24-hour baseline. consumption was 853% higher than the same hour on the previous day. the event occurred during a weekend period. sub-metering activity was 58.37.,High
2009-02-23 22:00:00,4.49416666666667,0.1251,237.8105,19.01,9.78333333333333,24.9666666666667,16.9333333333333,22,0,0,2009-02-23,1.7947,2.23336666666667,1.804840277777777,0.7132715888880369,3.770410080515684,True,149.00633712586168,High consumption anomaly detected at 2009-02-23 22:00. consumption was 149% above the recent 24-hour baseline. consumption increased 150% compared with the previous hour. consumption was 101% higher than the same hour on the previous day. sub-metering activity was 51.68.,Moderate
2009-03-06 20:00:00,3.37566666666667,0.1251,239.337,14.1433333333333,7.3,0.483333333333333,15.8333333333333,20,4,0,2009-03-06,1.80713333333333,2.3348,1.1162902777777781,0.5995920482273654,3.7681893807106266,True,202.4004359678451,High consumption anomaly detected at 2009-03-06 20:00. consumption was 202% above the recent 24-hour baseline. consumption increased 87% compared with the previous hour. sub-metering activity was 23.62.,Moderate
2009-03-08 11:00:00,4.05343333333333,0.3524,235.845,17.4266666666667,34.4833333333333,0.7,17.0666666666667,11,6,1,2009-03-08,2.8723,0.591566666666667,1.1475277777777775,0.8439549862453303,3.44319970012101,True,253.23182687419794,High consumption anomaly detected at 2009-03-08 11:00. consumption was 253% above the recent 24-hour baseline. consumption was 585% higher than the same hour on the previous day. the event occurred during a weekend period. sub-metering activity was 52.25.,Moderate
2009-03-11 11:00:00,3.2493,0.107866666666667,240.229,13.6866666666667,20.65,6.93333333333333,17.6833333333333,11,2,0,2009-03-11,1.6746,1.4443,1.4557805555555554,0.5456634548714634,3.2868601120940495,True,123.19984887832224,High consumption anomaly detected at 2009-03-11 11:00. consumption was 123% above the recent 24-hour baseline. consumption increased 94% compared with the previous hour. consumption was 125% higher than the same hour on the previous day. sub-metering activity was 45.27.,Moderate
2009-03-17 20:00:00,3.87466666666667,0.127333333333333,239.862333333333,16.2833333333333,0.0,24.5166666666667,11.3,20,1,0,2009-03-17,2.32563333333333,1.7002,1.2216940207156306,0.7658162110347932,3.464241952212353,True,217.15524517317436,High consumption anomaly detected at 2009-03-17 20:00. consumption was 217% above the recent 24-hour baseline. consumption increased 67% compared with the previous hour. consumption was 128% higher than the same hour on the previous day. sub-metering activity was 35.82.,Moderate
2009-03-20 19:00:00,3.12763333333333,0.246933333333333,237.473,13.2966666666667,17.9166666666667,0.0,4.2,19,4,0,2009-03-20,0.3215,1.09736666666667,0.8327986111111114,0.4992392076180504,4.5966636578309625,True,275.5569823970376,High consumption anomaly detected at 2009-03-20 19:00. consumption was 276% above the recent 24-hour baseline. consumption increased 873% compared with the previous hour. consumption was 185% higher than the same hour on the previous day. sub-metering activity was 22.12.,Moderate
2009-03-24 19:00:00,3.7412,0.297933333333333,234.715166666667,16.13,20.9666666666667,0.0,14.1666666666667,19,1,0,2009-03-24,0.491633333333333,1.77533333333333,1.0050944444444438,0.6846358768930619,3.996439053080661,True,272.22372690239195,High consumption anomaly detected at 2009-03-24 19:00. consumption was 272% above the recent 24-hour baseline. consumption increased 661% compared with the previous hour. consumption was 111% higher than the same hour on the previous day. sub-metering activity was 35.13.,Moderate
2009-03-28 18:00:00,4.37503333333333,0.551133333333333,237.902166666667,18.7066666666667,33.1,0.0,17.3666666666667,18,5,1,2009-03-28,2.2076,1.73236666666667,1.3161875000000005,0.7906373380813344,3.8688355406491817,True,232.4019817338584,High consumption anomaly detected at 2009-03-28 18:00. consumption was 232% above the recent 24-hour baseline. consumption increased 98% compared with the previous hour. consumption was 153% higher than the same hour on the previous day. the event occurred during a weekend period. sub-metering activity was 50.47.,Moderate
2009-04-04 15:00:00,3.23436666666667,0.3,240.371,13.6166666666667,19.4666666666667,6.66666666666667,13.7666666666667,15,5,1,2009-04-04,1.5613,0.872333333333333,1.0668277777777777,0.6628488147927297,3.270035097772142,True,203.1760827791639,High consumption anomaly detected at 2009-04-04 15:00. consumption was 203% above the recent 24-hour baseline. consumption increased 107% compared with the previous hour. consumption was 271% higher than the same hour on the previous day. the event occurred during a weekend period. sub-metering activity was 39.90.,Moderate
2009-04-09 19:00:00,3.39686666666667,0.378966666666667,240.430833333333,14.3066666666667,23.2333333333333,0.0,19.2333333333333,19,3,0,2009-04-09,1.16786666666667,0.4591,1.0816541666666672,0.7427273288401496,3.1171769370806133,True,214.0436907976596,High consumption anomaly detected at 2009-04-09 19:00. consumption was 214% above the recent 24-hour baseline. consumption increased 191% compared with the previous hour. consumption was 640% higher than the same hour on the previous day. sub-metering activity was 42.47.,Moderate
2009-04-11 11:00:00,3.45216666666667,0.203733333333333,238.992,14.5833333333333,0.0,31.9333333333333,18.15,11,5,1,2009-04-11,1.63866666666667,1.45343333333333,1.1804111111111113,0.7378661958396968,3.07881776989429,True,192.45460621064248,High consumption anomaly detected at 2009-04-11 11:00. consumption was 192% above the recent 24-hour baseline. consumption increased 111% compared with the previous hour. consumption was 138% higher than the same hour on the previous day. the event occurred during a weekend period. sub-metering activity was 50.08.,Moderate
2009-04-11 19:00:00,4.30473333333333,0.3481,236.8685,18.1966666666667,28.1166666666667,0.166666666666667,18.8666666666667,19,5,1,2009-04-11,2.01023333333333,2.5269,1.4407138888888895,0.8463548959195546,3.3839462124605753,True,198.79168699159527,High consumption anomaly detected at 2009-04-11 19:00. consumption was 199% above the recent 24-hour baseline. consumption increased 114% compared with the previous hour. consumption was 70% higher than the same hour on the previous day. the event occurred during a weekend period. sub-metering activity was 47.15.,Moderate
2009-04-12 20:00:00,5.0983,0.289066666666667,234.788333333333,21.8366666666667,41.9333333333333,0.166666666666667,18.5333333333333,20,6,1,2009-04-12,2.65316666666667,4.14513333333333,1.4511069444444438,0.9557631484020374,3.816000922041599,True,251.33868110264495,High consumption anomaly detected at 2009-04-12 20:00. consumption was 251% above the recent 24-hour baseline. consumption increased 92% compared with the previous hour. the event occurred during a weekend period. sub-metering activity was 60.63.,Moderate
2009-04-12 21:00:00,5.13396666666667,0.3276,234.308833333333,22.0033333333333,37.1333333333333,1.38333333333333,9.91666666666667,21,6,1,2009-04-12,5.0983,2.73893333333333,1.4908222222222218,1.0838036326616873,3.3614432860843415,True,244.37148776961294,High consumption anomaly detected at 2009-04-12 21:00. consumption was 244% above the recent 24-hour baseline. consumption was 87% higher than the same hour on the previous day. the event occurred during a weekend period. sub-metering activity was 48.43.,Moderate
2009-04-19 20:00:00,2.03853333333333,0.166266666666667,239.109333333333,8.65333333333333,18.9833333333333,0.0,0.65,20,6,1,2009-04-19,0.487166666666667,0.496,0.6534555555555557,0.4094334703397526,3.3829129226499752,True,211.96204791620556,High consumption anomaly detected at 2009-04-19 20:00. consumption was 212% above the recent 24-hour baseline. consumption increased 318% compared with the previous hour. consumption was 311% higher than the same hour on the previous day. the event occurred during a weekend period. sub-metering activity was 19.63.,Moderate
2009-04-19 21:00:00,3.18693333333333,0.2444,239.747833333333,13.3766666666667,8.2,0.566666666666667,15.7333333333333,21,6,1,2009-04-19,2.03853333333333,0.4919,0.7177277777777777,0.49563875282418957,4.981865403957661,True,344.0309309472018,High consumption anomaly detected at 2009-04-19 21:00. consumption was 344% above the recent 24-hour baseline. consumption increased 56% compared with the previous hour. consumption was 548% higher than the same hour on the previous day. the event occurred during a weekend period. sub-metering activity was 24.50.,Moderate
2009-04-23 21:00:00,3.05966666666667,0.1127,237.774166666667,12.8933333333333,8.71666666666667,0.55,12.7166666666667,21,3,0,2009-04-23,1.1707,0.379733333333333,0.6225055555555554,0.30852327790827233,7.899439963281188,True,391.50833102783616,High consumption anomaly detected at 2009-04-23 21:00. consumption was 392% above the recent 24-hour baseline. consumption increased 161% compared with the previous hour. consumption was 706% higher than the same hour on the previous day. sub-metering activity was 21.98.,High
2009-04-25 10:00:00,3.22283333333333,0.164066666666667,235.996333333333,13.76,0.0,28.0333333333333,18.7,10,5,1,2009-04-25,1.78656666666667,1.52436666666667,0.764233333333333,0.4176412229547044,5.886870990861566,True,321.70802983382015,High consumption anomaly detected at 2009-04-25 10:00. consumption was 322% above the recent 24-hour baseline. consumption increased 80% compared with the previous hour. consumption was 111% higher than the same hour on the previous day. the event occurred during a weekend period. sub-metering activity was 46.73.,Moderate
2009-04-25 11:00:00,2.9252,0.308733333333333,236.646833333333,12.56,0.0,20.0833333333333,18.7833333333333,11,5,1,2009-04-25,3.22283333333333,1.42743333333333,0.8350027777777772,0.637879235152924,3.276791447398539,True,250.32218788360674,High consumption anomaly detected at 2009-04-25 11:00. consumption was 250% above the recent 24-hour baseline. consumption was 105% higher than the same hour on the previous day. the event occurred during a weekend period. sub-metering activity was 38.87.,Moderate
2009-04-27 21:00:00,2.88626666666667,0.125066666666667,239.746,12.03,0.0,0.116666666666667,19.0,21,0,0,2009-04-27,2.22793333333333,1.02473333333333,0.8385888888888887,0.6099177399723668,3.3573015565517967,True,244.18136287149093,High consumption anomaly detected at 2009-04-27 21:00. consumption was 244% above the recent 24-hour baseline. consumption was 182% higher than the same hour on the previous day. sub-metering activity was 19.12.,Moderate
2009-05-03 11:00:00,2.6576,0.1103,240.1005,11.41,17.9333333333333,0.0,18.6666666666667,11,6,1,2009-05-03,1.61786666666667,1.5207,0.8920013888888896,0.5293153007258675,3.3356273825636378,True,197.9367558284193,High consumption anomaly detected at 2009-05-03 11:00. consumption was 198% above the recent 24-hour baseline. consumption increased 64% compared with the previous hour. consumption was 75% higher than the same hour on the previous day. the event occurred during a weekend period. sub-metering activity was 36.60.,Moderate
2009-05-03 20:00:00,4.2653,0.141266666666667,238.542166666667,18.0433333333333,8.28333333333333,17.8166666666667,15.2833333333333,20,6,1,2009-05-03,0.753966666666667,0.613766666666667,0.9030791666666674,0.6223675275929498,5.402307614500645,True,372.3063223508455,High consumption anomaly detected at 2009-05-03 20:00. consumption was 372% above the recent 24-hour baseline. consumption increased 466% compared with the previous hour. consumption was 595% higher than the same hour on the previous day. the event occurred during a weekend period. sub-metering activity was 41.38.,Moderate
2009-05-10 16:00:00,3.72056666666667,0.180733333333333,240.291166666667,15.63,8.56666666666667,43.9333333333333,1.63333333333333,16,6,1,2009-05-10,1.8807,0.9612,0.8662291666666673,0.4727836663837512,6.037301419129783,True,329.51297530003137,High consumption anomaly detected at 2009-05-10 16:00. consumption was 330% above the recent 24-hour baseline. consumption increased 98% compared with the previous hour. consumption was 287% higher than the same hour on the previous day. the event occurred during a weekend period. sub-metering activity was 54.13.,High
2009-05-10 19:00:00,3.63633333333333,0.323233333333333,237.005333333333,15.52,11.2833333333333,25.5,8.86666666666667,19,6,1,2009-05-10,2.29013559322034,0.661933333333333,1.0895181497175148,0.7998499078351038,3.184116368168494,True,233.756104409655,High consumption anomaly detected at 2009-05-10 19:00. consumption was 234% above the recent 24-hour baseline. consumption increased 59% compared with the previous hour. consumption was 449% higher than the same hour on the previous day. the event occurred during a weekend period. sub-metering activity was 45.65.,Moderate
2009-05-14 20:00:00,3.18366666666667,0.159766666666667,239.152666666667,13.3933333333333,0.0,15.3333333333333,19.0833333333333,20,3,0,2009-05-14,2.47733333333333,1.01733333333333,0.9568152777777778,0.6869058312904124,3.2418583267892167,True,232.73576839834732,High consumption anomaly detected at 2009-05-14 20:00. consumption was 233% above the recent 24-hour baseline. consumption was 213% higher than the same hour on the previous day. sub-metering activity was 34.42.,Moderate
2009-05-16 14:00:00,3.7777,0.213466666666667,236.64,16.0366666666667,8.33333333333333,26.9,18.7666666666667,14,5,1,2009-05-16,1.94096666666667,0.4005,1.045759722222222,0.7396789706430057,3.693413475582376,True,261.23976853616534,High consumption anomaly detected at 2009-05-16 14:00. consumption was 261% above the recent 24-hour baseline. consumption increased 95% compared with the previous hour. consumption was 843% higher than the same hour on the previous day. the event occurred during a weekend period. sub-metering activity was 54.00.,Moderate
2009-05-18 20:00:00,2.4866,0.210933333333333,239.299166666667,10.4133333333333,6.13333333333333,0.566666666666667,18.2,20,0,0,2009-05-18,0.5727,1.8552,0.7971388888888891,0.5448710410443436,3.100662328966785,True,211.94062097083312,High consumption anomaly detected at 2009-05-18 20:00. consumption was 212% above the recent 24-hour baseline. consumption increased 334% compared with the previous hour. sub-metering activity was 24.90.,Moderate
2009-05-21 12:00:00,2.85983333333333,0.1231,239.0,11.97,4.86666666666667,0.6,19.1333333333333,12,3,0,2009-05-21,1.84933333333333,0.974466666666667,0.7559916666666667,0.48909565321637927,4.301493282206517,True,278.2890023038168,High consumption anomaly detected at 2009-05-21 12:00. consumption was 278% above the recent 24-hour baseline. consumption increased 55% compared with the previous hour. consumption was 193% higher than the same hour on the previous day. sub-metering activity was 24.60.,Moderate
2009-05-24 18:00:00,2.55796666666667,0.229933333333333,238.8205,10.82,0.0,0.45,19.1166666666667,18,6,1,2009-05-24,1.5876,1.61686666666667,0.8647486111111112,0.530183884787905,3.193643006016515,True,195.8046574229187,High consumption anomaly detected at 2009-05-24 18:00. consumption was 196% above the recent 24-hour baseline. consumption increased 61% compared with the previous hour. consumption was 58% higher than the same hour on the previous day. the event occurred during a weekend period. sub-metering activity was 19.57.,Moderate
2009-05-25 21:00:00,2.35706666666667,0.169333333333333,233.710666666667,10.07,0.0,0.866666666666667,12.3833333333333,21,0,0,2009-05-25,0.7552,0.824633333333333,0.8729069444444447,0.49281789112652846,3.0115784125239373,True,170.02496447852272,High consumption anomaly detected at 2009-05-25 21:00. consumption was 170% above the recent 24-hour baseline. consumption increased 212% compared with the previous hour. consumption was 186% higher than the same hour on the previous day. sub-metering activity was 13.25.,Moderate
2009-05-27 21:00:00,2.9227,0.025433333333333,228.91,12.76,8.2,0.0,17.65,21,2,0,2009-05-27,1.08703333333333,1.65206666666667,1.0846902777777783,0.5668703860134463,3.242380917352461,True,169.45018867393009,High consumption anomaly detected at 2009-05-27 21:00. consumption was 169% above the recent 24-hour baseline. consumption increased 169% compared with the previous hour. consumption was 77% higher than the same hour on the previous day. sub-metering activity was 25.85.,Moderate
2009-06-06 19:00:00,2.55576666666667,0.2823,238.190166666667,11.0166666666667,2.75,25.0666666666667,6.13333333333333,19,5,1,2009-06-06,1.0038,1.5709,0.8069138888888893,0.5409461950899319,3.232951435192247,True,216.7335079813696,High consumption anomaly detected at 2009-06-06 19:00. consumption was 217% above the recent 24-hour baseline. consumption increased 155% compared with the previous hour. consumption was 63% higher than the same hour on the previous day. the event occurred during a weekend period. sub-metering activity was 33.95.,Moderate
2009-06-07 13:00:00,3.45546666666667,0.435533333333333,238.613333333333,14.8166666666667,14.2833333333333,18.1333333333333,10.85,13,6,1,2009-06-07,0.850366666666667,1.2976,0.8825097222222222,0.6814928135538264,3.775471865986489,True,291.5499829243307,High consumption anomaly detected at 2009-06-07 13:00. consumption was 292% above the recent 24-hour baseline. consumption increased 306% compared with the previous hour. consumption was 166% higher than the same hour on the previous day. the event occurred during a weekend period. sub-metering activity was 43.27.,Moderate
2009-06-08 19:00:00,2.4233,0.1319,236.034666666667,10.2866666666667,0.0,0.616666666666667,18.1,19,0,0,2009-06-08,1.3284,0.508566666666667,0.6416763888888889,0.41236142166220224,4.320539016306378,True,277.65142086591754,High consumption anomaly detected at 2009-06-08 19:00. consumption was 278% above the recent 24-hour baseline. consumption increased 82% compared with the previous hour. consumption was 376% higher than the same hour on the previous day. sub-metering activity was 18.72.,Moderate
2009-06-17 21:00:00,2.3328,0.181866666666667,239.928833333333,9.72666666666667,7.66666666666667,0.366666666666667,17.3166666666667,21,2,0,2009-06-17,1.05896666666667,1.01716666666667,0.6330347222222225,0.42907894113722933,3.9614278744902416,True,268.51059161666126,High consumption anomaly detected at 2009-06-17 21:00. consumption was 269% above the recent 24-hour baseline. consumption increased 120% compared with the previous hour. consumption was 129% higher than the same hour on the previous day. sub-metering activity was 25.35.,Moderate
2009-06-21 18:00:00,1.09683333333333,0.119366666666667,240.508333333333,4.58666666666667,0.0,0.383333333333333,12.9666666666667,18,6,1,2009-06-21,0.320233333333333,0.3166,0.3857833333333334,0.1807960943423899,3.9328836310668134,True,184.3133019397753,High consumption anomaly detected at 2009-06-21 18:00. consumption was 184% above the recent 24-hour baseline. consumption increased 243% compared with the previous hour. consumption was 246% higher than the same hour on the previous day. the event occurred during a weekend period. sub-metering activity was 13.35.,Moderate
2009-06-21 19:00:00,1.4966,0.189333333333333,240.280333333333,6.28,0.1,0.15,18.3166666666667,19,6,1,2009-06-21,1.09683333333333,0.342233333333333,0.41829305555555557,0.2309947145763976,4.668102239576623,True,257.78743637335594,High consumption anomaly detected at 2009-06-21 19:00. consumption was 258% above the recent 24-hour baseline. consumption was 337% higher than the same hour on the previous day. the event occurred during a weekend period. sub-metering activity was 18.57.,Moderate
2009-06-21 20:00:00,2.05013333333333,0.1798,240.413833333333,8.54333333333333,8.18333333333334,0.483333333333333,19.3333333333333,20,6,1,2009-06-21,1.4966,0.357766666666667,0.4663916666666667,0.3181935553581969,4.97729020590569,True,339.5733199921375,High consumption anomaly detected at 2009-06-21 20:00. consumption was 340% above the recent 24-hour baseline. consumption was 473% higher than the same hour on the previous day. the event occurred during a weekend period. sub-metering activity was 28.00.,Moderate
2009-06-23 22:00:00,2.13363333333333,0.085433333333333,240.965833333333,8.84,8.13333333333333,0.0,12.1166666666667,22,1,0,2009-06-23,0.883433333333333,0.994,0.6489694444444444,0.4655495877339821,3.1890563927149937,True,228.772541080088,High consumption anomaly detected at 2009-06-23 22:00. consumption was 229% above the recent 24-hour baseline. consumption increased 142% compared with the previous hour. consumption was 115% higher than the same hour on the previous day. sub-metering activity was 20.25.,Moderate
2009-06-24 18:00:00,2.7345,0.248633333333333,238.715166666667,11.5233333333333,18.0833333333333,0.216666666666667,19.1666666666667,18,2,0,2009-06-24,0.579233333333333,0.259133333333333,0.9583833333333335,0.5818829429736329,3.0523607679408276,True,185.32424395248944,High consumption anomaly detected at 2009-06-24 18:00. consumption was 185% above the recent 24-hour baseline. consumption increased 372% compared with the previous hour. consumption was 955% higher than the same hour on the previous day. sub-metering activity was 37.47.,Moderate
2009-06-29 22:00:00,1.87316666666667,0.2241,240.833,7.81666666666667,6.68333333333333,0.75,13.3833333333333,22,0,0,2009-06-29,0.6917,1.52633333333333,0.6831944444444445,0.37437383131256247,3.1785667765563583,True,174.1776783899171,High consumption anomaly detected at 2009-06-29 22:00. consumption was 174% above the recent 24-hour baseline. consumption increased 171% compared with the previous hour. sub-metering activity was 20.82.,Moderate
2009-07-04 22:00:00,2.07173333333333,0.291566666666667,239.257666666667,8.88333333333333,8.5,0.683333333333333,11.8333333333333,22,5,1,2009-07-04,1.261,0.3092,0.7597513888888896,0.42060737299790324,3.119255697048802,True,172.68569213978918,High consumption anomaly detected at 2009-07-04 22:00. consumption was 173% above the recent 24-hour baseline. consumption increased 64% compared with the previous hour. consumption was 570% higher than the same hour on the previous day. the event occurred during a weekend period. sub-metering activity was 21.02.,Moderate
2009-07-07 20:00:00,2.36666666666667,0.284533333333333,241.139,10.04,6.53333333333333,20.1666666666667,1.71666666666667,20,1,0,2009-07-07,1.63153333333333,0.6712,0.7579124999999994,0.5118927908789606,3.142756052306015,True,212.2611998966466,High consumption anomaly detected at 2009-07-07 20:00. consumption was 212% above the recent 24-hour baseline. consumption was 253% higher than the same hour on the previous day. sub-metering activity was 28.42.,Moderate
2009-07-08 08:00:00,3.0504,0.193466666666667,236.991166666667,13.0033333333333,0.0,23.35,18.9833333333333,8,2,0,2009-07-08,1.2348,1.36663333333333,0.7776944444444442,0.575607343910687,3.948360943616097,True,292.2363110333251,High consumption anomaly detected at 2009-07-08 08:00. consumption was 292% above the recent 24-hour baseline. consumption increased 147% compared with the previous hour. consumption was 123% higher than the same hour on the previous day. sub-metering activity was 42.33.,Moderate
2009-07-10 07:00:00,1.94046666666667,0.154633333333333,239.613,8.14333333333333,7.81666666666667,0.433333333333333,16.9333333333333,7,4,0,2009-07-10,0.6657,1.38833333333333,0.6185694444444446,0.3788326797136055,3.4893959602998588,True,213.7023149291605,High consumption anomaly detected at 2009-07-10 07:00. consumption was 214% above the recent 24-hour baseline. consumption increased 191% compared with the previous hour. sub-metering activity was 25.18.,Moderate
2009-07-12 22:00:00,0.864533333333333,0.143633333333333,240.857666666667,3.65,0.0,0.833333333333333,11.3,22,6,1,2009-07-12,0.550066666666667,0.316466666666667,0.3328694444444445,0.16341061966702813,3.2535455160272178,True,159.7214456785692,High consumption anomaly detected at 2009-07-12 22:00. consumption was 160% above the recent 24-hour baseline. consumption increased 57% compared with the previous hour. consumption was 173% higher than the same hour on the previous day. the event occurred during a weekend period. sub-metering activity was 12.13.,Moderate
2009-07-13 09:00:00,1.14,0.124,242.394333333333,4.70333333333333,0.0,0.35,15.8833333333333,9,0,0,2009-07-13,0.262833333333333,0.2599,0.33747777777777777,0.17139523797538353,4.682290078196242,True,237.8000197543871,High consumption anomaly detected at 2009-07-13 09:00. consumption was 238% above the recent 24-hour baseline. consumption increased 334% compared with the previous hour. consumption was 339% higher than the same hour on the previous day. sub-metering activity was 16.23.,Moderate
2009-07-14 11:00:00,1.23406666666667,0.2089,243.005,5.26333333333333,14.4833333333333,0.216666666666667,1.58333333333333,11,1,0,2009-07-14,0.298,0.2627,0.36219305555555564,0.21257590948333482,4.101469509081253,True,240.72068686512415,High consumption anomaly detected at 2009-07-14 11:00. consumption was 241% above the recent 24-hour baseline. consumption increased 314% compared with the previous hour. consumption was 370% higher than the same hour on the previous day. sub-metering activity was 16.28.,Moderate
2009-07-14 12:00:00,2.74533333333333,0.4368,241.685833333333,11.6533333333333,23.6333333333333,0.766666666666667,15.7,12,1,0,2009-07-14,1.23406666666667,0.313,0.4026666666666668,0.2758611738653524,8.492194221612776,True,581.7880794701975,High consumption anomaly detected at 2009-07-14 12:00. consumption was 582% above the recent 24-hour baseline. consumption increased 122% compared with the previous hour. consumption was 777% higher than the same hour on the previous day. sub-metering activity was 40.10.,High
2009-07-16 17:00:00,1.1898,0.1506,241.8255,4.95333333333333,0.0,1.43333333333333,13.1,17,3,0,2009-07-16,0.6151,0.305366666666667,0.4066583333333335,0.17524893137150085,4.4687386139121505,True,192.5797659788109,High consumption anomaly detected at 2009-07-16 17:00. consumption was 193% above the recent 24-hour baseline. consumption increased 93% compared with the previous hour. consumption was 290% higher than the same hour on the previous day. sub-metering activity was 14.53.,Moderate
2009-07-17 09:00:00,1.35843333333333,0.095133333333333,241.209666666667,5.57333333333333,0.0,0.316666666666667,19.5166666666667,9,4,0,2009-07-17,0.835266666666667,0.2983,0.43054166666666666,0.23230245553029175,3.994325692978602,True,215.51727475079767,High consumption anomaly detected at 2009-07-17 09:00. consumption was 216% above the recent 24-hour baseline. consumption increased 63% compared with the previous hour. consumption was 355% higher than the same hour on the previous day. sub-metering activity was 19.83.,Moderate
2009-07-17 10:00:00,1.37366666666667,0.147533333333333,239.502,5.72,0.0,0.65,19.25,10,4,0,2009-07-17,1.35843333333333,0.3695,0.4747138888888888,0.29766106717173213,3.020054944770928,True,189.3672797064906,High consumption anomaly detected at 2009-07-17 10:00. consumption was 189% above the recent 24-hour baseline. consumption was 272% higher than the same hour on the previous day. sub-metering activity was 19.90.,Moderate
2009-07-18 13:00:00,1.0999,0.1154,241.475166666667,4.60666666666667,0.0,0.233333333333333,12.4,13,5,1,2009-07-18,0.4883,0.360333333333333,0.4039583333333335,0.2164101597019316,3.2158456313936865,True,172.28055698813816,High consumption anomaly detected at 2009-07-18 13:00. consumption was 172% above the recent 24-hour baseline. consumption increased 125% compared with the previous hour. consumption was 205% higher than the same hour on the previous day. the event occurred during a weekend period. sub-metering activity was 12.63.,Moderate
2009-07-18 19:00:00,1.55896666666667,0.182133333333333,241.243333333333,6.47,0.0,1.18333333333333,16.2833333333333,19,5,1,2009-07-18,1.05353333333333,0.3211,0.47685972222222234,0.2874798960379635,3.764113454046709,True,226.9235362134806,High consumption anomaly detected at 2009-07-18 19:00. consumption was 227% above the recent 24-hour baseline. consumption was 386% higher than the same hour on the previous day. the event occurred during a weekend period. sub-metering activity was 17.47.,Moderate
2009-07-20 13:00:00,1.82753333333333,0.075566666666667,242.26,7.52333333333333,7.35,0.0,19.2833333333333,13,0,0,2009-07-20,0.477233333333333,0.405766666666667,0.43477222222222217,0.22958403420110995,6.066454559688952,True,320.34270818691704,High consumption anomaly detected at 2009-07-20 13:00. consumption was 320% above the recent 24-hour baseline. consumption increased 283% compared with the previous hour. consumption was 350% higher than the same hour on the previous day. sub-metering activity was 26.63.,High
2009-07-20 14:00:00,1.8438,0.201033333333333,240.321,7.70666666666667,7.78333333333333,0.916666666666667,19.2333333333333,14,0,0,2009-07-20,1.82753333333333,0.432066666666667,0.4940124999999999,0.3651693710418387,3.6963327349964143,True,273.22942233243094,High consumption anomaly detected at 2009-07-20 14:00. consumption was 273% above the recent 24-hour baseline. consumption was 327% higher than the same hour on the previous day. sub-metering activity was 27.93.,Moderate
2009-07-22 19:00:00,1.3132,0.182633333333333,241.845333333333,5.44666666666667,0.0,0.0,14.8,19,2,0,2009-07-22,0.539666666666667,0.289433333333333,0.3855388888888888,0.18199097224161587,5.097291913356694,True,240.61414758563052,High consumption anomaly detected at 2009-07-22 19:00. consumption was 241% above the recent 24-hour baseline. consumption increased 143% compared with the previous hour. consumption was 354% higher than the same hour on the previous day. sub-metering activity was 14.80.,Moderate
2009-07-23 02:00:00,1.7405,0.201233333333333,241.0945,7.26,6.6,0.5,9.43333333333334,2,3,0,2009-07-23,1.09766666666667,0.360966666666667,0.5729250000000002,0.3462236429564263,3.3723144671172673,True,203.79194484443852,High consumption anomaly detected at 2009-07-23 02:00. consumption was 204% above the recent 24-hour baseline. consumption increased 59% compared with the previous hour. consumption was 382% higher than the same hour on the previous day. sub-metering activity was 16.53.,Moderate
2009-07-24 21:00:00,0.963666666666667,0.173433333333333,240.611,4.07666666666667,0.0,0.933333333333333,12.6,21,4,0,2009-07-24,0.354466666666667,0.2866,0.36488750000000003,0.17217168569151553,3.4778027772784608,True,164.09966542199086,High consumption anomaly detected at 2009-07-24 21:00. consumption was 164% above the recent 24-hour baseline. consumption increased 172% compared with the previous hour. consumption was 236% higher than the same hour on the previous day. sub-metering activity was 13.53.,Moderate
2009-07-25 08:00:00,1.35083333333333,0.125566666666667,241.288166666667,5.61666666666667,0.0,0.133333333333333,16.4,8,5,1,2009-07-25,0.2827,0.392266666666667,0.3406513888888889,0.17852618205501472,5.658452630399853,True,296.54420248787966,High consumption anomaly detected at 2009-07-25 08:00. consumption was 297% above the recent 24-hour baseline. consumption increased 378% compared with the previous hour. consumption was 244% higher than the same hour on the previous day. the event occurred during a weekend period. sub-metering activity was 16.53.,Moderate
2009-07-26 07:00:00,1.25703333333333,0.132333333333333,241.597,5.21,0.0,0.233333333333333,17.6166666666667,7,6,1,2009-07-26,0.230366666666667,0.2827,0.37765694444444425,0.2597793258015771,3.3850899650134787,True,232.85058088432623,High consumption anomaly detected at 2009-07-26 07:00. consumption was 233% above the recent 24-hour baseline. consumption increased 446% compared with the previous hour. consumption was 345% higher than the same hour on the previous day. the event occurred during a weekend period. sub-metering activity was 17.85.,Moderate
2009-07-27 04:00:00,1.2118,0.207933333333333,242.412,5.04,0.0,1.43333333333333,16.0166666666667,4,0,0,2009-07-27,0.368233333333333,0.262733333333333,0.3896833333333331,0.24335947169518696,3.3781987647326335,True,210.97044608870465,High consumption anomaly detected at 2009-07-27 04:00. consumption was 211% above the recent 24-hour baseline. consumption increased 229% compared with the previous hour. consumption was 361% higher than the same hour on the previous day. sub-metering activity was 17.45.,Moderate
2009-07-27 09:00:00,1.35373333333333,0.215666666666667,242.855666666667,5.60666666666667,0.0,1.43333333333333,16.1,9,0,0,2009-07-27,0.345966666666667,0.2507,0.3990472222222221,0.23191285572159595,4.1165726157810685,True,239.24138747154603,High consumption anomaly detected at 2009-07-27 09:00. consumption was 239% above the recent 24-hour baseline. consumption increased 291% compared with the previous hour. consumption was 440% higher than the same hour on the previous day. sub-metering activity was 17.53.,Moderate
2009-07-28 12:00:00,1.5792,0.206166666666667,241.4215,6.71333333333333,0.0,6.4,14.2833333333333,12,1,0,2009-07-28,0.464933333333333,0.335933333333333,0.4140027777777775,0.21482344192305952,5.423976134967364,True,281.4467160043212,High consumption anomaly detected at 2009-07-28 12:00. consumption was 281% above the recent 24-hour baseline. consumption increased 240% compared with the previous hour. consumption was 370% higher than the same hour on the previous day. sub-metering activity was 20.68.,Moderate
2009-07-28 18:00:00,1.48646666666667,0.083533333333333,237.891666666667,6.38,0.0,18.4833333333333,1.6,18,1,0,2009-07-28,0.3349,0.339766666666667,0.45496249999999977,0.3251029426431094,3.17285398366582,True,226.7228984073788,High consumption anomaly detected at 2009-07-28 18:00. consumption was 227% above the recent 24-hour baseline. consumption increased 344% compared with the previous hour. consumption was 337% higher than the same hour on the previous day. sub-metering activity was 20.08.,Moderate
2009-07-30 18:00:00,1.59003333333333,0.1667,241.4125,6.85666666666667,0.0,19.7666666666667,1.63333333333333,18,3,0,2009-07-30,0.4807,0.765,0.4007597222222223,0.20372416939589544,5.837665774452135,True,296.7547747853894,High consumption anomaly detected at 2009-07-30 18:00. consumption was 297% above the recent 24-hour baseline. consumption increased 231% compared with the previous hour. consumption was 108% higher than the same hour on the previous day. sub-metering activity was 21.40.,Moderate
2009-07-31 17:00:00,1.8858,0.100666666666667,238.021333333333,8.10666666666667,0.0,14.7833333333333,12.9333333333333,17,4,0,2009-07-31,0.332733333333333,0.4807,0.6207694444444445,0.40103838840869666,3.1543876898546874,True,203.78428205139673,High consumption anomaly detected at 2009-07-31 17:00. consumption was 204% above the recent 24-hour baseline. consumption increased 467% compared with the previous hour. consumption was 292% higher than the same hour on the previous day. sub-metering activity was 27.72.,Moderate
2009-07-31 19:00:00,2.98123333333333,0.2633,238.123166666667,12.74,6.8,23.4666666666667,16.2833333333333,19,4,0,2009-07-31,1.6413,0.537366666666667,0.6814513888888891,0.4797394660267964,4.793814366558668,True,337.48290515545796,High consumption anomaly detected at 2009-07-31 19:00. consumption was 337% above the recent 24-hour baseline. consumption increased 82% compared with the previous hour. consumption was 455% higher than the same hour on the previous day. sub-metering activity was 46.55.,Moderate
2009-08-03 05:00:00,1.18116666666667,0.1629,241.061166666667,4.90333333333333,0.0,0.766666666666667,16.05,5,0,0,2009-08-03,0.235266666666667,0.3173,0.3370180555555556,0.17972144414594274,4.696983240495352,True,250.47578228993763,High consumption anomaly detected at 2009-08-03 05:00. consumption was 250% above the recent 24-hour baseline. consumption increased 402% compared with the previous hour. consumption was 272% higher than the same hour on the previous day. sub-metering activity was 16.82.,Moderate
2009-08-05 04:00:00,1.06686666666667,0.1097,241.039666666667,4.47,0.0,0.016666666666667,14.8333333333333,4,2,0,2009-08-05,0.2702,0.718233333333333,0.35369027777777773,0.18010583884590206,3.9597627342836095,True,201.63867476645154,High consumption anomaly detected at 2009-08-05 04:00. consumption was 202% above the recent 24-hour baseline. consumption increased 295% compared with the previous hour. sub-metering activity was 14.85.,Moderate
2009-08-05 16:00:00,1.21106666666667,0.081633333333333,243.288333333333,4.95666666666667,0.0,0.0,17.5833333333333,16,2,0,2009-08-05,0.3429,0.859433333333333,0.3570069444444446,0.2063827430197057,4.138232246194532,True,239.22776167597198,High consumption anomaly detected at 2009-08-05 16:00. consumption was 239% above the recent 24-hour baseline. consumption increased 253% compared with the previous hour. sub-metering activity was 17.58.,Moderate
2009-08-06 04:00:00,1.1637,0.0776,240.426333333333,4.82666666666667,0.0,0.066666666666667,16.7166666666667,4,3,0,2009-08-06,0.3118,1.06686666666667,0.36291250000000025,0.244006084071695,3.2818341519906884,True,220.65580546274907,High consumption anomaly detected at 2009-08-06 04:00. consumption was 221% above the recent 24-hour baseline. consumption increased 273% compared with the previous hour. sub-metering activity was 16.78.,Moderate
2009-08-07 17:00:00,1.08753333333333,0.100966666666667,241.435,4.50333333333333,0.0,0.0,15.3166666666667,17,4,0,2009-08-07,0.478,0.473866666666667,0.34855972222222226,0.13695209606405376,5.395854699189728,True,212.00774616178379,High consumption anomaly detected at 2009-08-07 17:00. consumption was 212% above the recent 24-hour baseline. consumption increased 128% compared with the previous hour. consumption was 130% higher than the same hour on the previous day. sub-metering activity was 15.32.,Moderate
2009-08-08 05:00:00,1.0085,0.092366666666667,242.2215,4.15,0.0,0.0,14.05,5,5,1,2009-08-08,0.279566666666667,0.829333333333333,0.35656944444444433,0.19434990630020338,3.354416618799643,True,182.83410586998025,High consumption anomaly detected at 2009-08-08 05:00. consumption was 183% above the recent 24-hour baseline. consumption increased 261% compared with the previous hour. the event occurred during a weekend period. sub-metering activity was 14.05.,Moderate
2009-08-09 17:00:00,2.23416666666667,0.2287,240.1545,9.37333333333333,1.98333333333333,6.05,17.8166666666667,17,6,1,2009-08-09,0.319533333333333,0.8108,0.3678305555555556,0.17784284788167892,10.49429950847847,True,507.39017814664135,High consumption anomaly detected at 2009-08-09 17:00. consumption was 507% above the recent 24-hour baseline. consumption increased 599% compared with the previous hour. consumption was 176% higher than the same hour on the previous day. the event occurred during a weekend period. sub-metering activity was 25.85.,Critical
2009-08-09 18:00:00,2.7101,0.4212,240.8595,11.6033333333333,10.7333333333333,17.6166666666667,1.71666666666667,18,6,1,2009-08-09,2.23416666666667,0.693633333333333,0.42713750000000017,0.41336471050988366,5.522877115426653,True,534.479529425536,High consumption anomaly detected at 2009-08-09 18:00. consumption was 534% above the recent 24-hour baseline. consumption was 291% higher than the same hour on the previous day. the event occurred during a weekend period. sub-metering activity was 30.07.,Moderate
2009-08-10 22:00:00,2.78083333333333,0.275633333333333,239.0395,11.77,0.0,12.5,9.35,22,0,0,2009-08-10,1.36896666666667,0.8042,0.5947319444444444,0.42816304362981106,5.105768518356724,True,367.5775968164925,High consumption anomaly detected at 2009-08-10 22:00. consumption was 368% above the recent 24-hour baseline. consumption increased 103% compared with the previous hour. consumption was 246% higher than the same hour on the previous day. sub-metering activity was 21.85.,Moderate
2009-08-12 21:00:00,1.42006666666667,0.311966666666667,240.9305,6.06666666666667,7.16666666666667,0.6,1.68333333333333,21,2,0,2009-08-12,0.807566666666667,0.3845,0.5154569444444443,0.293073221709185,3.0866338348710176,True,175.4966601909316,High consumption anomaly detected at 2009-08-12 21:00. consumption was 175% above the recent 24-hour baseline. consumption increased 76% compared with the previous hour. consumption was 269% higher than the same hour on the previous day. sub-metering activity was 9.45.,Moderate
2009-08-13 19:00:00,1.90133333333333,0.117555555555556,240.65,8.02222222222222,0.0,8.55555555555556,12.0,19,3,0,2009-08-13,0.344466666666667,0.278633333333333,0.5499722222222222,0.3507547567575859,3.852723548507889,True,245.71443002171765,High consumption anomaly detected at 2009-08-13 19:00. consumption was 246% above the recent 24-hour baseline. consumption increased 452% compared with the previous hour. consumption was 582% higher than the same hour on the previous day. sub-metering activity was 20.56.,Moderate
2009-08-13 20:00:00,3.71753333333333,0.359833333333333,238.5545,15.79,13.4666666666667,21.4666666666667,12.5833333333333,20,3,0,2009-08-13,1.90133333333333,0.328966666666667,0.617584722222222,0.4409723417421437,7.02980281907065,True,501.9471012749034,High consumption anomaly detected at 2009-08-13 20:00. consumption was 502% above the recent 24-hour baseline. consumption increased 96% compared with the previous hour. consumption was 1030% higher than the same hour on the previous day. sub-metering activity was 47.52.,High
2009-08-15 13:00:00,1.29136666666667,0.358866666666667,240.762166666667,5.62333333333333,0.0,1.16666666666667,11.4666666666667,13,5,1,2009-08-15,0.5824,0.4593,0.4847791666666666,0.19181939064968823,4.204932031470378,True,166.38245936723843,High consumption anomaly detected at 2009-08-15 13:00. consumption was 166% above the recent 24-hour baseline. consumption increased 122% compared with the previous hour. consumption was 181% higher than the same hour on the previous day. the event occurred during a weekend period. sub-metering activity was 12.63.,Moderate
2009-08-15 15:00:00,1.6376,0.379233333333333,239.369666666667,7.2,14.1333333333333,1.05,1.71666666666667,15,5,1,2009-08-15,0.5924,0.433466666666667,0.527802777777778,0.2514949021134228,4.4128020603841485,True,210.26740838591843,High consumption anomaly detected at 2009-08-15 15:00. consumption was 210% above the recent 24-hour baseline. consumption increased 176% compared with the previous hour. consumption was 278% higher than the same hour on the previous day. the event occurred during a weekend period. sub-metering activity was 16.90.,Moderate
2009-08-15 16:00:00,2.6086,0.519,237.9805,11.38,17.65,0.283333333333333,13.7166666666667,16,5,1,2009-08-15,1.6376,0.398966666666667,0.577975,0.33732188862551316,6.019843563292604,True,351.3344002768286,High consumption anomaly detected at 2009-08-15 16:00. consumption was 351% above the recent 24-hour baseline. consumption increased 59% compared with the previous hour. consumption was 554% higher than the same hour on the previous day. the event occurred during a weekend period. sub-metering activity was 31.65.,High
2009-08-15 17:00:00,2.76186666666667,0.563066666666667,237.7035,11.8633333333333,8.85,1.95,19.0333333333333,17,5,1,2009-08-15,2.6086,0.440766666666667,0.6700430555555558,0.5318154535782519,3.933363720509714,True,312.192417153956,High consumption anomaly detected at 2009-08-15 17:00. consumption was 312% above the recent 24-hour baseline. consumption was 527% higher than the same hour on the previous day. the event occurred during a weekend period. sub-metering activity was 29.83.,Moderate
2009-08-18 08:00:00,1.45576666666667,0.1619,239.286166666667,6.07333333333333,0.0,0.683333333333333,19.25,8,1,0,2009-08-18,0.546266666666667,1.36513333333333,0.5207222222222219,0.31017341349834093,3.0145860468774495,True,179.56684092606505,High consumption anomaly detected at 2009-08-18 08:00. consumption was 180% above the recent 24-hour baseline. consumption increased 166% compared with the previous hour. sub-metering activity was 19.93.,Moderate
2009-08-18 21:00:00,3.8541,0.3421,237.532833333333,16.4033333333333,23.6333333333333,1.0,18.45,21,1,0,2009-08-18,0.567566666666667,0.718166666666667,0.6398499999999997,0.3564781484721769,9.016681706230507,True,502.3442994451828,High consumption anomaly detected at 2009-08-18 21:00. consumption was 502% above the recent 24-hour baseline. consumption increased 579% compared with the previous hour. consumption was 437% higher than the same hour on the previous day. sub-metering activity was 43.08.,High
2009-08-21 07:00:00,1.6922,0.228533333333333,239.298,7.19666666666667,0.166666666666667,1.01666666666667,18.6333333333333,7,4,0,2009-08-21,0.277466666666667,1.11283333333333,0.5283319444444443,0.30070494558203326,3.8704652938208786,True,220.29106280510734,High consumption anomaly detected at 2009-08-21 07:00. consumption was 220% above the recent 24-hour baseline. consumption increased 510% compared with the previous hour. consumption was 52% higher than the same hour on the previous day. sub-metering activity was 19.82.,Moderate
2009-08-21 19:00:00,1.99066666666667,0.3933,239.935333333333,8.48333333333333,0.0,1.16666666666667,18.1166666666667,19,4,0,2009-08-21,0.938733333333333,0.3547,0.5743652777777776,0.38570099323381407,3.67201903478201,True,246.58548204177146,High consumption anomaly detected at 2009-08-21 19:00. consumption was 247% above the recent 24-hour baseline. consumption increased 112% compared with the previous hour. consumption was 461% higher than the same hour on the previous day. sub-metering activity was 19.28.,Moderate
2009-08-21 20:00:00,2.1803,0.332266666666667,239.276166666667,9.50333333333333,21.4,1.16666666666667,8.81666666666667,20,4,0,2009-08-21,1.99066666666667,0.334933333333333,0.6425305555555555,0.4785731310166366,3.2132381547993485,True,239.33016588056773,High consumption anomaly detected at 2009-08-21 20:00. consumption was 239% above the recent 24-hour baseline. consumption was 551% higher than the same hour on the previous day. sub-metering activity was 31.38.,Moderate
2009-08-22 18:00:00,3.17776666666667,0.774333333333333,238.745833333333,13.8466666666667,18.95,1.2,16.9833333333333,18,5,1,2009-08-22,1.4941,0.938733333333333,1.0553611111111114,0.5706903135479318,3.719014507817294,True,201.10704603479613,High consumption anomaly detected at 2009-08-22 18:00. consumption was 201% above the recent 24-hour baseline. consumption increased 113% compared with the previous hour. consumption was 239% higher than the same hour on the previous day. the event occurred during a weekend period. sub-metering activity was 37.13.,Moderate
2009-08-26 21:00:00,2.8228,0.335466666666667,239.688666666667,11.9333333333333,10.5666666666667,0.566666666666667,13.4666666666667,21,2,0,2009-08-26,2.29163333333333,1.4425,0.7456791666666658,0.6002626227830378,3.4603534428031515,True,278.55422629258607,High consumption anomaly detected at 2009-08-26 21:00. consumption was 279% above the recent 24-hour baseline. consumption was 96% higher than the same hour on the previous day. sub-metering activity was 24.60.,Moderate
2009-08-28 08:00:00,1.82346666666667,0.194966666666667,238.092333333333,7.67,7.21666666666667,0.683333333333333,19.0833333333333,8,4,0,2009-08-28,0.7716,0.8653,0.5298819444444441,0.2545474842482381,5.081899457944376,True,244.12696748489654,High consumption anomaly detected at 2009-08-28 08:00. consumption was 244% above the recent 24-hour baseline. consumption increased 136% compared with the previous hour. consumption was 111% higher than the same hour on the previous day. sub-metering activity was 26.98.,Moderate
2009-08-28 09:00:00,1.6743,0.109733333333333,238.008333333333,7.06333333333333,8.06666666666667,0.0,16.6833333333333,9,4,0,2009-08-28,1.82346666666667,0.353933333333333,0.5698055555555555,0.36193167672245286,3.051665591822253,True,193.83707892555944,High consumption anomaly detected at 2009-08-28 09:00. consumption was 194% above the recent 24-hour baseline. consumption was 373% higher than the same hour on the previous day. sub-metering activity was 24.75.,Moderate
2009-08-28 12:00:00,1.939,0.229866666666667,240.256166666667,8.11666666666667,10.8333333333333,0.6,17.2833333333333,12,4,0,2009-08-28,0.475666666666667,0.306133333333333,0.6365055555555554,0.4157324489939726,3.133011261440717,True,204.63206221469662,High consumption anomaly detected at 2009-08-28 12:00. consumption was 205% above the recent 24-hour baseline. consumption increased 308% compared with the previous hour. consumption was 533% higher than the same hour on the previous day. sub-metering activity was 28.72.,Moderate
2009-08-30 15:00:00,3.59143333333333,0.541633333333333,238.119166666667,15.3633333333333,21.95,1.4,18.9833333333333,15,6,1,2009-08-30,2.74253333333333,1.77446666666667,1.108165277777778,0.7359756351957807,3.374117208234706,True,224.0882389434986,High consumption anomaly detected at 2009-08-30 15:00. consumption was 224% above the recent 24-hour baseline. consumption was 102% higher than the same hour on the previous day. the event occurred during a weekend period. sub-metering activity was 42.33.,Moderate
2009-08-31 21:00:00,2.5673,0.175366666666667,239.453,10.8066666666667,6.95,0.0,13.1833333333333,21,0,0,2009-08-31,0.971433333333333,2.0719,0.8661347222222219,0.5206082085499285,3.267649740898446,True,196.4088535110494,High consumption anomaly detected at 2009-08-31 21:00. consumption was 196% above the recent 24-hour baseline. consumption increased 164% compared with the previous hour. sub-metering activity was 20.13.,Moderate
2009-09-06 20:00:00,2.4406,0.156166666666667,239.426166666667,10.1833333333333,0.0,0.0,17.0,20,6,1,2009-09-06,0.938633333333333,0.472066666666667,0.6773319444444441,0.4436911739307666,3.9740886435363154,True,260.32554200611486,High consumption anomaly detected at 2009-09-06 20:00. consumption was 260% above the recent 24-hour baseline. consumption increased 160% compared with the previous hour. consumption was 417% higher than the same hour on the previous day. the event occurred during a weekend period. sub-metering activity was 17.00.,Moderate
2009-09-06 21:00:00,2.59486666666667,0.233866666666667,239.2305,10.83,0.0,0.95,18.6666666666667,21,6,1,2009-09-06,2.4406,0.643333333333333,0.7593541666666663,0.5684968606435575,3.228711760909536,True,241.72021180279356,High consumption anomaly detected at 2009-09-06 21:00. consumption was 242% above the recent 24-hour baseline. consumption was 303% higher than the same hour on the previous day. the event occurred during a weekend period. sub-metering activity was 19.62.,Moderate
2009-09-07 21:00:00,3.14966666666667,0.087466666666667,238.769333333333,13.1933333333333,6.43333333333333,0.216666666666667,11.6333333333333,21,0,0,2009-09-07,2.33486666666667,2.59486666666667,0.8030083333333339,0.7591099910914534,3.0913284779183257,True,292.2333724224532,High consumption anomaly detected at 2009-09-07 21:00. consumption was 292% above the recent 24-hour baseline. sub-metering activity was 18.28.,Moderate
2009-09-12 19:00:00,3.06166666666667,0.436366666666667,239.391,13.0233333333333,20.5166666666667,0.5,19.1,19,5,1,2009-09-12,1.8209,0.8345,1.0032680555555553,0.5941150043583863,3.4646467367611424,True,205.1693562565675,High consumption anomaly detected at 2009-09-12 19:00. consumption was 205% above the recent 24-hour baseline. consumption increased 68% compared with the previous hour. consumption was 267% higher than the same hour on the previous day. the event occurred during a weekend period. sub-metering activity was 40.12.,Moderate
2009-09-12 21:00:00,4.30033333333333,0.2758,237.124,18.1466666666667,30.1166666666667,0.033333333333333,16.8833333333333,21,5,1,2009-09-12,2.32693333333333,1.30273333333333,1.0966875,0.7270148453063897,4.40657553833471,True,292.1202104823234,High consumption anomaly detected at 2009-09-12 21:00. consumption was 292% above the recent 24-hour baseline. consumption increased 85% compared with the previous hour. consumption was 230% higher than the same hour on the previous day. the event occurred during a weekend period. sub-metering activity was 47.03.,Moderate
2009-09-12 22:00:00,4.4504,0.44,237.424,18.8333333333333,41.6666666666667,0.933333333333333,7.1,22,5,1,2009-09-12,4.30033333333333,0.6492,1.2215875,0.9780894189095531,3.3011424493270978,True,264.3128306404576,High consumption anomaly detected at 2009-09-12 22:00. consumption was 264% above the recent 24-hour baseline. consumption was 586% higher than the same hour on the previous day. the event occurred during a weekend period. sub-metering activity was 49.70.,Moderate
2009-09-15 20:00:00,3.51663333333333,0.144,238.783,14.7266666666667,7.6,0.883333333333333,18.05,20,1,0,2009-09-15,2.24146666666667,1.7553,0.8609277777777776,0.6647075730341405,3.9952990808172286,True,308.4701904276391,High consumption anomaly detected at 2009-09-15 20:00. consumption was 308% above the recent 24-hour baseline. consumption increased 57% compared with the previous hour. consumption was 100% higher than the same hour on the previous day. sub-metering activity was 26.53.,Moderate
2009-09-18 20:00:00,3.30503333333333,0.1789,238.413666666667,13.8533333333333,4.08333333333333,1.2,18.85,20,4,0,2009-09-18,1.4121,1.2796,0.8186444444444444,0.660576452085528,3.763968396147069,True,303.7202421346938,High consumption anomaly detected at 2009-09-18 20:00. consumption was 304% above the recent 24-hour baseline. consumption increased 134% compared with the previous hour. consumption was 158% higher than the same hour on the previous day. sub-metering activity was 24.13.,Moderate
2009-09-24 20:00:00,3.6872,0.149066666666667,238.623166666667,15.4566666666667,7.95,0.1,18.9666666666667,20,3,0,2009-09-24,1.8621,1.77596666666667,0.9090986111111116,0.7581551309956135,3.664291482457779,True,305.5885637635568,High consumption anomaly detected at 2009-09-24 20:00. consumption was 306% above the recent 24-hour baseline. consumption increased 98% compared with the previous hour. consumption was 108% higher than the same hour on the previous day. sub-metering activity was 27.02.,Moderate
2009-09-27 20:00:00,2.7971,0.2709,238.374,11.8633333333333,0.0,20.05,6.73333333333333,20,6,1,2009-09-27,0.528366666666667,0.600266666666667,0.6753680555555562,0.46132882060696223,4.59917492614686,True,314.1593575519517,High consumption anomaly detected at 2009-09-27 20:00. consumption was 314% above the recent 24-hour baseline. consumption increased 429% compared with the previous hour. consumption was 366% higher than the same hour on the previous day. the event occurred during a weekend period. sub-metering activity was 26.78.,Moderate
2009-09-27 21:00:00,2.7097,0.218366666666667,239.1225,11.4,6.31666666666667,0.766666666666667,18.2333333333333,21,6,1,2009-09-27,2.7971,0.3396,0.7669027777777785,0.632110961404851,3.073506616471897,True,253.3303149392394,High consumption anomaly detected at 2009-09-27 21:00. consumption was 253% above the recent 24-hour baseline. consumption was 698% higher than the same hour on the previous day. the event occurred during a weekend period. sub-metering activity was 25.32.,Moderate
2009-10-03 15:00:00,2.81666666666667,0.306366666666667,239.717166666667,11.9366666666667,18.45,0.0,18.95,15,5,1,2009-10-03,2.05266666666667,1.17683333333333,0.8505208333333331,0.5995299147075233,3.2794791137194688,True,231.16962645437894,High consumption anomaly detected at 2009-10-03 15:00. consumption was 231% above the recent 24-hour baseline. consumption was 139% higher than the same hour on the previous day. the event occurred during a weekend period. sub-metering activity was 37.40.,Moderate
2009-10-04 20:00:00,3.42866666666667,0.158233333333333,236.557666666667,14.5033333333333,6.8,0.0,18.5666666666667,20,6,1,2009-10-04,1.87366666666667,1.44846666666667,0.9477388888888897,0.7073724916196164,3.5072437890500816,True,261.7733435721278,High consumption anomaly detected at 2009-10-04 20:00. consumption was 262% above the recent 24-hour baseline. consumption increased 83% compared with the previous hour. consumption was 137% higher than the same hour on the previous day. the event occurred during a weekend period. sub-metering activity was 25.37.,Moderate
2009-10-07 20:00:00,3.6453,0.222966666666667,237.2795,15.38,9.05,2.43333333333333,18.25,20,2,0,2009-10-07,2.97586666666667,2.8285,1.1973402777777775,0.7807602187153244,3.135354060751373,True,204.44979323384592,High consumption anomaly detected at 2009-10-07 20:00. consumption was 204% above the recent 24-hour baseline. sub-metering activity was 29.73.,Moderate
2009-10-10 14:00:00,2.63816666666667,0.273833333333333,235.3365,11.31,18.2,0.416666666666667,18.1166666666667,14,5,1,2009-10-10,1.639,0.9431,0.888488888888889,0.5509377115398453,3.175817776001416,True,196.9273673152922,High consumption anomaly detected at 2009-10-10 14:00. consumption was 197% above the recent 24-hour baseline. consumption increased 61% compared with the previous hour. consumption was 180% higher than the same hour on the previous day. the event occurred during a weekend period. sub-metering activity was 36.73.,Moderate
2009-10-14 07:00:00,3.38533333333333,0.152366666666667,235.525666666667,14.35,0.15,0.433333333333333,18.3833333333333,7,2,0,2009-10-14,1.2356,2.08656666666667,1.0322861111111112,0.7340339311429853,3.2056382169666477,True,227.94525634850334,High consumption anomaly detected at 2009-10-14 07:00. consumption was 228% above the recent 24-hour baseline. consumption increased 174% compared with the previous hour. consumption was 62% higher than the same hour on the previous day. sub-metering activity was 18.97.,Moderate
2009-10-15 20:00:00,3.37746666666667,0.1018,236.635666666667,14.26,7.65,0.733333333333333,15.5833333333333,20,3,0,2009-10-15,2.02953333333333,1.81903333333333,0.9866277777777773,0.666027766294335,3.589698522917615,True,242.3243033227666,High consumption anomaly detected at 2009-10-15 20:00. consumption was 242% above the recent 24-hour baseline. consumption increased 66% compared with the previous hour. consumption was 86% higher than the same hour on the previous day. sub-metering activity was 23.97.,Moderate
2009-10-17 16:00:00,4.66316666666667,0.409266666666667,238.065333333333,19.8166666666667,20.0833333333333,28.1,18.6833333333333,16,5,1,2009-10-17,2.50583333333333,1.02033333333333,1.232873611111111,0.8291961298372642,4.136889852861203,True,278.2355810555514,High consumption anomaly detected at 2009-10-17 16:00. consumption was 278% above the recent 24-hour baseline. consumption increased 86% compared with the previous hour. consumption was 357% higher than the same hour on the previous day. the event occurred during a weekend period. sub-metering activity was 66.87.,Moderate
2009-10-23 15:00:00,4.0253,0.457333333333333,240.2285,17.12,32.0333333333333,0.85,17.4333333333333,15,4,0,2009-10-23,1.20933333333333,0.365333333333333,0.7975416666666669,0.5275140811592046,6.118809807390127,True,404.71344234888437,High consumption anomaly detected at 2009-10-23 15:00. consumption was 405% above the recent 24-hour baseline. consumption increased 233% compared with the previous hour. consumption was 1002% higher than the same hour on the previous day. sub-metering activity was 50.32.,High
2009-10-28 21:00:00,2.64506666666667,0.133466666666667,236.453,11.1933333333333,8.2,0.666666666666667,15.3,21,2,0,2009-10-28,1.76883333333333,0.722533333333333,0.7583638888888887,0.48472854995522147,3.8922872976062,True,248.78594635381037,High consumption anomaly detected at 2009-10-28 21:00. consumption was 249% above the recent 24-hour baseline. consumption was 266% higher than the same hour on the previous day. sub-metering activity was 24.17.,Moderate
2009-10-29 15:00:00,3.43806666666667,0.228566666666667,239.5115,14.39,0.0,4.3,11.3166666666667,15,3,0,2009-10-29,1.078,1.3614,0.9124888888888892,0.6415988213834468,3.9363815730396854,True,276.77901709609876,High consumption anomaly detected at 2009-10-29 15:00. consumption was 277% above the recent 24-hour baseline. consumption increased 219% compared with the previous hour. consumption was 153% higher than the same hour on the previous day. sub-metering activity was 15.62.,Moderate
2009-10-31 12:00:00,3.68986666666667,0.3049,239.026333333333,15.64,11.6666666666667,24.0166666666667,18.1333333333333,12,5,1,2009-10-31,1.4683,0.9037,0.9501013888888888,0.7639218900859955,3.586446878056293,True,288.3655691717116,High consumption anomaly detected at 2009-10-31 12:00. consumption was 288% above the recent 24-hour baseline. consumption increased 151% compared with the previous hour. consumption was 308% higher than the same hour on the previous day. the event occurred during a weekend period. sub-metering activity was 53.82.,Moderate
2009-11-03 19:00:00,4.12583333333333,0.141566666666667,233.655833333333,17.6266666666667,4.2,0.183333333333333,11.9666666666667,19,1,0,2009-11-03,2.93223333333333,1.97383333333333,1.2901666666666665,0.8591683380126713,3.300478545596546,True,219.79072471256922,High consumption anomaly detected at 2009-11-03 19:00. consumption was 220% above the recent 24-hour baseline. consumption was 109% higher than the same hour on the previous day. sub-metering activity was 16.35.,Moderate
2009-11-03 20:00:00,4.83083333333333,0.351333333333333,233.701333333333,20.76,11.2833333333333,18.45,17.3666666666667,20,1,0,2009-11-03,4.12583333333333,2.75366666666667,1.3798333333333332,1.0291101691703521,3.3533824690335376,True,250.10266940451723,High consumption anomaly detected at 2009-11-03 20:00. consumption was 250% above the recent 24-hour baseline. consumption was 75% higher than the same hour on the previous day. sub-metering activity was 47.10.,Moderate
2009-11-05 20:00:00,3.57276666666667,0.251233333333333,236.7795,15.1033333333333,8.15,0.766666666666667,18.65,20,3,0,2009-11-05,2.49683333333333,1.2261,0.9513916666666665,0.6745093208317227,3.8863436264567013,True,275.5305823924606,High consumption anomaly detected at 2009-11-05 20:00. consumption was 276% above the recent 24-hour baseline. consumption was 191% higher than the same hour on the previous day. sub-metering activity was 27.57.,Moderate
2009-11-08 12:00:00,4.3383,0.246566666666667,238.598666666667,18.2933333333333,25.4333333333333,0.0,18.9166666666667,12,6,1,2009-11-08,2.65493333333333,0.4257,1.1872194444444448,0.8057865780489959,3.9105647095600466,True,265.4168587198378,High consumption anomaly detected at 2009-11-08 12:00. consumption was 265% above the recent 24-hour baseline. consumption increased 63% compared with the previous hour. consumption was 919% higher than the same hour on the previous day. the event occurred during a weekend period. sub-metering activity was 44.35.,Moderate
2009-11-11 17:00:00,4.53616666666667,0.169566666666667,233.048666666667,19.5566666666667,9.9,30.6333333333333,17.45,17,2,0,2009-11-11,1.99916666666667,0.8335,1.058240277777778,0.6911288654057238,5.032240097289515,True,328.6518630903244,High consumption anomaly detected at 2009-11-11 17:00. consumption was 329% above the recent 24-hour baseline. consumption increased 127% compared with the previous hour. consumption was 444% higher than the same hour on the previous day. sub-metering activity was 57.98.,Moderate
2009-11-21 17:00:00,4.76863333333333,0.3497,233.4365,20.5,28.8833333333333,0.3,16.2666666666667,17,5,1,2009-11-21,2.40746666666667,1.0401,1.3362722222222223,0.8872721178301965,3.8684424339906767,True,256.860919057577,High consumption anomaly detected at 2009-11-21 17:00. consumption was 257% above the recent 24-hour baseline. consumption increased 98% compared with the previous hour. consumption was 358% higher than the same hour on the previous day. the event occurred during a weekend period. sub-metering activity was 45.45.,Moderate
2009-11-22 20:00:00,5.11516666666667,0.180666666666667,235.15,21.7433333333333,37.1,0.3,17.5666666666667,20,6,1,2009-11-22,3.81893333333333,3.53823333333333,1.6360874999999997,1.1249611790966865,3.0926215333584017,True,212.64627757786005,High consumption anomaly detected at 2009-11-22 20:00. consumption was 213% above the recent 24-hour baseline. the event occurred during a weekend period. sub-metering activity was 54.97.,Moderate
2009-11-24 19:00:00,4.5056,0.275766666666667,235.804,19.26,7.1,25.7333333333333,10.2,19,1,0,2009-11-24,1.4019,1.83673333333333,1.3117097222222223,0.8099769445325541,3.9431866540608818,True,243.49063086662767,High consumption anomaly detected at 2009-11-24 19:00. consumption was 243% above the recent 24-hour baseline. consumption increased 221% compared with the previous hour. consumption was 145% higher than the same hour on the previous day. sub-metering activity was 43.03.,Moderate
2009-11-26 20:00:00,3.81416666666667,0.297866666666667,236.829666666667,16.26,19.0166666666667,0.15,11.05,20,3,0,2009-11-26,1.05263333333333,2.2181,1.0122444444444443,0.6566120088829644,4.2672418175672515,True,276.8029241948589,High consumption anomaly detected at 2009-11-26 20:00. consumption was 277% above the recent 24-hour baseline. consumption increased 262% compared with the previous hour. consumption was 72% higher than the same hour on the previous day. sub-metering activity was 30.22.,Moderate
2009-11-28 17:00:00,3.282,0.513233333333333,238.057833333333,14.0633333333333,18.1666666666667,0.333333333333333,18.0,17,5,1,2009-11-28,1.51486666666667,0.419733333333333,0.9798388888888886,0.6232793290305416,3.6936266034876026,True,234.95302515719715,High consumption anomaly detected at 2009-11-28 17:00. consumption was 235% above the recent 24-hour baseline. consumption increased 117% compared with the previous hour. consumption was 682% higher than the same hour on the previous day. the event occurred during a weekend period. sub-metering activity was 36.50.,Moderate
2009-12-12 17:00:00,4.24133333333333,0.6369,238.201166666667,18.08,0.0,25.45,16.6333333333333,17,5,1,2009-12-12,1.36323333333333,1.7113,1.116719444444444,0.7298377590154409,4.281244496179568,True,279.8029446369449,High consumption anomaly detected at 2009-12-12 17:00. consumption was 280% above the recent 24-hour baseline. consumption increased 211% compared with the previous hour. consumption was 148% higher than the same hour on the previous day. the event occurred during a weekend period. sub-metering activity was 42.08.,Moderate
2009-12-19 07:00:00,3.36903333333333,0.127166666666667,241.722166666667,13.8966666666667,0.0,0.0,19.4333333333333,7,5,1,2009-12-19,1.63786666666667,2.45906666666667,1.5003222222222228,0.5911542608020247,3.161122629101597,True,124.55398469958277,High consumption anomaly detected at 2009-12-19 07:00. consumption was 125% above the recent 24-hour baseline. consumption increased 106% compared with the previous hour. the event occurred during a weekend period. sub-metering activity was 19.43.,Moderate
2009-12-21 12:00:00,1.86716666666667,0.097,244.095833333333,7.6,0.0,0.666666666666667,18.2833333333333,12,0,0,2009-12-21,0.880266666666667,1.503,0.6251513888888889,0.41250913665524697,3.0108794385705715,True,198.6743211088875,High consumption anomaly detected at 2009-12-21 12:00. consumption was 199% above the recent 24-hour baseline. consumption increased 112% compared with the previous hour. sub-metering activity was 18.95.,Moderate
2009-12-21 19:00:00,3.3253,0.2923,240.853,13.9233333333333,18.3666666666667,0.633333333333333,0.0,19,0,0,2009-12-21,1.4088,0.369566666666667,0.9367055555555561,0.6159372723305808,3.8779832813274804,True,254.99949586909182,High consumption anomaly detected at 2009-12-21 19:00. consumption was 255% above the recent 24-hour baseline. consumption increased 136% compared with the previous hour. consumption was 800% higher than the same hour on the previous day. sub-metering activity was 19.00.,Moderate
2009-12-21 20:00:00,4.21143333333333,0.326033333333333,242.763,17.5133333333333,26.05,0.05,15.6333333333333,20,0,0,2009-12-21,3.3253,0.341466666666667,1.0598611111111118,0.7730637118481694,4.076730253820517,True,297.35709605556224,High consumption anomaly detected at 2009-12-21 20:00. consumption was 297% above the recent 24-hour baseline. consumption was 1133% higher than the same hour on the previous day. sub-metering activity was 41.73.,Moderate
2009-12-24 15:00:00,3.50866666666667,0.1461,248.4055,14.1933333333333,0.0,20.1833333333333,20.35,15,3,0,2009-12-24,1.5016,0.255266666666667,0.8549236111111113,0.5744634792005208,4.619515690098813,True,310.4070376658087,High consumption anomaly detected at 2009-12-24 15:00. consumption was 310% above the recent 24-hour baseline. consumption increased 134% compared with the previous hour. consumption was 1275% higher than the same hour on the previous day. sub-metering activity was 40.53.,Moderate
2009-12-24 16:00:00,4.53326666666667,0.3423,246.2255,18.52,0.0,22.0666666666667,20.0166666666667,16,3,0,2009-12-24,3.50866666666667,0.345633333333333,0.9904819444444447,0.7754922396867641,4.568433494129126,True,357.68291810804806,High consumption anomaly detected at 2009-12-24 16:00. consumption was 358% above the recent 24-hour baseline. consumption was 1212% higher than the same hour on the previous day. sub-metering activity was 42.08.,Moderate
2009-12-24 17:00:00,4.67096666666667,0.110766666666667,241.997666666667,19.34,0.0,28.7833333333333,18.6,17,3,0,2009-12-24,4.53326666666667,0.9403,1.1649666666666671,1.0474969074470297,3.3470265879303285,True,300.95281696185884,High consumption anomaly detected at 2009-12-24 17:00. consumption was 301% above the recent 24-hour baseline. consumption was 397% higher than the same hour on the previous day. sub-metering activity was 47.38.,Moderate
2010-01-02 17:00:00,2.3318,0.458466666666667,240.675833333333,9.86666666666667,0.666666666666667,0.716666666666667,15.1,17,5,1,2010-01-02,0.434633333333333,1.1622,0.524997222222222,0.33595260677899347,5.37814781406469,True,344.1547309774128,High consumption anomaly detected at 2010-01-02 17:00. consumption was 344% above the recent 24-hour baseline. consumption increased 436% compared with the previous hour. consumption was 101% higher than the same hour on the previous day. the event occurred during a weekend period. sub-metering activity was 16.48.,Moderate
2010-01-02 18:00:00,3.52515254237288,0.224677966101695,238.081355932203,14.8372881355932,12.8983050847458,0.0,18.0,18,5,1,2010-01-02,2.3318,0.493066666666667,0.5737305555555553,0.4844264171317735,6.092611555522332,True,514.426494848161,High consumption anomaly detected at 2010-01-02 18:00. consumption was 514% above the recent 24-hour baseline. consumption increased 51% compared with the previous hour. consumption was 615% higher than the same hour on the previous day. the event occurred during a weekend period. sub-metering activity was 30.90.,High
2010-01-09 14:00:00,3.41116666666667,0.222966666666667,240.589333333333,14.4133333333333,9.83333333333333,33.1,3.4,14,5,1,2010-01-09,0.5198,1.55753333333333,1.1927708333333336,0.7136372518840042,3.1085762794427647,True,185.98676051909968,High consumption anomaly detected at 2010-01-09 14:00. consumption was 186% above the recent 24-hour baseline. consumption increased 556% compared with the previous hour. consumption was 119% higher than the same hour on the previous day. the event occurred during a weekend period. sub-metering activity was 46.33.,Moderate
2010-01-09 18:00:00,4.30086666666667,0.420933333333333,238.512,18.1433333333333,7.28333333333333,18.3666666666667,10.1666666666667,18,5,1,2010-01-09,1.96753333333333,1.58096666666667,1.2684486111111113,0.84301517226815,3.5971097025416214,True,239.06510906257998,High consumption anomaly detected at 2010-01-09 18:00. consumption was 239% above the recent 24-hour baseline. consumption increased 119% compared with the previous hour. consumption was 172% higher than the same hour on the previous day. the event occurred during a weekend period. sub-metering activity was 35.82.,Moderate
2010-01-11 20:00:00,3.26706666666667,0.055366666666667,243.21,13.4366666666667,9.78333333333333,0.0,17.3,20,0,0,2010-01-11,1.85156666666667,2.2352,1.0199791666666667,0.6897503117377025,3.257827451123391,True,220.3071958169084,High consumption anomaly detected at 2010-01-11 20:00. consumption was 220% above the recent 24-hour baseline. consumption increased 76% compared with the previous hour. sub-metering activity was 27.08.,Moderate
2010-01-15 20:00:00,5.3368,0.333233333333333,240.994666666667,22.4266666666667,11.6833333333333,19.8333333333333,18.4666666666667,20,4,0,2010-01-15,2.7051,2.44573333333333,1.3333444444444453,0.7497141843587103,5.3399757388611055,True,300.25666452779535,High consumption anomaly detected at 2010-01-15 20:00. consumption was 300% above the recent 24-hour baseline. consumption increased 97% compared with the previous hour. consumption was 118% higher than the same hour on the previous day. sub-metering activity was 49.98.,Moderate
2010-01-19 19:00:00,4.45376666666667,0.318033333333333,239.071333333333,18.8933333333333,14.9833333333333,0.0,19.0166666666667,19,1,0,2010-01-19,2.78116666666667,1.9715,1.523477777777778,0.8287220274666013,3.5359128776228737,True,192.34208280761146,High consumption anomaly detected at 2010-01-19 19:00. consumption was 192% above the recent 24-hour baseline. consumption increased 60% compared with the previous hour. consumption was 126% higher than the same hour on the previous day. sub-metering activity was 34.00.,Moderate
2010-01-23 18:00:00,5.26553333333333,0.370066666666667,234.6485,22.5533333333333,0.0,36.3,13.3,18,5,1,2010-01-23,1.7231,1.83026666666667,1.3826081214689268,0.8065013624145927,4.814530257257438,True,280.84061937514593,High consumption anomaly detected at 2010-01-23 18:00. consumption was 281% above the recent 24-hour baseline. consumption increased 206% compared with the previous hour. consumption was 188% higher than the same hour on the previous day. the event occurred during a weekend period. sub-metering activity was 49.60.,Moderate
2010-01-25 19:00:00,3.71333333333333,0.169566666666667,238.551,15.5733333333333,8.66666666666667,0.0,18.1,19,0,0,2010-01-25,1.81036666666667,1.99213333333333,1.071830555555556,0.6796143998295667,3.8867669349563636,True,246.44779569739157,High consumption anomaly detected at 2010-01-25 19:00. consumption was 246% above the recent 24-hour baseline. consumption increased 105% compared with the previous hour. consumption was 86% higher than the same hour on the previous day. sub-metering activity was 26.77.,Moderate
2010-01-27 17:00:00,4.07983333333333,0.050433333333333,237.104166666667,17.2233333333333,0.0,30.1666666666667,11.65,17,2,0,2010-01-27,1.0771,1.20216666666667,1.5005888888888892,0.5752629512314889,4.483592136296883,True,171.88214997075193,High consumption anomaly detected at 2010-01-27 17:00. consumption was 172% above the recent 24-hour baseline. consumption increased 279% compared with the previous hour. consumption was 239% higher than the same hour on the previous day. sub-metering activity was 41.82.,Moderate
2010-01-30 18:00:00,5.14216666666667,0.268566666666667,235.971333333333,21.89,9.63333333333333,31.4666666666667,18.5666666666667,18,5,1,2010-01-30,3.56916666666667,1.816,1.4065430555555558,1.1329853349984895,3.2971508948225656,True,265.58899824332923,High consumption anomaly detected at 2010-01-30 18:00. consumption was 266% above the recent 24-hour baseline. consumption was 183% higher than the same hour on the previous day. the event occurred during a weekend period. sub-metering activity was 59.67.,Moderate
2010-02-03 21:00:00,4.5192,0.226366666666667,235.809,19.2366666666667,8.31666666666667,19.6666666666667,18.65,21,2,0,2010-02-03,2.7196,2.3579,1.874981944444445,0.8400910028907956,3.1475376434894153,True,141.02632099420205,High consumption anomaly detected at 2010-02-03 21:00. consumption was 141% above the recent 24-hour baseline. consumption increased 66% compared with the previous hour. consumption was 92% higher than the same hour on the previous day. sub-metering activity was 46.63.,Moderate
2010-02-13 12:00:00,3.92413333333333,0.213333333333333,240.062333333333,16.6633333333333,11.55,31.5833333333333,8.8,12,5,1,2010-02-13,1.50286666666667,1.63593333333333,1.228994444444445,0.6999443306135965,3.850504634456042,True,219.2962629792193,High consumption anomaly detected at 2010-02-13 12:00. consumption was 219% above the recent 24-hour baseline. consumption increased 161% compared with the previous hour. consumption was 140% higher than the same hour on the previous day. the event occurred during a weekend period. sub-metering activity was 51.93.,Moderate
2010-02-15 19:00:00,3.50813333333333,0.2021,239.409333333333,14.7833333333333,8.08333333333333,0.0,18.8166666666667,19,0,0,2010-02-15,1.5169,2.3949,1.1163378766478342,0.7086935741174925,3.374936000603508,True,214.25372252598254,High consumption anomaly detected at 2010-02-15 19:00. consumption was 214% above the recent 24-hour baseline. consumption increased 131% compared with the previous hour. sub-metering activity was 26.90.,Moderate
2010-02-15 20:00:00,4.61963333333333,0.1234,236.67,19.69,33.4833333333333,0.0,17.8166666666667,20,0,0,2010-02-15,3.50813333333333,2.2461,1.1627225988700562,0.8231962830627144,4.199376024393337,True,297.311735217216,High consumption anomaly detected at 2010-02-15 20:00. consumption was 297% above the recent 24-hour baseline. consumption was 106% higher than the same hour on the previous day. sub-metering activity was 51.30.,Moderate
2010-02-17 12:00:00,4.05993333333333,0.192833333333333,241.455,16.9233333333333,0.0,41.8333333333333,18.5166666666667,12,2,0,2010-02-17,1.63293333333333,1.4228,1.2366986111111116,0.7020591186881894,4.021363225788571,True,228.28801592052278,High consumption anomaly detected at 2010-02-17 12:00. consumption was 228% above the recent 24-hour baseline. consumption increased 149% compared with the previous hour. consumption was 185% higher than the same hour on the previous day. sub-metering activity was 60.35.,Moderate
2010-02-21 11:00:00,5.0908,0.275666666666667,238.412666666667,22.01,23.9333333333333,28.65,18.7333333333333,11,6,1,2010-02-21,1.25036666666667,1.65043333333333,1.171347222222222,0.8604172466596781,4.555293135968535,True,334.6106691013435,High consumption anomaly detected at 2010-02-21 11:00. consumption was 335% above the recent 24-hour baseline. consumption increased 307% compared with the previous hour. consumption was 208% higher than the same hour on the previous day. the event occurred during a weekend period. sub-metering activity was 71.32.,Moderate
2010-03-01 11:00:00,2.39663333333333,0.202566666666667,239.571833333333,10.3366666666667,12.9666666666667,1.18333333333333,10.25,11,0,0,2010-03-01,0.399266666666667,0.2943,0.41915138888888864,0.23638401982557014,8.365548339112104,True,471.7822717196447,High consumption anomaly detected at 2010-03-01 11:00. consumption was 472% above the recent 24-hour baseline. consumption increased 500% compared with the previous hour. consumption was 714% higher than the same hour on the previous day. sub-metering activity was 24.40.,High
2010-03-01 12:00:00,2.12276666666667,0.055433333333333,241.198666666667,8.77333333333333,0.066666666666667,0.033333333333333,19.0833333333333,12,0,0,2010-03-01,2.39663333333333,0.329733333333333,0.5067486111111107,0.4660597424932297,3.467405373634121,True,318.8993556414954,High consumption anomaly detected at 2010-03-01 12:00. consumption was 319% above the recent 24-hour baseline. consumption was 544% higher than the same hour on the previous day. sub-metering activity was 19.18.,Moderate
2010-03-03 08:00:00,1.52173333333333,0.0797,240.350166666667,6.26333333333333,0.0,0.0,18.8833333333333,8,2,0,2010-03-03,1.04076666666667,1.5749,0.5460625000000003,0.3233915740632563,3.016995220606724,True,178.67383922780436,High consumption anomaly detected at 2010-03-03 08:00. consumption was 179% above the recent 24-hour baseline. sub-metering activity was 18.88.,Moderate
2010-03-04 16:00:00,1.2828,0.079466666666667,243.548,5.27333333333333,0.0,0.0,16.2666666666667,16,3,0,2010-03-04,0.325733333333333,0.336266666666667,0.42464444444444444,0.23058580422020974,3.7216322074017008,True,202.08802135119578,High consumption anomaly detected at 2010-03-04 16:00. consumption was 202% above the recent 24-hour baseline. consumption increased 294% compared with the previous hour. consumption was 281% higher than the same hour on the previous day. sub-metering activity was 16.27.,Moderate
2010-03-05 02:00:00,1.3871,0.033633333333333,241.954833333333,5.67,0.0,0.0,15.8166666666667,2,4,0,2010-03-05,0.485566666666667,0.3848,0.4871972222222222,0.25826226547778164,3.4844532015274083,True,184.7101618669145,High consumption anomaly detected at 2010-03-05 02:00. consumption was 185% above the recent 24-hour baseline. consumption increased 186% compared with the previous hour. consumption was 260% higher than the same hour on the previous day. sub-metering activity was 15.82.,Moderate
2010-03-05 12:00:00,1.4802,0.074733333333333,243.604166666667,6.09333333333333,0.0,0.0,14.9333333333333,12,4,0,2010-03-05,0.506366666666667,0.3866,0.5392722222222222,0.2582692097445666,3.643205392963312,True,174.48103926073208,High consumption anomaly detected at 2010-03-05 12:00. consumption was 174% above the recent 24-hour baseline. consumption increased 192% compared with the previous hour. consumption was 283% higher than the same hour on the previous day. sub-metering activity was 14.93.,Moderate
2010-03-05 13:00:00,2.01093333333333,0.082166666666667,244.051333333333,8.23666666666667,8.55,0.0,19.5,13,4,0,2010-03-05,1.4802,0.385933333333333,0.5848388888888888,0.31939979152730585,4.4649197722551515,True,243.84398362321957,High consumption anomaly detected at 2010-03-05 13:00. consumption was 244% above the recent 24-hour baseline. consumption was 421% higher than the same hour on the previous day. sub-metering activity was 28.05.,Moderate
2010-03-05 14:00:00,2.05916666666667,0.1342,245.091333333333,8.39,9.9,0.333333333333333,19.0833333333333,14,4,0,2010-03-05,2.01093333333333,0.317166666666667,0.6525472222222221,0.42887766167939884,3.279768498402105,True,215.55826100282286,High consumption anomaly detected at 2010-03-05 14:00. consumption was 216% above the recent 24-hour baseline. consumption was 549% higher than the same hour on the previous day. sub-metering activity was 29.32.,Moderate
2010-03-07 17:00:00,2.43486666666667,0.012933333333333,239.742333333333,10.2466666666667,0.0,28.95,0.65,17,6,1,2010-03-07,0.769333333333333,1.06673333333333,0.5903888888888886,0.24014407766050722,7.680713160810603,True,312.41742730780163,High consumption anomaly detected at 2010-03-07 17:00. consumption was 312% above the recent 24-hour baseline. consumption increased 216% compared with the previous hour. consumption was 128% higher than the same hour on the previous day. the event occurred during a weekend period. sub-metering activity was 29.60.,High
2010-03-07 18:00:00,2.57533333333333,0.292833333333333,238.425166666667,10.98,0.0,23.8833333333333,0.633333333333333,18,6,1,2010-03-07,2.43486666666667,0.4813,0.6473944444444445,0.4385546486712513,4.396120061046495,True,297.7997271112402,High consumption anomaly detected at 2010-03-07 18:00. consumption was 298% above the recent 24-hour baseline. consumption was 435% higher than the same hour on the previous day. the event occurred during a weekend period. sub-metering activity was 24.52.,Moderate
2010-03-11 20:00:00,3.48573333333333,0.2095,238.3495,15.2433333333333,16.8333333333333,0.166666666666667,18.0666666666667,20,3,0,2010-03-11,2.49036666666667,1.09203333333333,1.0547666666666666,0.6228953100211647,3.902688987310025,True,230.4743545175865,High consumption anomaly detected at 2010-03-11 20:00. consumption was 230% above the recent 24-hour baseline. consumption was 219% higher than the same hour on the previous day. sub-metering activity was 35.07.,Moderate
2010-03-11 21:00:00,3.94636666666667,0.206433333333333,238.397833333333,16.7566666666667,17.6833333333333,0.0,18.0833333333333,21,3,0,2010-03-11,3.48573333333333,1.37836666666667,1.1545041666666667,0.7965533231670906,3.504928570129589,True,241.82351009271684,High consumption anomaly detected at 2010-03-11 21:00. consumption was 242% above the recent 24-hour baseline. consumption was 186% higher than the same hour on the previous day. sub-metering activity was 35.77.,Moderate
2010-03-14 21:00:00,2.99306666666667,0.0854,239.747333333333,12.4866666666667,7.88333333333333,0.0,13.6333333333333,21,6,1,2010-03-14,1.50696666666667,1.4258,1.0227680555555547,0.523311778424283,3.765056878795619,True,192.64373778675304,High consumption anomaly detected at 2010-03-14 21:00. consumption was 193% above the recent 24-hour baseline. consumption increased 99% compared with the previous hour. consumption was 110% higher than the same hour on the previous day. the event occurred during a weekend period. sub-metering activity was 21.52.,Moderate
2010-04-04 15:00:00,2.7866,0.383433333333333,239.6315,11.69,0.0,0.0,18.7833333333333,15,6,1,2010-04-04,1.49493333333333,1.49003333333333,1.0424680555555554,0.5467265678986911,3.1901357037538984,True,167.30795108296687,High consumption anomaly detected at 2010-04-04 15:00. consumption was 167% above the recent 24-hour baseline. consumption increased 86% compared with the previous hour. consumption was 87% higher than the same hour on the previous day. the event occurred during a weekend period. sub-metering activity was 18.78.,Moderate
2010-04-06 20:00:00,3.1991,0.1333,239.547833333333,13.37,9.01666666666667,0.266666666666667,17.5333333333333,20,1,0,2010-04-06,0.8582,1.2092,1.0810597222222222,0.6600779159819359,3.2087731258619194,True,195.92259652629943,High consumption anomaly detected at 2010-04-06 20:00. consumption was 196% above the recent 24-hour baseline. consumption increased 273% compared with the previous hour. consumption was 165% higher than the same hour on the previous day. sub-metering activity was 26.82.,Moderate
2010-04-11 20:00:00,3.81613333333333,0.1082,237.833,16.2466666666667,28.6,0.216666666666667,11.35,20,6,1,2010-04-11,1.67396666666667,0.7757,0.8194045197740117,0.5664466671710332,5.290398879961075,True,365.72031777244814,High consumption anomaly detected at 2010-04-11 20:00. consumption was 366% above the recent 24-hour baseline. consumption increased 128% compared with the previous hour. consumption was 392% higher than the same hour on the previous day. the event occurred during a weekend period. sub-metering activity was 40.17.,Moderate
2010-04-11 21:00:00,3.88313333333333,0.0986,236.524833333333,16.7133333333333,29.6833333333333,0.0,10.6833333333333,21,6,1,2010-04-11,3.81613333333333,0.356133333333333,0.9460892419962338,0.8333567287712255,3.524353965039357,True,310.44049133673457,High consumption anomaly detected at 2010-04-11 21:00. consumption was 310% above the recent 24-hour baseline. consumption was 990% higher than the same hour on the previous day. the event occurred during a weekend period. sub-metering activity was 40.37.,Moderate
2010-04-15 21:00:00,3.02816666666667,0.1382,239.011166666667,12.6633333333333,8.36666666666667,1.11666666666667,17.8833333333333,21,3,0,2010-04-15,2.08576666666667,1.7586,1.1997541666666671,0.5742296900950884,3.1841134854891093,True,152.3989289472498,High consumption anomaly detected at 2010-04-15 21:00. consumption was 152% above the recent 24-hour baseline. consumption was 72% higher than the same hour on the previous day. sub-metering activity was 27.37.,Moderate
2010-04-17 10:00:00,3.58546666666667,0.172233333333333,239.272333333333,15.0133333333333,0.0,31.9666666666667,18.1833333333333,10,5,1,2010-04-17,1.8058,1.184,1.0549583333333334,0.6157863911625922,4.109393077940207,True,239.8680832576329,High consumption anomaly detected at 2010-04-17 10:00. consumption was 240% above the recent 24-hour baseline. consumption increased 99% compared with the previous hour. consumption was 203% higher than the same hour on the previous day. the event occurred during a weekend period. sub-metering activity was 50.15.,Moderate
2010-04-24 15:00:00,1.24213333333333,0.164166666666667,241.9525,5.18333333333333,0.0,1.16666666666667,12.55,15,5,1,2010-04-24,0.543,0.748333333333333,0.4736027777777776,0.192077120913472,4.001156160091364,True,162.27323647923365,High consumption anomaly detected at 2010-04-24 15:00. consumption was 162% above the recent 24-hour baseline. consumption increased 129% compared with the previous hour. consumption was 66% higher than the same hour on the previous day. the event occurred during a weekend period. sub-metering activity was 13.72.,Moderate
2010-04-24 17:00:00,1.68083333333333,0.523566666666667,238.854666666667,7.84666666666667,8.45,1.18333333333333,3.1,17,5,1,2010-04-24,0.6988,0.406433333333333,0.5058236111111108,0.2455308563071853,4.785588825349742,True,232.29633738155272,High consumption anomaly detected at 2010-04-24 17:00. consumption was 232% above the recent 24-hour baseline. consumption increased 141% compared with the previous hour. consumption was 314% higher than the same hour on the previous day. the event occurred during a weekend period. sub-metering activity was 12.73.,Moderate
2010-04-24 18:00:00,2.4453,0.3553,238.167833333333,10.95,18.25,1.16666666666667,14.3666666666667,18,5,1,2010-04-24,1.68083333333333,0.351166666666667,0.5589236111111107,0.341967644806627,5.516242304021428,True,337.5016462694916,High consumption anomaly detected at 2010-04-24 18:00. consumption was 338% above the recent 24-hour baseline. consumption was 596% higher than the same hour on the previous day. the event occurred during a weekend period. sub-metering activity was 33.78.,Moderate
2010-04-24 19:00:00,2.47806666666667,0.2718,237.440833333333,10.6033333333333,16.4833333333333,1.15,17.8333333333333,19,5,1,2010-04-24,2.4453,0.8642,0.6461791666666662,0.5116975659661538,3.580019960699156,True,283.49528961910795,High consumption anomaly detected at 2010-04-24 19:00. consumption was 283% above the recent 24-hour baseline. consumption was 187% higher than the same hour on the previous day. the event occurred during a weekend period. sub-metering activity was 35.47.,Moderate
2010-04-24 21:00:00,3.14333333333333,0.324866666666667,235.833833333333,13.7066666666667,17.9666666666667,1.16666666666667,18.4833333333333,21,5,1,2010-04-24,2.0275,0.4116,0.7714819444444442,0.6871982302999927,3.451480641697035,True,307.4409460868059,High consumption anomaly detected at 2010-04-24 21:00. consumption was 307% above the recent 24-hour baseline. consumption increased 55% compared with the previous hour. consumption was 664% higher than the same hour on the previous day. the event occurred during a weekend period. sub-metering activity was 37.62.,Moderate
2010-04-26 15:00:00,1.71136666666667,0.0778,239.813833333333,7.08666666666667,7.71666666666667,0.0,14.3,15,0,0,2010-04-26,0.424766666666667,0.428533333333333,0.4635874999999999,0.19510687516203223,6.395362365526153,True,269.15720692785516,High consumption anomaly detected at 2010-04-26 15:00. consumption was 269% above the recent 24-hour baseline. consumption increased 303% compared with the previous hour. consumption was 299% higher than the same hour on the previous day. sub-metering activity was 22.02.,High
2010-04-26 22:00:00,2.18433333333333,0.085933333333333,240.169666666667,9.06,0.0,0.0,18.3166666666667,22,0,0,2010-04-26,1.42576666666667,0.921433333333333,0.6789263888888889,0.4429607388169277,3.398511002273306,True,221.73345580338187,High consumption anomaly detected at 2010-04-26 22:00. consumption was 222% above the recent 24-hour baseline. consumption increased 53% compared with the previous hour. consumption was 137% higher than the same hour on the previous day. sub-metering activity was 18.32.,Moderate
2010-04-28 20:00:00,1.82946666666667,0.295366666666667,241.921333333333,7.66666666666667,0.0,1.03333333333333,19.2666666666667,20,2,0,2010-04-28,1.34903333333333,0.4153,0.545047222222222,0.3390874719229858,3.787870537240514,True,235.65287411386447,High consumption anomaly detected at 2010-04-28 20:00. consumption was 236% above the recent 24-hour baseline. consumption was 341% higher than the same hour on the previous day. sub-metering activity was 20.30.,Moderate
2010-04-30 12:00:00,1.9986,0.155166666666667,239.210666666667,8.64333333333333,10.0333333333333,0.283333333333333,15.2166666666667,12,4,0,2010-04-30,0.615766666666667,0.3387,0.5381013888888888,0.29647596435054435,4.926195667532296,True,271.4169933898249,High consumption anomaly detected at 2010-04-30 12:00. consumption was 271% above the recent 24-hour baseline. consumption increased 225% compared with the previous hour. consumption was 490% higher than the same hour on the previous day. sub-metering activity was 25.53.,Moderate
2010-04-30 17:00:00,2.84363333333333,0.3572,241.192166666667,12.39,18.4833333333333,0.8,19.1666666666667,17,4,0,2010-04-30,0.9906,0.5626,0.7229458333333332,0.44700187808966185,4.744247404648753,True,293.33974998126837,High consumption anomaly detected at 2010-04-30 17:00. consumption was 293% above the recent 24-hour baseline. consumption increased 187% compared with the previous hour. consumption was 405% higher than the same hour on the previous day. sub-metering activity was 38.45.,Moderate
2010-05-01 11:00:00,2.6106,0.321833333333333,237.748666666667,11.39,17.0,1.13333333333333,18.6833333333333,11,5,1,2010-05-01,1.2088,0.615766666666667,0.7369527777777775,0.6201486914513655,3.0212870688112403,True,254.2425076233591,High consumption anomaly detected at 2010-05-01 11:00. consumption was 254% above the recent 24-hour baseline. consumption increased 116% compared with the previous hour. consumption was 324% higher than the same hour on the previous day. the event occurred during a weekend period. sub-metering activity was 36.82.,Moderate
2010-05-02 12:00:00,3.56306666666667,0.459233333333333,237.591833333333,15.1866666666667,0.0,29.3,18.65,12,6,1,2010-05-02,1.61416666666667,1.57813333333333,0.9906375,0.7069865600340828,3.6385828417200137,True,259.674115573726,High consumption anomaly detected at 2010-05-02 12:00. consumption was 260% above the recent 24-hour baseline. consumption increased 121% compared with the previous hour. consumption was 126% higher than the same hour on the previous day. the event occurred during a weekend period. sub-metering activity was 47.95.,Moderate
2010-05-10 21:00:00,2.9157,0.088733333333333,236.403833333333,12.3233333333333,0.0,0.0,18.6333333333333,21,0,0,2010-05-10,2.41066666666667,2.35926666666667,0.932040277777778,0.6456360369964691,3.0724117127202284,True,212.82982822928784,High consumption anomaly detected at 2010-05-10 21:00. consumption was 213% above the recent 24-hour baseline. sub-metering activity was 18.63.,Moderate
2010-05-13 18:00:00,2.97923333333333,0.290133333333333,240.482833333333,12.54,0.0,18.6,13.3166666666667,18,3,0,2010-05-13,0.889733333333333,0.686933333333333,0.9708249999999996,0.6164751489715559,3.257890178839956,True,206.87645387514033,High consumption anomaly detected at 2010-05-13 18:00. consumption was 207% above the recent 24-hour baseline. consumption increased 235% compared with the previous hour. consumption was 334% higher than the same hour on the previous day. sub-metering activity was 31.92.,Moderate
2010-05-15 20:00:00,3.08416666666667,0.3579,238.855833333333,13.2866666666667,10.5,0.0,18.9833333333333,20,5,1,2010-05-15,1.9753,1.63726666666667,0.9157069444444444,0.6059922090966977,3.5783623777186317,True,236.8071723577264,High consumption anomaly detected at 2010-05-15 20:00. consumption was 237% above the recent 24-hour baseline. consumption increased 56% compared with the previous hour. consumption was 88% higher than the same hour on the previous day. the event occurred during a weekend period. sub-metering activity was 29.48.,Moderate
2010-05-15 21:00:00,3.78956666666667,0.331333333333333,233.9205,16.3366666666667,17.7666666666667,0.45,17.4,21,5,1,2010-05-15,3.08416666666667,0.612133333333333,0.9759944444444445,0.7384045660450551,3.8103396858607055,True,288.2774833645459,High consumption anomaly detected at 2010-05-15 21:00. consumption was 288% above the recent 24-hour baseline. consumption was 519% higher than the same hour on the previous day. the event occurred during a weekend period. sub-metering activity was 35.62.,Moderate
2010-05-22 11:00:00,2.97773333333333,0.2025,237.2125,12.67,0.0,13.8833333333333,18.8666666666667,11,5,1,2010-05-22,2.10443333333333,1.549,0.9732805555555556,0.6044557176347215,3.3161284099046022,True,205.94809650066605,High consumption anomaly detected at 2010-05-22 11:00. consumption was 206% above the recent 24-hour baseline. consumption was 92% higher than the same hour on the previous day. the event occurred during a weekend period. sub-metering activity was 32.75.,Moderate
2010-05-29 10:00:00,2.65686666666667,0.273733333333333,237.767333333333,11.53,13.4166666666667,0.5,18.8666666666667,10,5,1,2010-05-29,1.32943333333333,1.5336,0.9524263888888886,0.46828969077989036,3.6397134323824294,True,178.9576913934735,High consumption anomaly detected at 2010-05-29 10:00. consumption was 179% above the recent 24-hour baseline. consumption increased 100% compared with the previous hour. consumption was 73% higher than the same hour on the previous day. the event occurred during a weekend period. sub-metering activity was 32.78.,Moderate
2010-05-29 18:00:00,3.412,0.3252,236.813333333333,14.88,18.85,0.0,17.8166666666667,18,5,1,2010-05-29,1.25036666666667,0.887366666666667,1.0863486111111111,0.6454266236901148,3.603277744559684,True,214.07965777304452,High consumption anomaly detected at 2010-05-29 18:00. consumption was 214% above the recent 24-hour baseline. consumption increased 173% compared with the previous hour. consumption was 285% higher than the same hour on the previous day. the event occurred during a weekend period. sub-metering activity was 36.67.,Moderate
2010-06-03 08:00:00,2.2531,0.118333333333333,238.667166666667,9.45,8.35,0.466666666666667,19.0,8,3,0,2010-06-03,1.71123333333333,1.34713333333333,0.6772708333333329,0.44445097883857243,3.54556349675409,True,232.6734135162572,High consumption anomaly detected at 2010-06-03 08:00. consumption was 233% above the recent 24-hour baseline. consumption was 67% higher than the same hour on the previous day. sub-metering activity was 27.82.,Moderate
2010-06-23 21:00:00,3.9411,0.4105,236.802666666667,17.0933333333333,38.3833333333333,1.16666666666667,14.7833333333333,21,2,0,2010-06-23,1.22906666666667,1.25073333333333,0.9527236111111107,0.6723397250225385,4.444741665069265,True,313.6666661807306,High consumption anomaly detected at 2010-06-23 21:00. consumption was 314% above the recent 24-hour baseline. consumption increased 221% compared with the previous hour. consumption was 215% higher than the same hour on the previous day. sub-metering activity was 54.33.,Moderate
2010-06-27 22:00:00,2.06693333333333,0.319566666666667,240.310833333333,8.76,6.11666666666667,1.21666666666667,13.15,22,6,1,2010-06-27,0.834733333333333,0.347433333333333,0.7030291666666665,0.4094247443501908,3.331269507980894,True,194.00392349772076,High consumption anomaly detected at 2010-06-27 22:00. consumption was 194% above the recent 24-hour baseline. consumption increased 148% compared with the previous hour. consumption was 495% higher than the same hour on the previous day. the event occurred during a weekend period. sub-metering activity was 20.48.,Moderate
2010-07-01 00:00:00,3.32903333333333,0.293233333333333,236.702833333333,14.37,14.55,1.13333333333333,13.3,0,3,0,2010-07-01,2.0666,0.344033333333333,0.961205555555555,0.49009642358644434,4.831350860409069,True,246.33937705543372,High consumption anomaly detected at 2010-07-01 00:00. consumption was 246% above the recent 24-hour baseline. consumption increased 61% compared with the previous hour. consumption was 868% higher than the same hour on the previous day. sub-metering activity was 28.98.,Moderate
2010-07-03 22:00:00,1.7139,0.3538,239.674166666667,7.31,0.0,1.18333333333333,7.26666666666667,22,5,1,2010-07-03,1.1374,0.407766666666667,0.6611097222222219,0.3276353461491648,3.213298840163805,True,159.24592278555218,High consumption anomaly detected at 2010-07-03 22:00. consumption was 159% above the recent 24-hour baseline. consumption increased 51% compared with the previous hour. consumption was 320% higher than the same hour on the previous day. the event occurred during a weekend period. sub-metering activity was 8.45.,Moderate
2010-07-03 23:00:00,1.88693333333333,0.292933333333333,241.024833333333,7.93,0.0,0.966666666666667,10.9666666666667,23,5,1,2010-07-03,1.7139,0.3918,0.715531944444444,0.386851007592417,3.0280427500477516,True,163.7105649837045,High consumption anomaly detected at 2010-07-03 23:00. consumption was 164% above the recent 24-hour baseline. consumption was 382% higher than the same hour on the previous day. the event occurred during a weekend period. sub-metering activity was 11.93.,Moderate
2010-07-10 09:00:00,1.98833333333333,0.213966666666667,239.5315,8.36,0.0,6.1,20.2666666666667,9,5,1,2010-07-10,0.516633333333333,0.647,0.6737124999999997,0.31677023597132686,4.150076882388426,True,195.1308359772649,High consumption anomaly detected at 2010-07-10 09:00. consumption was 195% above the recent 24-hour baseline. consumption increased 285% compared with the previous hour. consumption was 207% higher than the same hour on the previous day. the event occurred during a weekend period. sub-metering activity was 26.37.,Moderate
2010-07-10 14:00:00,2.083,0.1361,237.2275,8.80333333333334,6.55,0.05,20.4,14,5,1,2010-07-10,1.54506666666667,0.675633333333333,0.745633333333333,0.44466421603738365,3.0075877896912497,True,179.35982833385503,High consumption anomaly detected at 2010-07-10 14:00. consumption was 179% above the recent 24-hour baseline. consumption was 208% higher than the same hour on the previous day. the event occurred during a weekend period. sub-metering activity was 27.00.,Moderate
2010-07-11 19:00:00,1.94873333333333,0.443433333333333,238.356666666667,8.35,0.0,0.0,17.0833333333333,19,6,1,2010-07-11,0.7756,0.888233333333333,0.6431722222222219,0.33513416473642016,3.8956371760483437,True,202.9877948709086,High consumption anomaly detected at 2010-07-11 19:00. consumption was 203% above the recent 24-hour baseline. consumption increased 151% compared with the previous hour. consumption was 119% higher than the same hour on the previous day. the event occurred during a weekend period. sub-metering activity was 17.08.,Moderate
2010-07-11 23:00:00,2.59476666666667,0.1676,238.762833333333,10.85,7.88333333333333,0.0,20.7333333333333,23,6,1,2010-07-11,1.7915,0.366733333333333,0.736034722222222,0.47016084147648524,3.9533959030005934,True,252.53318740624087,High consumption anomaly detected at 2010-07-11 23:00. consumption was 253% above the recent 24-hour baseline. consumption was 608% higher than the same hour on the previous day. the event occurred during a weekend period. sub-metering activity was 28.62.,Moderate
2010-07-14 21:00:00,2.28073333333333,0.116666666666667,236.253166666667,9.79,5.43333333333333,0.416666666666667,19.6,21,2,0,2010-07-14,0.931633333333333,2.11433333333333,0.8255513888888889,0.4668396252962742,3.1170917497008253,True,176.26788156736953,High consumption anomaly detected at 2010-07-14 21:00. consumption was 176% above the recent 24-hour baseline. consumption increased 145% compared with the previous hour. sub-metering activity was 25.45.,Moderate
2010-07-14 22:00:00,3.10886666666667,0.171733333333333,237.511833333333,13.12,6.91666666666667,0.5,19.0833333333333,22,2,0,2010-07-14,2.28073333333333,1.84946666666667,0.8324847222222221,0.4875869735847826,4.668668499710496,True,273.444290769434,High consumption anomaly detected at 2010-07-14 22:00. consumption was 273% above the recent 24-hour baseline. consumption was 68% higher than the same hour on the previous day. sub-metering activity was 26.50.,Moderate
2010-07-14 23:00:00,3.1291,0.075533333333333,239.391666666667,13.0733333333333,5.38333333333333,0.216666666666667,19.2833333333333,23,2,0,2010-07-14,3.10886666666667,0.876933333333333,0.8849597222222222,0.644360814845315,3.4827385931537522,True,253.58671377071462,High consumption anomaly detected at 2010-07-14 23:00. consumption was 254% above the recent 24-hour baseline. consumption was 257% higher than the same hour on the previous day. sub-metering activity was 24.88.,Moderate
2010-07-20 20:00:00,1.61816666666667,0.208133333333333,241.866,6.78,0.0,0.45,13.5333333333333,20,1,0,2010-07-20,0.6658,0.371333333333333,0.5487486111111111,0.2922546892346073,3.659198962234903,True,194.8830546268157,High consumption anomaly detected at 2010-07-20 20:00. consumption was 195% above the recent 24-hour baseline. consumption increased 143% compared with the previous hour. consumption was 336% higher than the same hour on the previous day. sub-metering activity was 13.98.,Moderate
2010-07-21 22:00:00,1.6014,0.280433333333333,243.354166666667,6.70666666666667,0.0,0.7,13.6666666666667,22,2,0,2010-07-21,0.476233333333333,0.733533333333333,0.6229083333333333,0.3019009360588729,3.2411017979614796,True,157.08437571071187,High consumption anomaly detected at 2010-07-21 22:00. consumption was 157% above the recent 24-hour baseline. consumption increased 236% compared with the previous hour. consumption was 118% higher than the same hour on the previous day. sub-metering activity was 14.37.,Moderate
2010-07-21 23:00:00,2.87813333333333,0.392033333333333,241.585833333333,12.0166666666667,0.0,0.533333333333333,20.85,23,2,0,2010-07-21,1.6014,0.9597,0.6590694444444444,0.3617674642034389,6.133950972553466,True,336.69652076791726,High consumption anomaly detected at 2010-07-21 23:00. consumption was 337% above the recent 24-hour baseline. consumption increased 80% compared with the previous hour. consumption was 200% higher than the same hour on the previous day. sub-metering activity was 21.38.,High
2010-07-22 00:00:00,2.67493333333333,0.325866666666667,240.526166666667,11.13,0.0,1.6,19.45,0,3,0,2010-07-22,2.87813333333333,0.782266666666667,0.7390041666666664,0.5782528946534607,3.3478936025505592,True,261.9645807139109,High consumption anomaly detected at 2010-07-22 00:00. consumption was 262% above the recent 24-hour baseline. consumption was 242% higher than the same hour on the previous day. sub-metering activity was 21.05.,Moderate
2010-07-24 21:00:00,1.7543,0.201233333333333,242.2335,7.31,0.0,1.45,1.65,21,5,1,2010-07-24,0.6974,1.65106666666667,0.6101694444444445,0.3096698773513424,3.6946782339357416,True,187.51029996221445,High consumption anomaly detected at 2010-07-24 21:00. consumption was 188% above the recent 24-hour baseline. consumption increased 152% compared with the previous hour. the event occurred during a weekend period. sub-metering activity was 3.10.,Moderate
2010-07-25 23:00:00,2.83136666666667,0.119766666666667,243.041,11.8333333333333,0.0,28.4,14.3,23,6,1,2010-07-25,0.652266666666667,1.1322,0.7142083333333331,0.40997221082328084,5.164150831300956,True,296.4342803803751,High consumption anomaly detected at 2010-07-25 23:00. consumption was 296% above the recent 24-hour baseline. consumption increased 334% compared with the previous hour. consumption was 150% higher than the same hour on the previous day. the event occurred during a weekend period. sub-metering activity was 42.70.,Moderate
2010-07-29 19:00:00,1.09286666666667,0.081633333333333,238.893,4.55333333333333,0.0,0.0,14.8833333333333,19,3,0,2010-07-29,0.45,0.6348,0.38026388888888873,0.21416336509416828,3.3273794398236487,True,187.39691004054302,High consumption anomaly detected at 2010-07-29 19:00. consumption was 187% above the recent 24-hour baseline. consumption increased 143% compared with the previous hour. consumption was 72% higher than the same hour on the previous day. sub-metering activity was 14.88.,Moderate
2010-07-30 07:00:00,1.1503,0.157166666666667,238.42,4.89,0.0,0.683333333333333,15.2,7,4,0,2010-07-30,0.360866666666667,1.23403333333333,0.38258055555555565,0.24414084632068023,3.1445759937935214,True,200.6687044848942,High consumption anomaly detected at 2010-07-30 07:00. consumption was 201% above the recent 24-hour baseline. consumption increased 219% compared with the previous hour. sub-metering activity was 15.88.,Moderate
2010-07-30 17:00:00,1.20496666666667,0.097433333333333,239.740833333333,5.02666666666667,0.0,0.416666666666667,16.9166666666667,17,4,0,2010-07-30,0.317166666666667,0.271633333333333,0.38503750000000014,0.23235142139731052,3.5288321531919005,True,212.94787304266976,High consumption anomaly detected at 2010-07-30 17:00. consumption was 213% above the recent 24-hour baseline. consumption increased 280% compared with the previous hour. consumption was 344% higher than the same hour on the previous day. sub-metering activity was 17.33.,Moderate
2010-08-03 04:00:00,0.923566666666667,0.121866666666667,240.792833333333,3.87333333333333,0.0,0.683333333333333,11.75,4,1,0,2010-08-03,0.290133333333333,0.707733333333333,0.3839819444444444,0.17710822286576847,3.0466384535470015,True,140.523462113019,High consumption anomaly detected at 2010-08-03 04:00. consumption was 141% above the recent 24-hour baseline. consumption increased 218% compared with the previous hour. sub-metering activity was 12.43.,Moderate
2010-08-03 16:00:00,1.3614,0.083233333333333,241.4465,5.58333333333333,0.0,0.216666666666667,17.8833333333333,16,1,0,2010-08-03,0.428866666666667,0.754033333333333,0.408038888888889,0.1694293858200988,5.626893507855808,True,233.6446689449534,High consumption anomaly detected at 2010-08-03 16:00. consumption was 234% above the recent 24-hour baseline. consumption increased 217% compared with the previous hour. consumption was 81% higher than the same hour on the previous day. sub-metering activity was 18.10.,Moderate
2010-08-04 04:00:00,1.15493333333333,0.095733333333333,239.939833333333,4.78333333333333,0.0,0.45,16.0166666666667,4,2,0,2010-08-04,0.336366666666667,0.923566666666667,0.4296166666666667,0.23774537753876623,3.0508129082273943,True,168.82880086899092,High consumption anomaly detected at 2010-08-04 04:00. consumption was 169% above the recent 24-hour baseline. consumption increased 243% compared with the previous hour. sub-metering activity was 16.47.,Moderate
2010-08-06 03:00:00,1.2259,0.080266666666667,241.219166666667,5.03666666666667,0.0,0.183333333333333,17.3333333333333,3,4,0,2010-08-06,0.2885,0.6917,0.36876250000000005,0.19522350706649216,4.390544524477081,True,232.43618860377606,High consumption anomaly detected at 2010-08-06 03:00. consumption was 232% above the recent 24-hour baseline. consumption increased 325% compared with the previous hour. consumption was 77% higher than the same hour on the previous day. sub-metering activity was 17.52.,Moderate
2010-08-08 02:00:00,1.18263333333333,0.1185,241.918,4.86666666666667,0.0,0.666666666666667,16.0666666666667,2,6,1,2010-08-08,0.285,0.912766666666667,0.36921111111111116,0.1904502558879403,4.271048198017814,True,220.31358151012577,High consumption anomaly detected at 2010-08-08 02:00. consumption was 220% above the recent 24-hour baseline. consumption increased 315% compared with the previous hour. the event occurred during a weekend period. sub-metering activity was 16.73.,Moderate
2010-08-09 13:00:00,1.09646666666667,0.056866666666667,238.961333333333,4.58,0.0,0.0,15.4,13,0,0,2010-08-09,0.333033333333333,0.530233333333333,0.37061805555555555,0.19728558053702308,3.679177206642834,True,195.84815154865274,High consumption anomaly detected at 2010-08-09 13:00. consumption was 196% above the recent 24-hour baseline. consumption increased 229% compared with the previous hour. consumption was 107% higher than the same hour on the previous day. sub-metering activity was 15.40.,Moderate
2010-08-10 01:00:00,1.249,0.122133333333333,241.2055,5.14333333333333,0.0,0.45,17.3833333333333,1,1,0,2010-08-10,0.353766666666667,0.847266666666667,0.3745222222222224,0.20329009392152558,4.301625135336625,True,233.4915596166967,High consumption anomaly detected at 2010-08-10 01:00. consumption was 233% above the recent 24-hour baseline. consumption increased 253% compared with the previous hour. sub-metering activity was 17.83.,Moderate
2010-08-10 13:00:00,1.15486666666667,0.1483,241.118,4.80333333333333,0.0,0.616666666666667,15.5,13,1,0,2010-08-10,0.4379,1.09646666666667,0.37938611111111126,0.24902446611976942,3.1140737600561224,True,204.40404454564836,High consumption anomaly detected at 2010-08-10 13:00. consumption was 204% above the recent 24-hour baseline. consumption increased 164% compared with the previous hour. sub-metering activity was 16.12.,Moderate
2010-08-13 00:00:00,1.02486666666667,0.140733333333333,239.230166666667,4.33,0.0,0.65,13.3166666666667,0,4,0,2010-08-13,0.260366666666667,0.616733333333333,0.36784583333333337,0.18829883839859066,3.4892452811767,True,178.6130965191495,High consumption anomaly detected at 2010-08-13 00:00. consumption was 179% above the recent 24-hour baseline. consumption increased 294% compared with the previous hour. consumption was 66% higher than the same hour on the previous day. sub-metering activity was 13.97.,Moderate
2010-08-13 12:00:00,1.1694,0.080666666666667,239.352333333333,4.85666666666667,0.0,0.0,16.3333333333333,12,4,0,2010-08-13,0.3081,0.753933333333333,0.3670458333333335,0.19783547471152907,4.055663767262204,True,218.59781362454717,High consumption anomaly detected at 2010-08-13 12:00. consumption was 219% above the recent 24-hour baseline. consumption increased 280% compared with the previous hour. consumption was 55% higher than the same hour on the previous day. sub-metering activity was 16.33.,Moderate
2010-08-14 00:00:00,1.1578,0.1348,240.0925,4.83333333333333,0.0,0.666666666666667,15.65,0,5,1,2010-08-14,0.413133333333333,1.02486666666667,0.3710375000000001,0.23376817376195136,3.3655672084822315,True,212.04393086952118,High consumption anomaly detected at 2010-08-14 00:00. consumption was 212% above the recent 24-hour baseline. consumption increased 180% compared with the previous hour. the event occurred during a weekend period. sub-metering activity was 16.32.,Moderate
2010-08-15 11:00:00,1.22656666666667,0.0795,241.909333333333,5.01333333333333,0.0,0.25,17.2833333333333,11,6,1,2010-08-15,0.347733333333333,0.7287,0.36204166666666676,0.19411789391789394,4.453607972718225,True,238.7915755553006,High consumption anomaly detected at 2010-08-15 11:00. consumption was 239% above the recent 24-hour baseline. consumption increased 253% compared with the previous hour. consumption was 68% higher than the same hour on the previous day. the event occurred during a weekend period. sub-metering activity was 17.53.,Moderate
2010-08-15 16:00:00,1.8561,0.265633333333333,240.378666666667,7.94,0.0,21.1166666666667,1.55,16,6,1,2010-08-15,0.4085,0.2379,0.3979222222222225,0.2707264929360332,5.386165801373246,True,366.44793789964507,High consumption anomaly detected at 2010-08-15 16:00. consumption was 366% above the recent 24-hour baseline. consumption increased 354% compared with the previous hour. consumption was 680% higher than the same hour on the previous day. the event occurred during a weekend period. sub-metering activity was 22.67.,Moderate
2010-08-15 17:00:00,1.9023,0.1656,240.0385,8.09666666666667,0.0,24.2333333333333,1.63333333333333,17,6,1,2010-08-15,1.8561,0.2874,0.4653472222222224,0.39985341697227017,3.593698882601847,True,308.79152365318595,High consumption anomaly detected at 2010-08-15 17:00. consumption was 309% above the recent 24-hour baseline. consumption was 562% higher than the same hour on the previous day. the event occurred during a weekend period. sub-metering activity was 25.87.,Moderate
2010-08-15 18:00:00,2.1767,0.2189,239.7585,9.17333333333334,0.0,12.75,17.3666666666667,18,6,1,2010-08-15,1.9023,0.2868,0.5326347222222224,0.4935148495364151,3.3313390252028605,True,308.66656062498515,High consumption anomaly detected at 2010-08-15 18:00. consumption was 309% above the recent 24-hour baseline. consumption was 659% higher than the same hour on the previous day. the event occurred during a weekend period. sub-metering activity was 30.12.,Moderate
2010-08-24 08:00:00,1.42223333333333,0.1189,240.316166666667,5.91333333333333,0.0,0.583333333333333,19.5166666666667,8,1,0,2010-08-24,0.996,1.4589,0.5146486111111112,0.2845704982959226,3.1893141687457303,True,176.35036850925724,High consumption anomaly detected at 2010-08-24 08:00. consumption was 176% above the recent 24-hour baseline. sub-metering activity was 20.10.,Moderate
2010-08-25 08:00:00,1.83913333333333,0.133333333333333,239.2305,7.69,7.38333333333333,0.666666666666667,19.2,8,2,0,2010-08-25,1.18213333333333,1.42223333333333,0.5102624999999997,0.30654149955275917,4.335043820403237,True,260.4288642283787,High consumption anomaly detected at 2010-08-25 08:00. consumption was 260% above the recent 24-hour baseline. consumption increased 56% compared with the previous hour. sub-metering activity was 27.25.,Moderate
2010-08-27 09:00:00,1.6963,0.096033333333333,238.267,7.14,0.0,4.71666666666667,19.15,9,4,0,2010-08-27,1.2256,0.712133333333333,0.5247541666666667,0.28208131760243416,4.153220224901642,True,223.25612786939905,High consumption anomaly detected at 2010-08-27 09:00. consumption was 223% above the recent 24-hour baseline. consumption was 138% higher than the same hour on the previous day. sub-metering activity was 23.87.,Moderate
2010-08-27 12:00:00,2.14253333333333,0.4401,241.735333333333,9.04333333333333,0.0,7.75,19.65,12,4,0,2010-08-27,1.5641,0.5291,0.6661236111111113,0.4499060518655201,3.281595604460834,True,221.64200421593367,High consumption anomaly detected at 2010-08-27 12:00. consumption was 222% above the recent 24-hour baseline. consumption was 305% higher than the same hour on the previous day. sub-metering activity was 27.40.,Moderate
2010-08-27 14:00:00,2.99656666666667,0.3868,238.957,12.7933333333333,7.1,10.4833333333333,19.1666666666667,14,4,0,2010-08-27,1.7725,0.3382,0.7931722222222223,0.5727419178061125,3.847098275754896,True,277.7952105119391,High consumption anomaly detected at 2010-08-27 14:00. consumption was 278% above the recent 24-hour baseline. consumption increased 69% compared with the previous hour. consumption was 786% higher than the same hour on the previous day. sub-metering activity was 36.75.,Moderate
2010-08-29 21:00:00,3.2345,0.102533333333333,237.157166666667,13.6,8.05,0.266666666666667,18.8333333333333,21,6,1,2010-08-29,2.19893333333333,0.3334,0.9282694444444446,0.7182112030356018,3.2110757195209545,True,248.44408801323846,High consumption anomaly detected at 2010-08-29 21:00. consumption was 248% above the recent 24-hour baseline. consumption was 870% higher than the same hour on the previous day. the event occurred during a weekend period. sub-metering activity was 27.15.,Moderate
2010-09-07 19:00:00,2.76093333333333,0.2352,239.783,12.05,14.4333333333333,0.716666666666667,19.3833333333333,19,1,0,2010-09-07,1.07126666666667,1.27473333333333,0.8068666666666667,0.49334955104559924,3.9608157391148677,True,242.17962488639137,High consumption anomaly detected at 2010-09-07 19:00. consumption was 242% above the recent 24-hour baseline. consumption increased 158% compared with the previous hour. consumption was 117% higher than the same hour on the previous day. sub-metering activity was 34.53.,Moderate
2010-09-16 20:00:00,2.9843,0.1341,236.512,12.6433333333333,7.75,1.11666666666667,18.7,20,3,0,2010-09-16,1.39703333333333,0.7553,0.8523958333333335,0.5488798862217298,3.8840996367016554,True,250.10729561285586,High consumption anomaly detected at 2010-09-16 20:00. consumption was 250% above the recent 24-hour baseline. consumption increased 114% compared with the previous hour. consumption was 295% higher than the same hour on the previous day. sub-metering activity was 27.57.,Moderate
2010-09-19 20:00:00,2.34356666666667,0.1202,241.168333333333,9.72333333333333,0.0,1.13333333333333,14.1666666666667,20,6,1,2010-09-19,1.09446666666667,1.73846666666667,0.6529513888888888,0.5127968237162116,3.2968520856388714,True,258.91901090135656,High consumption anomaly detected at 2010-09-19 20:00. consumption was 259% above the recent 24-hour baseline. consumption increased 114% compared with the previous hour. the event occurred during a weekend period. sub-metering activity was 15.30.,Moderate
2010-10-01 12:00:00,2.44936666666667,0.131666666666667,240.172,10.5533333333333,12.25,1.2,18.3,12,4,0,2010-10-01,1.52006666666667,0.5352,0.7696208333333335,0.5462581318832134,3.075003803682424,True,218.2562842092159,High consumption anomaly detected at 2010-10-01 12:00. consumption was 218% above the recent 24-hour baseline. consumption increased 61% compared with the previous hour. consumption was 358% higher than the same hour on the previous day. sub-metering activity was 31.75.,Moderate
2010-10-02 20:00:00,3.9403,0.201333333333333,239.333,16.6333333333333,28.7,0.916666666666667,14.3333333333333,20,5,1,2010-10-02,1.51426666666667,0.797466666666667,1.0649388888888895,0.6543609698082233,4.394151307578455,True,270.0024518882145,High consumption anomaly detected at 2010-10-02 20:00. consumption was 270% above the recent 24-hour baseline. consumption increased 160% compared with the previous hour. consumption was 394% higher than the same hour on the previous day. the event occurred during a weekend period. sub-metering activity was 43.95.,Moderate
2010-10-07 12:00:00,2.74033333333333,0.309633333333333,240.3515,11.9966666666667,12.9166666666667,1.03333333333333,19.3333333333333,12,3,0,2010-10-07,2.06346666666667,0.8957,0.887161111111111,0.5731014681694876,3.233584845178178,True,208.88790085729104,High consumption anomaly detected at 2010-10-07 12:00. consumption was 209% above the recent 24-hour baseline. consumption was 206% higher than the same hour on the previous day. sub-metering activity was 33.28.,Moderate
2010-10-10 19:00:00,3.4918,0.3733,236.563166666667,14.84,8.35,0.866666666666667,19.8833333333333,19,6,1,2010-10-10,1.82906666666667,1.998,1.123204166666667,0.6083922678073437,3.893205023577623,True,210.87847638267002,High consumption anomaly detected at 2010-10-10 19:00. consumption was 211% above the recent 24-hour baseline. consumption increased 91% compared with the previous hour. consumption was 75% higher than the same hour on the previous day. the event occurred during a weekend period. sub-metering activity was 29.10.,Moderate
2010-10-10 21:00:00,3.90126666666667,0.453766666666667,238.115666666667,16.5566666666667,11.65,1.11666666666667,20.0833333333333,21,6,1,2010-10-10,3.3115,1.76646666666667,1.2551361111111115,0.8713593110637188,3.0367846214040837,True,210.82419126743685,High consumption anomaly detected at 2010-10-10 21:00. consumption was 211% above the recent 24-hour baseline. consumption was 121% higher than the same hour on the previous day. the event occurred during a weekend period. sub-metering activity was 32.85.,Moderate
2010-10-14 19:00:00,4.11776666666667,0.280733333333333,236.344333333333,17.7866666666667,7.43333333333333,0.183333333333333,19.7833333333333,19,3,0,2010-10-14,1.74733333333333,2.0344,1.3097638888888892,0.8732365173637842,3.2156268341306515,True,214.3899981973004,High consumption anomaly detected at 2010-10-14 19:00. consumption was 214% above the recent 24-hour baseline. consumption increased 136% compared with the previous hour. consumption was 102% higher than the same hour on the previous day. sub-metering activity was 27.40.,Moderate
2010-10-17 16:00:00,1.19143333333333,0.065033333333333,243.644166666667,4.82666666666667,0.0,0.0,13.9833333333333,16,6,1,2010-10-17,0.376566666666667,0.317,0.4149374999999998,0.17384153406878153,4.466687650294806,True,187.13561279309067,High consumption anomaly detected at 2010-10-17 16:00. consumption was 187% above the recent 24-hour baseline. consumption increased 216% compared with the previous hour. consumption was 276% higher than the same hour on the previous day. the event occurred during a weekend period. sub-metering activity was 13.98.,Moderate
2010-10-17 19:00:00,2.0301,0.344166666666667,238.332166666667,8.65666666666667,8.26666666666667,0.683333333333333,2.5,19,6,1,2010-10-17,0.566833333333333,0.373,0.4641749999999997,0.23338857301609212,6.709518721347295,True,337.35660042010045,High consumption anomaly detected at 2010-10-17 19:00. consumption was 337% above the recent 24-hour baseline. consumption increased 258% compared with the previous hour. consumption was 444% higher than the same hour on the previous day. the event occurred during a weekend period. sub-metering activity was 11.45.,High
2010-10-17 20:00:00,2.45403333333333,0.119633333333333,239.794,10.2166666666667,8.31666666666667,0.0,3.75,20,6,1,2010-10-17,2.0301,0.872233333333333,0.533220833333333,0.3946494081386627,4.867136401038531,True,360.22832941323526,High consumption anomaly detected at 2010-10-17 20:00. consumption was 360% above the recent 24-hour baseline. consumption was 181% higher than the same hour on the previous day. the event occurred during a weekend period. sub-metering activity was 12.07.,Moderate
2010-10-18 09:00:00,3.65706666666667,0.2319,237.970333333333,15.4533333333333,0.0,29.85,19.65,9,0,0,2010-10-18,2.4651,0.3763,0.8973902777777775,0.7852548919683939,3.5143701963718144,True,307.5224300092402,High consumption anomaly detected at 2010-10-18 09:00. consumption was 308% above the recent 24-hour baseline. consumption was 872% higher than the same hour on the previous day. sub-metering activity was 49.50.,Moderate
2010-10-26 11:00:00,3.0101,0.2522,245.207166666667,12.3333333333333,0.0,22.2,21.2,11,1,0,2010-10-26,0.631666666666667,0.7614,0.6606333333333335,0.3506811231659348,6.699723798805529,True,355.6385286845955,High consumption anomaly detected at 2010-10-26 11:00. consumption was 356% above the recent 24-hour baseline. consumption increased 377% compared with the previous hour. consumption was 295% higher than the same hour on the previous day. sub-metering activity was 43.40.,High
2010-10-28 15:00:00,2.2539,0.203666666666667,246.7795,9.15333333333333,9.06666666666667,1.16666666666667,21.55,15,3,0,2010-10-28,1.41903333333333,0.471033333333333,0.7359430555555555,0.46081799518244687,3.2940487574567383,True,206.26010843985134,High consumption anomaly detected at 2010-10-28 15:00. consumption was 206% above the recent 24-hour baseline. consumption increased 59% compared with the previous hour. consumption was 379% higher than the same hour on the previous day. sub-metering activity was 31.78.,Moderate
2010-10-30 11:00:00,3.13323333333333,0.300033333333333,239.857166666667,13.65,22.2166666666667,0.0,20.2833333333333,11,5,1,2010-10-30,0.775866666666667,0.6154,0.8764458333333338,0.44082221506621433,5.119495848595135,True,257.49309474344716,High consumption anomaly detected at 2010-10-30 11:00. consumption was 257% above the recent 24-hour baseline. consumption increased 304% compared with the previous hour. consumption was 409% higher than the same hour on the previous day. the event occurred during a weekend period. sub-metering activity was 42.50.,Moderate
2010-11-02 23:00:00,2.28646666666667,0.164,245.939166666667,9.28666666666667,0.0,0.0,16.2166666666667,23,1,0,2010-11-02,1.429,1.47363333333333,0.7932722222222218,0.4689202078397166,3.1843252209656163,True,188.23228680080456,High consumption anomaly detected at 2010-11-02 23:00. consumption was 188% above the recent 24-hour baseline. consumption increased 60% compared with the previous hour. consumption was 55% higher than the same hour on the previous day. sub-metering activity was 16.22.,Moderate
2010-11-03 21:00:00,3.14316666666667,0.1615,240.2685,13.11,0.0,8.2,18.1833333333333,21,2,0,2010-11-03,1.61903333333333,1.35736666666667,0.9257402777777782,0.6017706339960492,3.6848364868921966,True,239.53007578019415,High consumption anomaly detected at 2010-11-03 21:00. consumption was 240% above the recent 24-hour baseline. consumption increased 94% compared with the previous hour. consumption was 132% higher than the same hour on the previous day. sub-metering activity was 26.38.,Moderate
2010-11-04 08:00:00,4.4189,0.080633333333333,239.044833333333,18.5033333333333,7.93333333333333,40.0833333333333,18.1333333333333,8,3,0,2010-11-04,2.2722,1.99606666666667,0.9354944444444447,0.7529586361130693,4.626290726324126,True,372.35983348080913,High consumption anomaly detected at 2010-11-04 08:00. consumption was 372% above the recent 24-hour baseline. consumption increased 94% compared with the previous hour. consumption was 121% higher than the same hour on the previous day. sub-metering activity was 66.15.,Moderate
2010-11-14 15:00:00,4.15656666666667,0.237066666666667,234.8875,17.9433333333333,40.85,0.0,8.01666666666667,15,6,1,2010-11-14,1.48896666666667,2.19596666666667,1.3881888888888894,0.775379106569795,3.570353849260688,True,199.42370954961316,High consumption anomaly detected at 2010-11-14 15:00. consumption was 199% above the recent 24-hour baseline. consumption increased 179% compared with the previous hour. consumption was 89% higher than the same hour on the previous day. the event occurred during a weekend period. sub-metering activity was 48.87.,Moderate
2010-11-20 18:00:00,5.62683333333333,0.199066666666667,230.514333333333,24.72,14.35,29.8166666666667,16.3333333333333,18,5,1,2010-11-20,1.7953,1.01846666666667,1.1846319444444444,0.712546217331704,6.234264221517797,True,374.9857843798177,High consumption anomaly detected at 2010-11-20 18:00. consumption was 375% above the recent 24-hour baseline. consumption increased 213% compared with the previous hour. consumption was 452% higher than the same hour on the previous day. the event occurred during a weekend period. sub-metering activity was 60.50.,High
2010-11-22 08:00:00,2.59023333333333,0.1348,237.52,10.91,8.68333333333334,8.23333333333333,17.3,8,0,0,2010-11-22,2.137,1.4247,0.6200694444444445,0.5181785188361702,3.8020948713078204,True,317.7327808265198,High consumption anomaly detected at 2010-11-22 08:00. consumption was 318% above the recent 24-hour baseline. consumption was 82% higher than the same hour on the previous day. sub-metering activity was 34.22.,Moderate
2010-11-22 10:00:00,3.10536666666667,0.0634,235.492666666667,13.1833333333333,8.86666666666667,18.4833333333333,17.0166666666667,10,0,0,2010-11-22,1.4276,0.2681,0.6743402777777777,0.6440896442678244,3.77436030919638,True,360.5044024509557,High consumption anomaly detected at 2010-11-22 10:00. consumption was 361% above the recent 24-hour baseline. consumption increased 118% compared with the previous hour. consumption was 1058% higher than the same hour on the previous day. sub-metering activity was 44.37.,Moderate
