datetime,Global_active_power,Global_reactive_power,Voltage,Global_intensity,Sub_metering_1,Sub_metering_2,Sub_metering_3,hour,day_of_week,is_weekend,rolling_mean,rolling_std,z_score,excess_power,avoidable_power,potential_saving_kwh,potential_cost_saving,recommendation,severity
2006-12-19 08:00:00,3.87903333333333,0.122433333333333,236.146333333333,16.54,9.35,26.1833333333333,17.1,8,1,0,1.5086777777777771,0.7844253438437669,3.0217732944993343,2.3703555555555527,2.3703555555555527,0.7111066666666658,5.688853333333326,Review the active loads during this period and consider shifting flexible usage. Consider scheduling flexible loads outside high-consumption periods.,Moderate
2006-12-22 19:00:00,3.93816666666667,0.2473,237.406,16.54,0.0,0.0,17.2666666666667,19,4,0,1.1534416666666671,0.8165130251955617,3.4105089742236974,2.784725000000003,2.784725000000003,0.8354175000000009,6.683340000000007,"Review the active loads during this period and consider shifting flexible usage. This occurred during an evening period, so peak-load shifting may help reduce consumption.",Moderate
2006-12-22 21:00:00,4.54866666666667,0.065933333333333,235.136166666667,19.4533333333333,9.18333333333334,0.0,16.75,21,4,0,1.2717638888888896,1.0568983934599525,3.1004898844156936,3.2769027777777806,3.2769027777777806,0.9830708333333341,7.864566666666673,"Review the active loads during this period and consider shifting flexible usage. This occurred during an evening period, so peak-load shifting may help reduce consumption.",Moderate
2006-12-25 16:00:00,3.87283333333333,0.4538,241.694666666667,16.3,27.4166666666667,0.233333333333333,0.0,16,0,0,1.236561111111111,0.8706861874249661,3.0278098588182867,2.636272222222219,2.636272222222219,0.7908816666666656,6.327053333333325,Review the active loads during this period and consider shifting flexible usage. Consider scheduling flexible loads outside high-consumption periods.,Moderate
2006-12-26 22:00:00,0.8636,0.102466666666667,244.592333333333,3.76333333333333,0.0,0.6,0.0,22,1,0,2.947658333333333,0.5789227440678351,-3.5998902352489615,-2.084058333333333,0.0,0.0,0.0,"Review the active loads during this period and consider shifting flexible usage. This occurred during an evening period, so peak-load shifting may help reduce consumption.",Moderate
2006-12-26 23:00:00,0.7682,0.0795,246.520333333333,3.33333333333333,0.0,0.0,0.0,23,1,0,2.8080222222222218,0.6586550801118622,-3.0969505645895725,-2.039822222222222,0.0,0.0,0.0,Review the active loads during this period and consider shifting flexible usage. Consider scheduling flexible loads outside high-consumption periods.,Moderate
2006-12-28 21:00:00,5.03533333333333,0.1657,237.2945,21.4066666666667,10.6666666666667,29.5666666666667,15.25,21,3,0,1.1220763888888883,0.8746019812197685,4.474328927298789,3.9132569444444423,3.9132569444444423,1.1739770833333327,9.391816666666662,"Review the active loads during this period and consider shifting flexible usage. This occurred during an evening period, so peak-load shifting may help reduce consumption.",Moderate
2007-01-01 14:00:00,1.2944,0.241233333333333,240.656666666667,5.61,0.0,0.233333333333333,9.05,14,0,0,2.594518055555555,0.23803899935803763,-5.461785921894379,-1.3001180555555552,0.0,0.0,0.0,Review the active loads during this period and consider shifting flexible usage. Consider scheduling flexible loads outside high-consumption periods.,Moderate
2007-01-01 16:00:00,1.3901,0.110633333333333,239.3875,5.74666666666667,0.0,0.0,17.55,16,0,0,2.495934722222222,0.3600578636373142,-3.0712694649994594,-1.1058347222222222,0.0,0.0,0.0,Review the active loads during this period and consider shifting flexible usage. Consider scheduling flexible loads outside high-consumption periods.,Moderate
2007-01-01 19:00:00,0.7323,0.127166666666667,237.758,3.08666666666667,0.0,0.466666666666667,4.71666666666667,19,0,0,2.349490277777777,0.4807793929485487,-3.3636846784546837,-1.6171902777777771,0.0,0.0,0.0,"Review the active loads during this period and consider shifting flexible usage. This occurred during an evening period, so peak-load shifting may help reduce consumption.",Moderate
2007-01-01 20:00:00,0.4123,0.071133333333333,237.826833333333,1.71666666666667,0.0,0.116666666666667,0.0,20,0,0,2.278574999999999,0.5824925783151819,-3.2039464011680048,-1.866274999999999,0.0,0.0,0.0,"Review the active loads during this period and consider shifting flexible usage. This occurred during an evening period, so peak-load shifting may help reduce consumption.",Moderate
2007-01-02 17:00:00,2.1362,0.2619,238.177666666667,9.12,0.0,0.066666666666667,8.41666666666667,17,1,0,0.6636027777777782,0.4076683792392661,3.612242933754582,1.472597222222222,1.472597222222222,0.44177916666666656,3.5342333333333324,"Review the active loads during this period and consider shifting flexible usage. This occurred during an evening period, so peak-load shifting may help reduce consumption.",Moderate
2007-01-02 20:00:00,2.57353333333333,0.370266666666667,238.4945,10.8566666666667,0.0,0.583333333333333,17.4166666666667,20,1,0,0.7386152777777782,0.5404753651966648,3.395007753753722,1.8349180555555518,1.8349180555555518,0.5504754166666656,4.403803333333324,"Review the active loads during this period and consider shifting flexible usage. This occurred during an evening period, so peak-load shifting may help reduce consumption.",Moderate
2007-01-04 00:00:00,3.37506666666667,0.0809,239.734,14.09,8.48333333333333,9.53333333333333,0.0,0,3,0,0.7042041666666664,0.4416504666772026,6.047457665095387,2.6708625000000037,2.6708625000000037,0.8012587500000011,6.410070000000009,Reduce non-essential loads and shift flexible equipment usage to a lower-consumption period. Consider scheduling flexible loads outside high-consumption periods.,High
2007-01-04 01:00:00,2.89673333333333,0.1213,238.346333333333,12.1033333333333,9.03333333333333,0.333333333333333,0.0,1,3,0,0.797938888888889,0.6988024484765254,3.0034159854763947,2.098794444444441,2.098794444444441,0.6296383333333323,5.037106666666658,Review the active loads during this period and consider shifting flexible usage. Consider scheduling flexible loads outside high-consumption periods.,Moderate
2007-01-07 13:00:00,3.33193333333333,0.2084,236.6805,14.2366666666667,8.21666666666667,23.8833333333333,15.8166666666667,13,6,1,0.7809638888888882,0.49791654384006556,5.123287177346395,2.550969444444442,2.550969444444442,0.7652908333333326,6.122326666666661,Review the active loads during this period and consider shifting flexible usage. Consider scheduling flexible loads outside high-consumption periods.,Moderate
2007-01-07 15:00:00,3.77076666666667,0.246233333333333,241.253,15.84,0.0,32.95,17.8166666666667,15,6,1,0.8757569444444436,0.751496927361477,3.8523240971678647,2.8950097222222264,2.8950097222222264,0.8685029166666679,6.948023333333343,Review the active loads during this period and consider shifting flexible usage. Consider scheduling flexible loads outside high-consumption periods.,Moderate
2007-01-07 18:00:00,5.21153333333333,0.380966666666667,231.595666666667,22.62,0.0,31.8833333333333,16.45,18,6,1,1.1060624999999995,1.0285924406759488,3.991348439849882,4.105470833333331,4.105470833333331,1.2316412499999991,9.853129999999993,"Review the active loads during this period and consider shifting flexible usage. This occurred during an evening period, so peak-load shifting may help reduce consumption.",Moderate
2007-01-20 13:00:00,4.25103333333333,0.341,237.207166666667,18.0866666666667,10.9,29.0333333333333,17.25,13,5,1,1.4221833333333327,0.651560895007811,4.341650982547202,2.8288499999999974,2.8288499999999974,0.8486549999999992,6.789239999999993,Review the active loads during this period and consider shifting flexible usage. Consider scheduling flexible loads outside high-consumption periods.,Moderate
2007-01-20 18:00:00,4.31236666666667,0.1445,230.625833333333,18.73,0.0,9.33333333333333,16.3333333333333,18,5,1,1.8416374999999992,0.7832747389317154,3.1543582907274956,2.470729166666671,2.470729166666671,0.7412187500000013,5.92975000000001,"Review the active loads during this period and consider shifting flexible usage. This occurred during an evening period, so peak-load shifting may help reduce consumption.",Moderate
2007-01-20 19:00:00,5.34303333333333,0.274966666666667,231.12,23.1833333333333,0.0,21.7166666666667,16.3833333333333,19,5,1,1.9906999999999992,0.895817191334176,3.742206965620483,3.3523333333333305,3.3523333333333305,1.0056999999999992,8.045599999999993,"Review the active loads during this period and consider shifting flexible usage. This occurred during an evening period, so peak-load shifting may help reduce consumption.",Moderate
2007-01-21 19:00:00,5.33043333333333,0.256866666666667,229.005666666667,23.39,7.93333333333333,28.1333333333333,16.1,19,6,1,2.0955097222222214,1.0482853631788376,3.0859188964553255,3.2349236111111086,3.2349236111111086,0.9704770833333325,7.76381666666666,"Review the active loads during this period and consider shifting flexible usage. This occurred during an evening period, so peak-load shifting may help reduce consumption.",Moderate
2007-01-21 20:00:00,6.07656666666667,0.257466666666667,231.344,26.3233333333333,29.7166666666667,15.6833333333333,16.4333333333333,20,6,1,2.0949847222222213,1.046590015885227,3.804337786536924,3.9815819444444487,3.9815819444444487,1.1944745833333346,9.555796666666676,"Review the active loads during this period and consider shifting flexible usage. This occurred during an evening period, so peak-load shifting may help reduce consumption.",Moderate
2007-01-28 12:00:00,4.19583333333333,0.3106,234.553833333333,18.0233333333333,18.9833333333333,18.5,16.8833333333333,12,6,1,1.8366805555555556,0.6542848189001118,3.6056969528096925,2.3591527777777745,2.3591527777777745,0.7077458333333323,5.661966666666658,Review the active loads during this period and consider shifting flexible usage. Consider scheduling flexible loads outside high-consumption periods.,Moderate
2007-02-02 23:00:00,3.4555,0.078533333333333,239.734,14.3633333333333,0.0,0.133333333333333,17.6166666666667,23,4,0,1.0716055555555555,0.7130267809855217,3.3433448897242055,2.3838944444444445,2.3838944444444445,0.7151683333333333,5.721346666666666,Review the active loads during this period and consider shifting flexible usage. Consider scheduling flexible loads outside high-consumption periods.,Moderate
2007-02-03 18:00:00,5.02113333333333,0.308966666666667,232.620666666667,21.6666666666667,12.7,11.0333333333333,16.6,18,5,1,2.289475,0.83633639900143,3.2662195936884713,2.7316583333333297,2.7316583333333297,0.8194974999999989,6.555979999999991,"Review the active loads during this period and consider shifting flexible usage. This occurred during an evening period, so peak-load shifting may help reduce consumption.",Moderate
2007-02-03 19:00:00,5.81466666666667,0.575266666666667,231.5205,25.3333333333333,17.2333333333333,22.8,16.45,19,5,1,2.403309722222222,1.0051714977321289,3.3938058850068495,3.411356944444448,3.411356944444448,1.0234070833333344,8.187256666666675,"Review the active loads during this period and consider shifting flexible usage. This occurred during an evening period, so peak-load shifting may help reduce consumption.",Moderate
2007-02-06 21:00:00,2.77906666666667,0.140933333333333,238.686666666667,11.65,0.0,0.666666666666667,17.4833333333333,21,1,0,0.8775486111111109,0.5586343721407716,3.403868702651886,1.901518055555559,1.901518055555559,0.5704554166666677,4.563643333333341,"Review the active loads during this period and consider shifting flexible usage. This occurred during an evening period, so peak-load shifting may help reduce consumption.",Moderate
2007-02-09 22:00:00,3.83576666666667,0.117133333333333,239.556333333333,16.1133333333333,0.0,29.75,16.7333333333333,22,4,0,1.0570652777777776,0.7172756459805556,3.8739658936701433,2.7787013888888925,2.7787013888888925,0.8336104166666677,6.6688833333333415,"Review the active loads during this period and consider shifting flexible usage. This occurred during an evening period, so peak-load shifting may help reduce consumption.",Moderate
2007-02-10 19:00:00,4.71146666666667,0.2711,233.6155,20.19,19.8666666666667,0.0,16.75,19,5,1,1.6094236111111115,1.0184761266369387,3.0457690410463196,3.1020430555555585,3.1020430555555585,0.9306129166666675,7.44490333333334,"Review the active loads during this period and consider shifting flexible usage. This occurred during an evening period, so peak-load shifting may help reduce consumption.",Moderate
2007-02-13 21:00:00,3.5453,0.134933333333333,237.174333333333,15.0333333333333,0.0,30.5333333333333,9.21666666666667,21,1,0,0.9231763888888885,0.6933949117358527,3.78157319405021,2.6221236111111117,2.6221236111111117,0.7866370833333335,6.293096666666668,"Review the active loads during this period and consider shifting flexible usage. This occurred during an evening period, so peak-load shifting may help reduce consumption.",Moderate
2007-02-15 19:00:00,4.1108,0.331133333333333,235.850833333333,17.5,0.0,18.2666666666667,17.0666666666667,19,3,0,1.1576555555555557,0.8259666154408796,3.575379911533268,2.953144444444445,2.953144444444445,0.8859433333333334,7.087546666666667,"Review the active loads during this period and consider shifting flexible usage. This occurred during an evening period, so peak-load shifting may help reduce consumption.",Moderate
2007-02-17 22:00:00,3.84826666666667,0.065666666666667,235.764833333333,16.24,0.0,0.0,0.0,22,5,1,1.278169444444444,0.8481536449837304,3.030225994338003,2.570097222222226,2.570097222222226,0.7710291666666678,6.168233333333342,"Review the active loads during this period and consider shifting flexible usage. This occurred during an evening period, so peak-load shifting may help reduce consumption.",Moderate
2007-02-22 21:00:00,6.36386666666667,0.086766666666667,230.443166666667,27.7033333333333,11.4833333333333,32.7333333333333,16.3166666666667,21,3,0,2.120634722222222,1.127948431063261,3.7619024306320132,4.243231944444448,4.243231944444448,1.2729695833333343,10.183756666666675,"Review the active loads during this period and consider shifting flexible usage. This occurred during an evening period, so peak-load shifting may help reduce consumption.",Moderate
2007-02-25 14:00:00,1.2028,0.1111,241.541,4.96,0.0,0.4,14.9666666666667,14,6,1,0.33503055555555555,0.14125483324353166,6.14329028266494,0.8677694444444446,0.8677694444444446,0.26033083333333334,2.0826466666666668,Reduce non-essential loads and shift flexible equipment usage to a lower-consumption period. Consider scheduling flexible loads outside high-consumption periods.,High
2007-02-27 09:00:00,1.11213333333333,0.047,240.789166666667,4.53666666666667,0.0,0.083333333333333,14.2166666666667,9,1,0,0.35687222222222226,0.18997090386589202,3.9756673034744128,0.7552611111111078,0.7552611111111078,0.22657833333333233,1.8126266666666586,Review the active loads during this period and consider shifting flexible usage. Consider scheduling flexible loads outside high-consumption periods.,Moderate
2007-02-27 20:00:00,1.2159,0.064933333333333,242.014833333333,4.96333333333333,0.0,0.0,15.6666666666667,20,1,0,0.35932916666666653,0.21401615278615174,4.00236534570936,0.8565708333333335,0.8565708333333335,0.25697125000000004,2.0557700000000003,"Review the active loads during this period and consider shifting flexible usage. This occurred during an evening period, so peak-load shifting may help reduce consumption.",Moderate
2007-02-28 07:00:00,1.2055,0.093566666666667,241.494166666667,4.95666666666667,0.0,0.566666666666667,15.1666666666667,7,2,0,0.3643083333333332,0.24826930684200677,3.3882225610835697,0.8411916666666668,0.8411916666666668,0.2523575,2.01886,Review the active loads during this period and consider shifting flexible usage. Consider scheduling flexible loads outside high-consumption periods.,Moderate
2007-02-28 18:00:00,1.25003333333333,0.044166666666667,239.780666666667,5.14,0.0,0.033333333333333,16.45,18,2,0,0.3617916666666667,0.26255918187241367,3.3830150609560086,0.8882416666666633,0.8882416666666633,0.26647249999999895,2.1317799999999916,"Review the active loads during this period and consider shifting flexible usage. This occurred during an evening period, so peak-load shifting may help reduce consumption.",Moderate
2007-03-01 05:00:00,1.169,0.059733333333333,240.687833333333,4.80666666666667,0.0,0.0,14.8833333333333,5,3,0,0.36156527777777764,0.2679120981158398,3.0138046318203364,0.8074347222222225,0.8074347222222225,0.24223041666666673,1.9378433333333338,Review the active loads during this period and consider shifting flexible usage. Consider scheduling flexible loads outside high-consumption periods.,Moderate
2007-03-01 16:00:00,1.24373333333333,0.089733333333333,239.9635,5.13,0.0,0.566666666666667,15.8333333333333,16,3,0,0.35964305555555537,0.2631082568619022,3.3601768653038038,0.8840902777777746,0.8840902777777746,0.2652270833333324,2.121816666666659,Review the active loads during this period and consider shifting flexible usage. Consider scheduling flexible loads outside high-consumption periods.,Moderate
2007-03-03 19:00:00,1.53856666666667,0.166666666666667,235.742333333333,6.51666666666667,0.0,0.283333333333333,0.0,19,5,1,0.3708777777777778,0.19198090602186585,6.0823178361076025,1.167688888888892,1.167688888888892,0.3503066666666676,2.802453333333341,"Reduce non-essential loads and shift flexible equipment usage to a lower-consumption period. This occurred during an evening period, so peak-load shifting may help reduce consumption.",High
2007-03-03 20:00:00,1.81356666666667,0.106133333333333,237.487,7.60333333333333,0.0,0.0,14.6666666666667,20,5,1,0.4242916666666668,0.3042936134928964,4.5655739667123685,1.3892750000000034,1.3892750000000034,0.416782500000001,3.334260000000008,"Review the active loads during this period and consider shifting flexible usage. This occurred during an evening period, so peak-load shifting may help reduce consumption.",Moderate
2007-03-04 16:00:00,3.3447,0.214066666666667,239.9355,14.0333333333333,0.0,27.0333333333333,17.6333333333333,16,6,1,0.6364430555555559,0.548970369876937,4.933339016186895,2.708256944444444,2.708256944444444,0.8124770833333331,6.499816666666665,Review the active loads during this period and consider shifting flexible usage. Consider scheduling flexible loads outside high-consumption periods.,Moderate
2007-03-04 17:00:00,4.08716666666667,0.350166666666667,237.925333333333,17.3133333333333,14.75,15.9,17.35,17,6,1,0.7626458333333336,0.7740657324453378,4.294881809107993,3.3245208333333367,3.3245208333333367,0.9973562500000009,7.9788500000000075,"Review the active loads during this period and consider shifting flexible usage. This occurred during an evening period, so peak-load shifting may help reduce consumption.",Moderate
2007-03-04 18:00:00,4.10613333333333,0.1875,235.6795,17.52,0.066666666666667,22.7,17.0166666666667,18,6,1,0.9213597222222227,1.0213826002221873,3.1181005143599516,3.184773611111107,3.184773611111107,0.9554320833333321,7.643456666666657,"Review the active loads during this period and consider shifting flexible usage. This occurred during an evening period, so peak-load shifting may help reduce consumption.",Moderate
2007-03-04 19:00:00,5.43213333333333,0.239566666666667,234.2915,23.3133333333333,9.75,28.0333333333333,16.85,19,6,1,1.0769958333333336,1.2023982111975478,3.6220425641372396,4.355137499999996,4.355137499999996,1.3065412499999989,10.452329999999991,"Review the active loads during this period and consider shifting flexible usage. This occurred during an evening period, so peak-load shifting may help reduce consumption.",Moderate
2007-03-07 19:00:00,4.85256666666667,0.214366666666667,234.191666666667,20.74,0.0,32.0,16.8333333333333,19,2,0,1.286301388888889,0.7761318631103756,4.594921877689504,3.566265277777781,3.566265277777781,1.069879583333334,8.559036666666673,"Review the active loads during this period and consider shifting flexible usage. This occurred during an evening period, so peak-load shifting may help reduce consumption.",Moderate
2007-03-10 10:00:00,3.11226666666667,0.219666666666667,236.498166666667,13.25,24.1,2.53333333333333,17.15,10,5,1,0.8042444444444445,0.574886813868665,4.014741974495003,2.3080222222222253,2.3080222222222253,0.6924066666666676,5.539253333333341,Review the active loads during this period and consider shifting flexible usage. Consider scheduling flexible loads outside high-consumption periods.,Moderate
2007-03-11 19:00:00,4.6315,0.318533333333333,236.060166666667,19.7266666666667,23.5333333333333,0.55,17.0833333333333,19,6,1,2.4381750000000006,0.6845732221240194,3.2039304622444753,2.1933249999999993,2.1933249999999993,0.6579974999999998,5.263979999999998,"Review the active loads during this period and consider shifting flexible usage. This occurred during an evening period, so peak-load shifting may help reduce consumption.",Moderate
2007-03-14 19:00:00,3.70646666666667,0.216866666666667,232.855333333333,15.93,14.5,0.0,0.0,19,2,0,1.121129166666667,0.796183783757314,3.2471617140949505,2.585337500000003,2.585337500000003,0.7756012500000009,6.204810000000007,"Review the active loads during this period and consider shifting flexible usage. This occurred during an evening period, so peak-load shifting may help reduce consumption.",Moderate
2007-03-17 20:00:00,4.12983333333333,0.071,235.052333333333,17.53,0.0,0.0,10.8666666666667,20,5,1,1.2978250000000011,0.7225992860754236,3.919196140802344,2.832008333333329,2.832008333333329,0.8496024999999987,6.79681999999999,"Review the active loads during this period and consider shifting flexible usage. This occurred during an evening period, so peak-load shifting may help reduce consumption.",Moderate
2007-03-19 20:00:00,4.10206666666667,0.207466666666667,236.823333333333,17.3433333333333,5.51666666666667,13.0333333333333,17.2,20,0,0,1.3779388888888888,0.8763856723123987,3.1083664005939284,2.724127777777781,2.724127777777781,0.8172383333333343,6.537906666666674,"Review the active loads during this period and consider shifting flexible usage. This occurred during an evening period, so peak-load shifting may help reduce consumption.",Moderate
2007-03-20 21:00:00,5.2927,0.2014,234.850666666667,22.55,9.1,19.2333333333333,16.9166666666667,21,1,0,1.3259763888888887,1.0543830246886585,3.7621277261006902,3.966723611111111,3.966723611111111,1.1900170833333332,9.520136666666666,"Review the active loads during this period and consider shifting flexible usage. This occurred during an evening period, so peak-load shifting may help reduce consumption.",Moderate
2007-03-24 19:00:00,5.01586666666667,0.212,231.42,21.6966666666667,0.783333333333333,23.75,16.4333333333333,19,5,1,1.5361541666666667,0.9539644982614547,3.6476331208777464,3.4797125000000033,3.4797125000000033,1.0439137500000009,8.351310000000007,"Review the active loads during this period and consider shifting flexible usage. This occurred during an evening period, so peak-load shifting may help reduce consumption.",Moderate
2007-03-27 20:00:00,2.87466666666667,0.1065,234.118833333333,12.4333333333333,0.0,12.6166666666667,7.98333333333333,20,1,0,0.699822222222222,0.5637659379725194,3.8577081337440786,2.1748444444444477,2.1748444444444477,0.6524533333333343,5.219626666666675,"Review the active loads during this period and consider shifting flexible usage. This occurred during an evening period, so peak-load shifting may help reduce consumption.",Moderate
2007-03-27 21:00:00,2.90333333333333,0.162066666666667,236.257333333333,12.42,0.0,21.75,4.73333333333333,21,1,0,0.729361111111111,0.6550887302563345,3.3185920041267534,2.1739722222222193,2.1739722222222193,0.6521916666666657,5.217533333333326,"Review the active loads during this period and consider shifting flexible usage. This occurred during an evening period, so peak-load shifting may help reduce consumption.",Moderate
2007-03-31 10:00:00,5.16106666666667,0.519833333333333,234.162333333333,22.2433333333333,25.0833333333333,26.3,16.8166666666667,10,5,1,1.4124736111111107,0.8861391212013978,4.23025342846092,3.7485930555555598,3.7485930555555598,1.1245779166666678,8.996623333333343,Review the active loads during this period and consider shifting flexible usage. Consider scheduling flexible loads outside high-consumption periods.,Moderate
2007-04-03 19:00:00,4.56563333333333,0.234533333333333,234.3915,19.68,23.65,8.95,10.65,19,1,0,1.1618125,1.0688585526107408,3.1845381458747055,3.40382083333333,3.40382083333333,1.021146249999999,8.169169999999992,"Review the active loads during this period and consider shifting flexible usage. This occurred during an evening period, so peak-load shifting may help reduce consumption.",Moderate
2007-04-05 21:00:00,4.75263333333333,0.1814,236.01,20.21,6.36666666666667,29.8833333333333,17.0833333333333,21,3,0,1.2267083333333333,1.1677552315434507,3.0194041565882737,3.525924999999997,3.525924999999997,1.057777499999999,8.462219999999991,"Review the active loads during this period and consider shifting flexible usage. This occurred during an evening period, so peak-load shifting may help reduce consumption.",Moderate
2007-04-07 21:00:00,3.29703333333333,0.136166666666667,235.452,14.01,0.0,0.933333333333333,12.8333333333333,21,5,1,0.9128263888888891,0.7699511200357856,3.096569226801863,2.384206944444441,2.384206944444441,0.7152620833333323,5.722096666666658,"Review the active loads during this period and consider shifting flexible usage. This occurred during an evening period, so peak-load shifting may help reduce consumption.",Moderate
2007-04-09 15:00:00,1.18196666666667,0.1682,240.017333333333,5.02666666666667,13.7,0.683333333333333,0.0,15,0,0,0.3702527777777777,0.19810355095292465,4.097422206640707,0.8117138888888922,0.8117138888888922,0.24351416666666764,1.9481133333333411,Review the active loads during this period and consider shifting flexible usage. Consider scheduling flexible loads outside high-consumption periods.,Moderate
2007-04-09 17:00:00,1.43626666666667,0.1848,239.741333333333,6.00333333333333,0.0,0.516666666666667,17.6333333333333,17,0,0,0.4244277777777777,0.2867464271693039,3.528688740353412,1.0118388888888923,1.0118388888888923,0.30355166666666766,2.4284133333333413,"Review the active loads during this period and consider shifting flexible usage. This occurred during an evening period, so peak-load shifting may help reduce consumption.",Moderate
2007-04-09 19:00:00,2.41473333333333,0.0913,238.076,10.18,0.0,0.0,0.0,19,0,0,0.49953333333333344,0.3655518172723374,5.239202513861847,1.9151999999999965,1.9151999999999965,0.574559999999999,4.596479999999992,"Review the active loads during this period and consider shifting flexible usage. This occurred during an evening period, so peak-load shifting may help reduce consumption.",Moderate
2007-04-10 23:00:00,1.8182,0.183766666666667,241.751,7.55666666666667,0.0,1.43333333333333,17.9,23,1,0,0.4768805555555556,0.2997033236621972,4.475490722139197,1.3413194444444445,1.3413194444444445,0.40239583333333334,3.2191666666666667,Review the active loads during this period and consider shifting flexible usage. Consider scheduling flexible loads outside high-consumption periods.,Moderate
2007-04-12 21:00:00,1.01553333333333,0.1443,240.707,4.27666666666667,0.0,0.733333333333333,11.4166666666667,21,3,0,0.36150416666666674,0.18414421000536482,3.5517226778273887,0.6540291666666633,0.6540291666666633,0.196208749999999,1.569669999999992,"Review the active loads during this period and consider shifting flexible usage. This occurred during an evening period, so peak-load shifting may help reduce consumption.",Moderate
2007-04-13 22:00:00,1.06216666666667,0.044533333333333,239.83,4.37333333333333,0.0,0.0,13.3166666666667,22,4,0,0.35990972222222223,0.14931729225411425,4.703118666586307,0.7022569444444478,0.7022569444444478,0.21067708333333432,1.6854166666666746,"Review the active loads during this period and consider shifting flexible usage. This occurred during an evening period, so peak-load shifting may help reduce consumption.",Moderate
2007-04-14 10:00:00,0.944466666666667,0.070166666666667,237.457333333333,3.97,0.0,0.0,10.9833333333333,10,5,1,0.3625708333333335,0.18391335082016508,3.163967328844578,0.5818958333333335,0.5818958333333335,0.17456875000000005,1.3965500000000004,Review the active loads during this period and consider shifting flexible usage. Consider scheduling flexible loads outside high-consumption periods.,Moderate
2007-04-14 23:00:00,1.15523333333333,0.165366666666667,241.171666666667,4.82666666666667,0.0,0.95,13.4833333333333,23,5,1,0.3503166666666668,0.14983966729046547,5.371853002758778,0.8049166666666632,0.8049166666666632,0.24147499999999894,1.9317999999999915,Review the active loads during this period and consider shifting flexible usage. Consider scheduling flexible loads outside high-consumption periods.,Moderate
2007-04-15 15:00:00,1.68906666666667,0.246066666666667,237.439666666667,7.27333333333333,0.0,0.416666666666667,10.1333333333333,15,6,1,0.3977902777777776,0.22170964811125654,5.824177702185133,1.2912763888888925,1.2912763888888925,0.38738291666666774,3.099063333333342,Review the active loads during this period and consider shifting flexible usage. Consider scheduling flexible loads outside high-consumption periods.,Moderate
2007-04-15 22:00:00,1.78783333333333,0.142266666666667,240.975833333333,7.44,0.0,6.66666666666667,8.23333333333333,22,6,1,0.4650194444444444,0.35606516622753437,3.7150892992536515,1.3228138888888856,1.3228138888888856,0.39684416666666567,3.1747533333333253,"Review the active loads during this period and consider shifting flexible usage. This occurred during an evening period, so peak-load shifting may help reduce consumption.",Moderate
2007-04-16 21:00:00,2.90346666666667,0.136133333333333,237.834333333333,12.26,7.33333333333333,8.08333333333333,13.6333333333333,21,0,0,0.5453624999999999,0.4582738004353466,5.145622910204644,2.35810416666667,2.35810416666667,0.7074312500000011,5.6594500000000085,"Review the active loads during this period and consider shifting flexible usage. This occurred during an evening period, so peak-load shifting may help reduce consumption.",Moderate
2007-04-20 21:00:00,2.88426666666667,0.0931,237.6745,12.1866666666667,8.6,0.05,12.8,21,4,0,0.4490291666666664,0.377537655838571,6.450316842146394,2.4352375000000035,2.4352375000000035,0.730571250000001,5.844570000000008,"Reduce non-essential loads and shift flexible equipment usage to a lower-consumption period. This occurred during an evening period, so peak-load shifting may help reduce consumption.",High
2007-04-25 22:00:00,2.80053333333333,0.165766666666667,234.511833333333,12.04,0.0,5.2,16.85,22,2,0,0.8014624999999999,0.6646674995497569,3.007625368605344,1.99907083333333,1.99907083333333,0.599721249999999,4.797769999999992,"Review the active loads during this period and consider shifting flexible usage. This occurred during an evening period, so peak-load shifting may help reduce consumption.",Moderate
2007-04-27 21:00:00,3.10333333333333,0.145466666666667,232.330333333333,13.3366666666667,12.95,0.883333333333333,16.5333333333333,21,4,0,0.6271305555555556,0.453976781090975,5.454470098288031,2.4762027777777744,2.4762027777777744,0.7428608333333323,5.942886666666658,"Review the active loads during this period and consider shifting flexible usage. This occurred during an evening period, so peak-load shifting may help reduce consumption.",Moderate
2007-05-01 21:00:00,3.45216666666667,0.094466666666667,229.258333333333,15.2366666666667,8.43333333333334,0.516666666666667,16.1333333333333,21,1,0,1.0256347222222217,0.7466565965598834,3.249863398548084,2.426531944444448,2.426531944444448,0.7279595833333344,5.8236766666666755,"Review the active loads during this period and consider shifting flexible usage. This occurred during an evening period, so peak-load shifting may help reduce consumption.",Moderate
2007-05-04 20:00:00,3.15606666666667,0.345633333333333,230.672833333333,13.8333333333333,20.9833333333333,0.0,7.13333333333333,20,4,0,0.635165277777778,0.6080892122032618,4.145611101626068,2.520901388888892,2.520901388888892,0.7562704166666676,6.050163333333341,"Review the active loads during this period and consider shifting flexible usage. This occurred during an evening period, so peak-load shifting may help reduce consumption.",Moderate
2007-05-05 14:00:00,3.23503333333333,0.142633333333333,233.453333333333,13.99,11.25,23.0666666666667,12.95,14,5,1,0.8010500000000005,0.772083053215649,3.152489001275227,2.4339833333333294,2.4339833333333294,0.7301949999999988,5.8415599999999905,Review the active loads during this period and consider shifting flexible usage. Consider scheduling flexible loads outside high-consumption periods.,Moderate
2007-05-08 12:00:00,4.71913333333333,0.4909,230.766166666667,20.7133333333333,25.7166666666667,23.2333333333333,16.35,12,1,0,0.9235875000000004,0.608947455814731,6.232961148109475,3.7955458333333296,3.7955458333333296,1.1386637499999988,9.10930999999999,Reduce non-essential loads and shift flexible equipment usage to a lower-consumption period. Consider scheduling flexible loads outside high-consumption periods.,High
2007-05-11 21:00:00,2.17513333333333,0.116333333333333,233.803833333333,9.35333333333333,9.65,0.416666666666667,12.5333333333333,21,4,0,0.6047291666666667,0.4632054388507498,3.390297338828671,1.5704041666666635,1.5704041666666635,0.47112124999999905,3.7689699999999924,"Review the active loads during this period and consider shifting flexible usage. This occurred during an evening period, so peak-load shifting may help reduce consumption.",Moderate
2007-05-12 14:00:00,2.61086666666667,0.086266666666667,232.173833333333,11.2833333333333,7.8,7.98333333333333,16.55,14,5,1,0.7201180555555556,0.5180540219512055,3.6497132171463003,1.8907486111111145,1.8907486111111145,0.5672245833333344,4.537796666666675,Review the active loads during this period and consider shifting flexible usage. Consider scheduling flexible loads outside high-consumption periods.,Moderate
2007-05-14 18:00:00,2.8374,0.3827,232.680333333333,12.4866666666667,22.85,6.46666666666667,9.63333333333333,18,0,0,0.7684097222222223,0.5914443684848781,3.498199303305527,2.068990277777778,2.068990277777778,0.6206970833333334,4.965576666666667,"Review the active loads during this period and consider shifting flexible usage. This occurred during an evening period, so peak-load shifting may help reduce consumption.",Moderate
2007-05-14 21:00:00,3.56123333333333,0.094066666666667,233.798833333333,15.3266666666667,4.4,22.5833333333333,10.55,21,0,0,0.8556138888888883,0.7486693707874185,3.6139042814036677,2.7056194444444417,2.7056194444444417,0.8116858333333324,6.4934866666666595,"Review the active loads during this period and consider shifting flexible usage. This occurred during an evening period, so peak-load shifting may help reduce consumption.",Moderate
2007-05-16 08:00:00,2.18136666666667,0.086933333333333,232.509333333333,9.33333333333333,8.33333333333333,0.533333333333333,16.5833333333333,8,2,0,0.6691736111111108,0.43380055892716346,3.4859177205658267,1.5121930555555592,1.5121930555555592,0.4536579166666677,3.6292633333333417,Review the active loads during this period and consider shifting flexible usage. Consider scheduling flexible loads outside high-consumption periods.,Moderate
2007-05-16 12:00:00,2.8142,0.137033333333333,232.3925,12.23,0.0,20.8166666666667,16.5666666666667,12,2,0,0.7718847222222222,0.5936939793845005,3.440013455913945,2.042315277777778,2.042315277777778,0.6126945833333334,4.901556666666667,Review the active loads during this period and consider shifting flexible usage. Consider scheduling flexible loads outside high-consumption periods.,Moderate
2007-05-18 20:00:00,3.98566666666667,0.353666666666667,231.5515,17.4133333333333,21.7833333333333,21.9166666666667,7.1,20,4,0,1.0036569444444448,0.6183417923152098,4.822591258237479,2.9820097222222253,2.9820097222222253,0.8946029166666676,7.156823333333341,"Review the active loads during this period and consider shifting flexible usage. This occurred during an evening period, so peak-load shifting may help reduce consumption.",Moderate
2007-05-20 18:00:00,2.4479,0.263266666666667,234.135166666667,10.7266666666667,20.3666666666667,0.566666666666667,3.56666666666667,18,6,1,0.8663777777777772,0.5044812445982149,3.1349475112435514,1.581522222222223,1.581522222222223,0.47445666666666686,3.795653333333335,"Review the active loads during this period and consider shifting flexible usage. This occurred during an evening period, so peak-load shifting may help reduce consumption.",Moderate
2007-05-20 19:00:00,3.15956666666667,0.268533333333333,232.515,13.79,12.0833333333333,0.7,16.5833333333333,19,6,1,0.9026277777777773,0.582981156685115,3.871375366095977,2.256938888888893,2.256938888888893,0.6770816666666679,5.416653333333343,"Review the active loads during this period and consider shifting flexible usage. This occurred during an evening period, so peak-load shifting may help reduce consumption.",Moderate
2007-05-20 21:00:00,4.09726666666667,0.349766666666667,231.089,17.86,19.9,0.55,16.3833333333333,21,6,1,1.0843027777777774,0.8233057367854472,3.6595929729007444,3.0129638888888923,3.0129638888888923,0.9038891666666676,7.231113333333341,"Review the active loads during this period and consider shifting flexible usage. This occurred during an evening period, so peak-load shifting may help reduce consumption.",Moderate
2007-05-22 20:00:00,2.8976,0.244766666666667,234.396833333333,12.5,0.0,29.5,0.0,20,1,0,0.7449069444444444,0.5410214839402769,3.9789419079579296,2.152693055555556,2.152693055555556,0.6458079166666667,5.166463333333334,"Review the active loads during this period and consider shifting flexible usage. This occurred during an evening period, so peak-load shifting may help reduce consumption.",Moderate
2007-05-25 20:00:00,3.57326666666667,0.294666666666667,233.2565,15.4666666666667,26.8166666666667,0.55,14.8333333333333,20,4,0,0.993248611111111,0.8402556455347711,3.0705155856626662,2.580018055555559,2.580018055555559,0.7740054166666678,6.192043333333342,"Review the active loads during this period and consider shifting flexible usage. This occurred during an evening period, so peak-load shifting may help reduce consumption.",Moderate
2007-05-25 21:00:00,4.47473333333333,0.259933333333333,228.5065,19.5566666666667,48.3666666666667,0.066666666666667,6.71666666666667,21,4,0,1.0763791666666667,0.986588900177219,3.44454936200501,3.398354166666664,3.398354166666664,1.0195062499999992,8.156049999999993,"Review the active loads during this period and consider shifting flexible usage. This occurred during an evening period, so peak-load shifting may help reduce consumption.",Moderate
2007-05-27 14:00:00,3.85683333333333,0.282666666666667,231.415833333333,16.7733333333333,13.2,23.2333333333333,16.4166666666667,14,6,1,1.0322625,0.648228459258391,4.357369370306256,2.82457083333333,2.82457083333333,0.8473712499999989,6.778969999999991,Review the active loads during this period and consider shifting flexible usage. Consider scheduling flexible loads outside high-consumption periods.,Moderate
2007-05-27 15:00:00,3.74743333333333,0.352366666666667,232.790666666667,16.22,8.93333333333334,25.1333333333333,16.6166666666667,15,6,1,1.1249791666666666,0.8616779632490486,3.0434272181899837,2.622454166666663,2.622454166666663,0.7867362499999989,6.293889999999991,Review the active loads during this period and consider shifting flexible usage. Consider scheduling flexible loads outside high-consumption periods.,Moderate
2007-05-29 21:00:00,2.48023333333333,0.1173,233.741166666667,10.75,0.0,19.3,1.61666666666667,21,1,0,0.7199208333333331,0.49359671786313736,3.5662970119021127,1.7603124999999968,1.7603124999999968,0.528093749999999,4.224749999999992,"Review the active loads during this period and consider shifting flexible usage. This occurred during an evening period, so peak-load shifting may help reduce consumption.",Moderate
2007-06-02 09:00:00,2.4007,0.086966666666667,232.805166666667,10.3133333333333,0.0,7.9,13.9333333333333,9,5,1,0.6275281779661015,0.3918987210930707,4.524566492812805,1.7731718220338986,1.7731718220338986,0.5319515466101695,4.255612372881356,Review the active loads during this period and consider shifting flexible usage. Consider scheduling flexible loads outside high-consumption periods.,Moderate
2007-06-02 17:00:00,2.6615,0.255466666666667,231.476,11.6666666666667,18.95,0.183333333333333,16.4333333333333,17,5,1,0.8216379001883239,0.5762291967469074,3.192934530562818,1.8398620998116764,1.8398620998116764,0.5519586299435029,4.415669039548023,"Review the active loads during this period and consider shifting flexible usage. This occurred during an evening period, so peak-load shifting may help reduce consumption.",Moderate
2007-06-02 19:00:00,3.1521,0.341966666666667,232.102666666667,13.8133333333333,24.5666666666667,0.583333333333333,16.5166666666667,19,5,1,0.9868712335216573,0.6982853987257799,3.1007790946644707,2.1652287664783425,2.1652287664783425,0.6495686299435027,5.196549039548022,"Review the active loads during this period and consider shifting flexible usage. This occurred during an evening period, so peak-load shifting may help reduce consumption.",Moderate
2007-06-08 09:00:00,1.955,0.123866666666667,230.961666666667,8.52,0.0,6.98333333333333,16.35,9,4,0,0.6601374999999998,0.42616299985527634,3.038420746145798,1.2948625000000002,1.2948625000000002,0.3884587500000001,3.1076700000000006,Review the active loads during this period and consider shifting flexible usage. Consider scheduling flexible loads outside high-consumption periods.,Moderate
2007-06-08 10:00:00,3.12126666666667,0.228033333333333,229.848333333333,13.7033333333333,0.0,27.3666666666667,16.2166666666667,10,4,0,0.6894874999999998,0.4883197253693308,4.979891330065446,2.4317791666666704,2.4317791666666704,0.7295337500000011,5.836270000000009,Review the active loads during this period and consider shifting flexible usage. Consider scheduling flexible loads outside high-consumption periods.,Moderate
2007-06-12 18:00:00,2.0773,0.368366666666667,238.1535,9.07666666666667,23.6166666666667,0.05,0.05,18,1,0,0.4571875000000001,0.3048149172831011,5.31506959843208,1.6201125,1.6201125,0.48603375,3.88827,"Review the active loads during this period and consider shifting flexible usage. This occurred during an evening period, so peak-load shifting may help reduce consumption.",Moderate
2007-06-14 19:00:00,3.23296666666667,0.471266666666667,238.640166666667,13.87,24.3166666666667,0.2,17.4333333333333,19,3,0,0.6258611111111111,0.5692226674906575,4.580115488107031,2.607105555555559,2.607105555555559,0.7821316666666677,6.257053333333341,"Review the active loads during this period and consider shifting flexible usage. This occurred during an evening period, so peak-load shifting may help reduce consumption.",Moderate
2007-06-16 10:00:00,2.19513333333333,0.230066666666667,237.461333333333,9.32333333333333,0.0,14.5166666666667,17.2666666666667,10,5,1,0.5722111111111109,0.478731755159129,3.390045061211293,1.6229222222222193,1.6229222222222193,0.48687666666666574,3.895013333333326,Review the active loads during this period and consider shifting flexible usage. Consider scheduling flexible loads outside high-consumption periods.,Moderate
2007-06-20 21:00:00,3.2391,0.402566666666667,238.676833333333,13.87,6.68333333333333,25.5833333333333,5.38333333333333,21,2,0,0.6671083333333336,0.5860124558246524,4.388970987054005,2.5719916666666665,2.5719916666666665,0.7715974999999999,6.1727799999999995,"Review the active loads during this period and consider shifting flexible usage. This occurred during an evening period, so peak-load shifting may help reduce consumption.",Moderate
2007-06-21 22:00:00,2.16686666666667,0.155233333333333,237.657666666667,9.23333333333333,8.1,17.5333333333333,0.0,22,3,0,0.5065708333333334,0.4950516579996084,3.353782997197133,1.6602958333333366,1.6602958333333366,0.49808875000000097,3.9847100000000077,"Review the active loads during this period and consider shifting flexible usage. This occurred during an evening period, so peak-load shifting may help reduce consumption.",Moderate
2007-06-23 17:00:00,1.21666666666667,0.1722,239.024166666667,5.11666666666667,0.0,0.766666666666667,15.15,17,5,1,0.28254583333333344,0.1842773662481362,5.069102366459419,0.9341208333333364,0.9341208333333364,0.2802362500000009,2.2418900000000073,"Review the active loads during this period and consider shifting flexible usage. This occurred during an evening period, so peak-load shifting may help reduce consumption.",Moderate
2007-06-24 15:00:00,1.21073333333333,0.141833333333333,239.599833333333,5.03333333333333,0.0,0.8,8.68333333333334,15,6,1,0.3484597222222223,0.27565666315185117,3.128070989657546,0.8622736111111078,0.8622736111111078,0.2586820833333323,2.0694566666666585,Review the active loads during this period and consider shifting flexible usage. Consider scheduling flexible loads outside high-consumption periods.,Moderate
2007-06-25 07:00:00,1.55713333333333,0.165033333333333,239.1865,6.52333333333333,0.0,1.13333333333333,17.5333333333333,7,0,0,0.47966805555555525,0.34606887846977313,3.113441701380508,1.0774652777777747,1.0774652777777747,0.3232395833333324,2.5859166666666593,Review the active loads during this period and consider shifting flexible usage. Consider scheduling flexible loads outside high-consumption periods.,Moderate
2007-06-25 21:00:00,3.56833333333333,0.215466666666667,236.329666666667,15.3133333333333,5.21666666666667,24.85,13.6,21,0,0,0.5174652777777778,0.40677462293353367,7.500143528014674,3.050868055555552,3.050868055555552,0.9152604166666656,7.322083333333325,"Reduce non-essential loads and shift flexible equipment usage to a lower-consumption period. This occurred during an evening period, so peak-load shifting may help reduce consumption.",High
2007-06-26 22:00:00,3.5618,0.1526,237.732,15.0733333333333,7.58333333333333,7.3,15.6333333333333,22,1,0,0.6178263888888887,0.6052477592245119,4.864080149397244,2.943973611111111,2.943973611111111,0.8831920833333333,7.065536666666667,"Review the active loads during this period and consider shifting flexible usage. This occurred during an evening period, so peak-load shifting may help reduce consumption.",Moderate
2007-06-27 21:00:00,4.59796666666667,0.315,236.78,19.6933333333333,27.6666666666667,14.9,17.2,21,2,0,0.9853333333333328,1.0433729509077698,3.462456382629264,3.612633333333337,3.612633333333337,1.0837900000000011,8.67032000000001,"Review the active loads during this period and consider shifting flexible usage. This occurred during an evening period, so peak-load shifting may help reduce consumption.",Moderate
2007-06-29 21:00:00,3.11996666666667,0.177333333333333,237.8165,13.1233333333333,7.48333333333333,0.6,15.0166666666667,21,4,0,0.8127056026365344,0.6566553026123487,3.513656335144543,2.307261064030136,2.307261064030136,0.6921783192090407,5.537426553672326,"Review the active loads during this period and consider shifting flexible usage. This occurred during an evening period, so peak-load shifting may help reduce consumption.",Moderate
2007-07-02 20:00:00,2.0822,0.2525,239.767,8.97333333333333,0.0,24.7666666666667,0.0,20,0,0,0.4198944444444443,0.3235082220380873,5.138371893867503,1.6623055555555555,1.6623055555555555,0.49869166666666664,3.989533333333333,"Review the active loads during this period and consider shifting flexible usage. This occurred during an evening period, so peak-load shifting may help reduce consumption.",Moderate
2007-07-02 21:00:00,2.6667,0.221066666666667,239.839333333333,11.3566666666667,7.31666666666667,17.8166666666667,4.7,21,0,0,0.48135694444444416,0.46833073643914913,4.666238804165057,2.1853430555555557,2.1853430555555557,0.6556029166666667,5.244823333333334,"Review the active loads during this period and consider shifting flexible usage. This occurred during an evening period, so peak-load shifting may help reduce consumption.",Moderate
2007-07-02 22:00:00,3.10566666666667,0.236633333333333,240.679,13.0333333333333,1.21666666666667,23.5666666666667,17.7166666666667,22,0,0,0.5548152777777776,0.6431078813473862,3.9664439868853116,2.5508513888888924,2.5508513888888924,0.7652554166666677,6.122043333333342,"Review the active loads during this period and consider shifting flexible usage. This occurred during an evening period, so peak-load shifting may help reduce consumption.",Moderate
2007-07-03 22:00:00,3.94863333333333,0.231066666666667,237.042333333333,16.83,0.183333333333333,29.6833333333333,13.8333333333333,22,1,0,0.6975430555555557,0.7113152561086146,4.570533599354359,3.251090277777774,3.251090277777774,0.9753270833333322,7.802616666666657,"Review the active loads during this period and consider shifting flexible usage. This occurred during an evening period, so peak-load shifting may help reduce consumption.",Moderate
2007-07-05 20:00:00,2.0064,0.297933333333333,238.210666666667,8.64333333333333,17.0833333333333,0.0,0.0,20,3,0,0.5507361111111114,0.48413569832029646,3.0067270270283695,1.4556638888888886,1.4556638888888886,0.4366991666666666,3.4935933333333327,"Review the active loads during this period and consider shifting flexible usage. This occurred during an evening period, so peak-load shifting may help reduce consumption.",Moderate
2007-07-05 22:00:00,2.70363333333333,0.095,240.036833333333,11.2633333333333,6.56666666666667,0.0,13.4666666666667,22,3,0,0.6443305555555557,0.6000124746623188,3.4320999391499813,2.059302777777774,2.059302777777774,0.6177908333333322,4.942326666666657,"Review the active loads during this period and consider shifting flexible usage. This occurred during an evening period, so peak-load shifting may help reduce consumption.",Moderate
2007-07-06 21:00:00,4.27223333333333,0.301,239.105166666667,18.04,7.68333333333333,32.0666666666667,16.55,21,4,0,0.7100430555555555,0.7318277869859455,4.8675253128181435,3.5621902777777743,3.5621902777777743,1.0686570833333322,8.549256666666658,"Review the active loads during this period and consider shifting flexible usage. This occurred during an evening period, so peak-load shifting may help reduce consumption.",Moderate
2007-07-09 22:00:00,2.6201,0.1791,238.529833333333,11.0333333333333,7.68333333333333,0.316666666666667,12.3666666666667,22,0,0,0.7420805555555557,0.5332706230266673,3.521700546310667,1.878019444444444,1.878019444444444,0.5634058333333332,4.507246666666665,"Review the active loads during this period and consider shifting flexible usage. This occurred during an evening period, so peak-load shifting may help reduce consumption.",Moderate
2007-07-10 22:00:00,3.25283333333333,0.158466666666667,238.434833333333,13.8166666666667,0.0,19.2166666666667,13.0333333333333,22,1,0,0.6680638888888891,0.683281047198402,3.7828788827709285,2.584769444444441,2.584769444444441,0.7754308333333323,6.203446666666658,"Review the active loads during this period and consider shifting flexible usage. This occurred during an evening period, so peak-load shifting may help reduce consumption.",Moderate
2007-07-12 19:00:00,2.15243333333333,0.4114,239.669333333333,9.27,0.0,8.58333333333333,12.55,19,3,0,0.40679583333333347,0.3007473300827957,5.804332492392943,1.7456374999999966,1.7456374999999966,0.5236912499999989,4.1895299999999915,"Review the active loads during this period and consider shifting flexible usage. This occurred during an evening period, so peak-load shifting may help reduce consumption.",Moderate
2007-07-12 20:00:00,2.0498,0.3368,239.6625,8.94333333333333,7.65,6.01666666666667,8.03333333333333,20,3,0,0.4703347222222222,0.4654111498490139,3.393698836588206,1.5794652777777776,1.5794652777777776,0.47383958333333326,3.790716666666666,"Review the active loads during this period and consider shifting flexible usage. This occurred during an evening period, so peak-load shifting may help reduce consumption.",Moderate
2007-07-12 21:00:00,2.85886666666667,0.350133333333333,239.936833333333,12.1266666666667,1.16666666666667,19.85,9.78333333333333,21,3,0,0.5462388888888888,0.5625922790365673,4.110663910528828,2.3126277777777813,2.3126277777777813,0.6937883333333343,5.550306666666675,"Review the active loads during this period and consider shifting flexible usage. This occurred during an evening period, so peak-load shifting may help reduce consumption.",Moderate
2007-07-14 10:00:00,1.79136666666667,0.2024,241.123833333333,7.48,7.21666666666667,1.13333333333333,17.8,10,5,1,0.46710694444444445,0.31374621763474714,4.220799001834931,1.3242597222222257,1.3242597222222257,0.3972779166666677,3.1782233333333414,Review the active loads during this period and consider shifting flexible usage. Consider scheduling flexible loads outside high-consumption periods.,Moderate
2007-07-14 11:00:00,1.81193333333333,0.098566666666667,241.087333333333,7.52666666666667,7.93333333333333,0.0,17.7833333333333,11,5,1,0.509288888888889,0.41060542723642135,3.1724968985721542,1.3026444444444412,1.3026444444444412,0.3907933333333323,3.1263466666666586,Review the active loads during this period and consider shifting flexible usage. Consider scheduling flexible loads outside high-consumption periods.,Moderate
2007-07-14 19:00:00,3.7519,0.5262,237.751333333333,16.01,29.7666666666667,1.16666666666667,15.2333333333333,19,5,1,0.7526736111111109,0.504305451682824,5.947241654597879,2.9992263888888893,2.9992263888888893,0.8997679166666668,7.198143333333334,"Review the active loads during this period and consider shifting flexible usage. This occurred during an evening period, so peak-load shifting may help reduce consumption.",Moderate
2007-07-15 21:00:00,1.81923333333333,0.1989,240.3805,7.62666666666667,0.0,0.516666666666667,17.6833333333333,21,6,1,0.6187052524856095,0.39980881765872844,3.002755386632006,1.2005280808477203,1.2005280808477203,0.3601584242543161,2.881267394034529,"Review the active loads during this period and consider shifting flexible usage. This occurred during an evening period, so peak-load shifting may help reduce consumption.",Moderate
2007-07-17 08:00:00,2.01486666666667,0.061066666666667,231.641,8.7,13.9333333333333,0.0,16.4666666666667,8,1,0,0.560201388888889,0.3654791881277321,3.980158994085832,1.4546652777777809,1.4546652777777809,0.43639958333333423,3.491196666666674,Review the active loads during this period and consider shifting flexible usage. Consider scheduling flexible loads outside high-consumption periods.,Moderate
2007-07-18 07:00:00,1.9317,0.174,232.058666666667,8.33333333333333,0.0,0.95,16.5166666666667,7,2,0,0.5026861111111113,0.45816898501811104,3.1189668781975732,1.4290138888888886,1.4290138888888886,0.42870416666666655,3.4296333333333324,Review the active loads during this period and consider shifting flexible usage. Consider scheduling flexible loads outside high-consumption periods.,Moderate
2007-07-19 20:00:00,1.505,0.1069,236.3115,6.48666666666667,9.35,0.133333333333333,10.2666666666667,20,3,0,0.3816208333333335,0.26619378267264804,4.220155540026803,1.1233791666666664,1.1233791666666664,0.3370137499999999,2.696109999999999,"Review the active loads during this period and consider shifting flexible usage. This occurred during an evening period, so peak-load shifting may help reduce consumption.",Moderate
2007-07-20 18:00:00,2.81283333333333,0.3374,232.683166666667,12.47,12.2,20.0666666666667,0.0,18,4,0,0.5899763888888886,0.3659775690018131,6.073751870933459,2.2228569444444415,2.2228569444444415,0.6668570833333324,5.334856666666659,"Reduce non-essential loads and shift flexible equipment usage to a lower-consumption period. This occurred during an evening period, so peak-load shifting may help reduce consumption.",High
2007-07-22 10:00:00,2.56543333333333,0.3612,230.629333333333,11.34,16.15,5.65,11.15,10,6,1,0.6648402777777781,0.4933979626662456,3.8520488517728038,1.900593055555552,1.900593055555552,0.5701779166666655,4.561423333333324,Review the active loads during this period and consider shifting flexible usage. Consider scheduling flexible loads outside high-consumption periods.,Moderate
2007-07-22 11:00:00,3.03323333333333,0.388133333333333,233.292666666667,13.21,23.7,0.383333333333333,16.6833333333333,11,6,1,0.7544444444444446,0.6240214029732927,3.6517800159274576,2.278788888888885,2.278788888888885,0.6836366666666656,5.4690933333333245,Review the active loads during this period and consider shifting flexible usage. Consider scheduling flexible loads outside high-consumption periods.,Moderate
2007-07-26 08:00:00,1.66766666666667,0.0778,234.524166666667,7.08333333333333,7.58333333333333,0.0,16.85,8,3,0,0.31815000000000004,0.21751161377177472,6.2043430383568285,1.3495166666666698,1.3495166666666698,0.4048550000000009,3.2388400000000073,Reduce non-essential loads and shift flexible equipment usage to a lower-consumption period. Consider scheduling flexible loads outside high-consumption periods.,High
2007-07-26 09:00:00,1.5946,0.070666666666667,234.109166666667,6.78333333333333,8.66666666666667,0.0,14.85,9,3,0,0.348438888888889,0.32967224650055027,3.780000058661386,1.246161111111111,1.246161111111111,0.3738483333333333,2.9907866666666663,Review the active loads during this period and consider shifting flexible usage. Consider scheduling flexible loads outside high-consumption periods.,Moderate
2007-07-26 19:00:00,2.47306666666667,0.181933333333333,234.621666666667,10.72,0.0,14.75,16.8666666666667,19,3,0,0.41102361111111135,0.43006814104280516,4.794689163804676,2.062043055555559,2.062043055555559,0.6186129166666676,4.948903333333341,"Review the active loads during this period and consider shifting flexible usage. This occurred during an evening period, so peak-load shifting may help reduce consumption.",Moderate
2007-07-30 06:00:00,0.925066666666667,0.083833333333333,236.591333333333,3.94,0.0,0.0,12.45,6,0,0,0.22162500000000007,0.15139593745944732,4.646370823887462,0.703441666666667,0.703441666666667,0.2110325000000001,1.6882600000000008,Review the active loads during this period and consider shifting flexible usage. Consider scheduling flexible loads outside high-consumption periods.,Moderate
2007-07-30 18:00:00,1.19143333333333,0.1511,233.8415,5.17,0.0,0.0,13.65,18,0,0,0.23946944444444448,0.18127988367116293,5.251348741020397,0.9519638888888855,0.9519638888888855,0.2855891666666656,2.284713333333325,"Review the active loads during this period and consider shifting flexible usage. This occurred during an evening period, so peak-load shifting may help reduce consumption.",Moderate
2007-07-31 12:00:00,2.0913,0.323966666666667,231.623833333333,9.64333333333333,24.5,0.0,0.0,12,1,0,0.3217708333333332,0.2965941032103912,5.966164355639392,1.7695291666666668,1.7695291666666668,0.53085875,4.24687,Review the active loads during this period and consider shifting flexible usage. Consider scheduling flexible loads outside high-consumption periods.,Moderate
2007-07-31 20:00:00,1.92106666666667,0.1134,235.332333333333,8.13333333333333,7.56666666666667,0.0,16.9666666666667,20,1,0,0.46544999999999986,0.4649912387102491,3.1304174046464377,1.4556166666666701,1.4556166666666701,0.43668500000000104,3.4934800000000084,"Review the active loads during this period and consider shifting flexible usage. This occurred during an evening period, so peak-load shifting may help reduce consumption.",Moderate
2007-08-11 11:00:00,2.6036,0.093066666666667,232.8445,11.2733333333333,15.9833333333333,5.05,16.6333333333333,11,5,1,0.654061111111111,0.5998714075296925,3.2499280085997277,1.9495388888888892,1.9495388888888892,0.5848616666666667,4.678893333333334,Review the active loads during this period and consider shifting flexible usage. Consider scheduling flexible loads outside high-consumption periods.,Moderate
2007-08-12 22:00:00,2.76583333333333,0.1954,234.318833333333,11.7766666666667,0.0,0.0,16.8333333333333,22,6,1,0.5992874999999999,0.5711263661124708,3.793461415694257,2.16654583333333,2.16654583333333,0.649963749999999,5.199709999999992,"Review the active loads during this period and consider shifting flexible usage. This occurred during an evening period, so peak-load shifting may help reduce consumption.",Moderate
2007-08-12 23:00:00,4.6344,0.1391,231.009166666667,20.11,11.0166666666667,13.5333333333333,16.3666666666667,23,6,1,0.7076944444444441,0.7139819934174186,5.499726312089034,3.9267055555555563,3.9267055555555563,1.178011666666667,9.424093333333335,Review the active loads during this period and consider shifting flexible usage. Consider scheduling flexible loads outside high-consumption periods.,Moderate
2007-08-15 10:00:00,2.82706666666667,0.203666666666667,236.326,12.1366666666667,5.63333333333333,0.0,17.1166666666667,10,2,0,0.7322930555555551,0.6957519009178722,3.010805444221684,2.094773611111115,2.094773611111115,0.6284320833333344,5.027456666666676,Review the active loads during this period and consider shifting flexible usage. Consider scheduling flexible loads outside high-consumption periods.,Moderate
2007-08-17 00:00:00,2.735,0.091633333333333,237.9,11.43,0.0,0.0,17.3333333333333,0,4,0,0.6656222222222222,0.6719808387872815,3.0795190254418072,2.0693777777777775,2.0693777777777775,0.6208133333333332,4.966506666666666,Review the active loads during this period and consider shifting flexible usage. Consider scheduling flexible loads outside high-consumption periods.,Moderate
2007-08-17 07:00:00,3.14446666666667,0.091166666666667,236.503333333333,13.2666666666667,4.01666666666667,0.0,17.1333333333333,7,4,0,0.8061791666666664,0.7681549487544096,3.0440310301868383,2.3382875000000034,2.3382875000000034,0.701486250000001,5.611890000000008,Review the active loads during this period and consider shifting flexible usage. Consider scheduling flexible loads outside high-consumption periods.,Moderate
2007-08-19 07:00:00,0.924466666666667,0.089233333333333,240.6155,3.86,0.0,0.0,12.4666666666667,7,6,1,0.24197222222222223,0.20093170509582733,3.396648847024679,0.6824944444444447,0.6824944444444447,0.20474833333333342,1.6379866666666674,Review the active loads during this period and consider shifting flexible usage. Consider scheduling flexible loads outside high-consumption periods.,Moderate
2007-08-19 15:00:00,2.3622,0.1998,237.952333333333,10.13,7.76666666666667,12.75,10.9833333333333,15,6,1,0.26343750000000005,0.20435968629562296,10.26994383307072,2.0987625,2.0987625,0.62962875,5.03703,Investigate the high-load source immediately and switch off or postpone non-essential equipment. Consider scheduling flexible loads outside high-consumption periods.,Critical
2007-08-19 16:00:00,3.69613333333333,0.161033333333333,236.918,15.7933333333333,9.06666666666667,34.7666666666667,10.6666666666667,16,6,1,0.3548194444444445,0.473471101089415,7.0570598315310455,3.3413138888888856,3.3413138888888856,1.0023941666666656,8.019153333333325,Reduce non-essential loads and shift flexible equipment usage to a lower-consumption period. Consider scheduling flexible loads outside high-consumption periods.,High
2007-08-21 21:00:00,1.7089,0.105533333333333,238.1965,7.19666666666667,0.0,0.0,12.1666666666667,21,1,0,0.41538055555555586,0.36936292207597765,3.5020284038644474,1.2935194444444442,1.2935194444444442,0.38805583333333327,3.104446666666666,"Review the active loads during this period and consider shifting flexible usage. This occurred during an evening period, so peak-load shifting may help reduce consumption.",Moderate
2007-08-22 18:00:00,2.36773333333333,0.203366666666667,241.273166666667,9.98333333333333,20.2666666666667,1.41666666666667,10.4833333333333,18,2,0,0.5289013888888888,0.5103128896670177,3.6033421488614374,1.8388319444444412,1.8388319444444412,0.5516495833333324,4.413196666666659,"Review the active loads during this period and consider shifting flexible usage. This occurred during an evening period, so peak-load shifting may help reduce consumption.",Moderate
2007-08-22 19:00:00,3.23913333333333,0.294,238.795333333333,13.6733333333333,14.2166666666667,3.76666666666667,17.4666666666667,19,2,0,0.6007569444444444,0.6336218900599947,4.163960289691175,2.6383763888888856,2.6383763888888856,0.7915129166666657,6.332103333333325,"Review the active loads during this period and consider shifting flexible usage. This occurred during an evening period, so peak-load shifting may help reduce consumption.",Moderate
2007-08-24 14:00:00,2.5673,0.139733333333333,239.8455,10.7466666666667,0.0,18.8,17.6166666666667,14,4,0,0.7703624999999997,0.4902293650612475,3.665503594986599,1.7969375000000003,1.7969375000000003,0.5390812500000001,4.3126500000000005,Review the active loads during this period and consider shifting flexible usage. Consider scheduling flexible loads outside high-consumption periods.,Moderate
2007-08-24 19:00:00,2.8103,0.437133333333333,239.189666666667,11.9866666666667,14.6333333333333,1.38333333333333,17.5166666666667,19,4,0,0.8745685263653485,0.6046745538368399,3.201278210488368,1.9357314736346511,1.9357314736346511,0.5807194420903953,4.645755536723162,"Review the active loads during this period and consider shifting flexible usage. This occurred during an evening period, so peak-load shifting may help reduce consumption.",Moderate
2007-08-26 14:00:00,3.7632,0.319466666666667,237.950666666667,16.0866666666667,7.45,30.2666666666667,12.3666666666667,14,6,1,0.8838097222222222,0.7514197208337612,3.8319333362489614,2.8793902777777776,2.8793902777777776,0.8638170833333333,6.910536666666666,Review the active loads during this period and consider shifting flexible usage. Consider scheduling flexible loads outside high-consumption periods.,Moderate
2007-08-27 21:00:00,2.79333333333333,0.298566666666667,237.212333333333,11.9566666666667,14.25,0.0,7.53333333333333,21,0,0,0.6581680555555561,0.6086275712065355,3.5081639064511148,2.135165277777774,2.135165277777774,0.6405495833333321,5.124396666666657,"Review the active loads during this period and consider shifting flexible usage. This occurred during an evening period, so peak-load shifting may help reduce consumption.",Moderate
2007-08-27 23:00:00,2.99443333333333,0.255933333333333,240.998666666667,12.4233333333333,7.01666666666667,0.466666666666667,4.1,23,0,0,0.7272416666666667,0.7079528002396384,3.2024616131177543,2.2671916666666636,2.2671916666666636,0.6801574999999991,5.441259999999993,Review the active loads during this period and consider shifting flexible usage. Consider scheduling flexible loads outside high-consumption periods.,Moderate
2007-08-30 19:00:00,2.8546,0.351366666666667,238.890333333333,12.1533333333333,17.8833333333333,0.8,10.6166666666667,19,3,0,0.5565972222222224,0.49886688096072307,4.606444856295651,2.2980027777777776,2.2980027777777776,0.6894008333333332,5.515206666666666,"Review the active loads during this period and consider shifting flexible usage. This occurred during an evening period, so peak-load shifting may help reduce consumption.",Moderate
2007-08-30 22:00:00,3.06203333333333,0.2219,238.712333333333,12.95,6.45,21.8166666666667,6.2,22,3,0,0.6929916666666669,0.7184968152010849,3.2972194400105197,2.369041666666663,2.369041666666663,0.7107124999999989,5.685699999999991,"Review the active loads during this period and consider shifting flexible usage. This occurred during an evening period, so peak-load shifting may help reduce consumption.",Moderate
2007-09-04 12:00:00,2.51926666666667,0.187233333333333,239.960333333333,10.76,16.3,0.0,17.6333333333333,12,1,0,0.6251152777777779,0.49328591467948,3.8398651421450896,1.8941513888888921,1.8941513888888921,0.5682454166666676,4.545963333333341,Review the active loads during this period and consider shifting flexible usage. Consider scheduling flexible loads outside high-consumption periods.,Moderate
2007-09-04 21:00:00,3.2361,0.109633333333333,235.555,13.9133333333333,9.23333333333333,22.6166666666667,2.1,21,1,0,1.0177541666666672,0.713500148909556,3.1091035323869742,2.218345833333333,2.218345833333333,0.6655037499999998,5.324029999999999,"Review the active loads during this period and consider shifting flexible usage. This occurred during an evening period, so peak-load shifting may help reduce consumption.",Moderate
2007-09-10 20:00:00,3.32486666666667,0.198733333333333,237.057166666667,14.1233333333333,10.5833333333333,0.783333333333333,13.6166666666667,20,0,0,0.7174583333333339,0.7272255198623931,3.585419188571262,2.607408333333336,2.607408333333336,0.7822225000000008,6.257780000000007,"Review the active loads during this period and consider shifting flexible usage. This occurred during an evening period, so peak-load shifting may help reduce consumption.",Moderate
2007-09-10 21:00:00,3.53953333333333,0.0887,236.439166666667,14.9766666666667,4.96666666666667,0.216666666666667,17.1333333333333,21,0,0,0.7672166666666671,0.8573393886007888,3.233628016544523,2.7723166666666628,2.7723166666666628,0.8316949999999989,6.653559999999991,"Review the active loads during this period and consider shifting flexible usage. This occurred during an evening period, so peak-load shifting may help reduce consumption.",Moderate
2007-09-11 22:00:00,3.3426,0.089366666666667,237.403166666667,14.0633333333333,14.2333333333333,0.0,17.2666666666667,22,1,0,0.5714763888888892,0.5794381933818954,4.782431746408408,2.771123611111111,2.771123611111111,0.8313370833333332,6.650696666666666,"Review the active loads during this period and consider shifting flexible usage. This occurred during an evening period, so peak-load shifting may help reduce consumption.",Moderate
2007-09-12 21:00:00,3.3821,0.116566666666667,237.382333333333,14.24,0.0,3.25,17.2666666666667,21,2,0,0.8739611111111111,0.8234832452071339,3.045767966120558,2.508138888888889,2.508138888888889,0.7524416666666667,6.019533333333333,"Review the active loads during this period and consider shifting flexible usage. This occurred during an evening period, so peak-load shifting may help reduce consumption.",Moderate
2007-09-16 11:00:00,2.17336666666667,0.058966666666667,238.825333333333,9.10666666666667,15.35,0.0,17.4666666666667,11,6,1,0.5475194444444447,0.44885905698272666,3.6221776010298763,1.6258472222222253,1.6258472222222253,0.4877541666666676,3.902033333333341,Review the active loads during this period and consider shifting flexible usage. Consider scheduling flexible loads outside high-consumption periods.,Moderate
2007-09-16 20:00:00,3.81396666666667,0.1254,232.883166666667,16.4566666666667,0.083333333333333,22.2833333333333,13.7,20,6,1,0.9008375000000005,0.6697216686505983,4.349760957467964,2.9131291666666694,2.9131291666666694,0.8739387500000008,6.991510000000006,"Review the active loads during this period and consider shifting flexible usage. This occurred during an evening period, so peak-load shifting may help reduce consumption.",Moderate
2007-09-17 21:00:00,5.73576666666667,0.3772,232.103833333333,24.7133333333333,42.2,5.4,15.35,21,0,0,0.8836611111111115,0.9612491213525894,5.047708702951095,4.852105555555559,4.852105555555559,1.4556316666666675,11.64505333333334,"Review the active loads during this period and consider shifting flexible usage. This occurred during an evening period, so peak-load shifting may help reduce consumption.",Moderate
2007-09-21 19:00:00,3.53376666666667,0.2644,233.674333333333,15.31,28.7333333333333,5.68333333333333,9.11666666666667,19,4,0,0.7985902777777777,0.8143548436342967,3.358703408310765,2.7351763888888923,2.7351763888888923,0.8205529166666676,6.564423333333341,"Review the active loads during this period and consider shifting flexible usage. This occurred during an evening period, so peak-load shifting may help reduce consumption.",Moderate
2007-09-23 20:00:00,3.28526666666667,0.029433333333333,234.828666666667,14.0233333333333,11.8,0.0,16.9166666666667,20,6,1,0.8640875000000005,0.7132115952474465,3.3947557538329827,2.4211791666666693,2.4211791666666693,0.7263537500000008,5.810830000000006,"Review the active loads during this period and consider shifting flexible usage. This occurred during an evening period, so peak-load shifting may help reduce consumption.",Moderate
2007-09-26 21:00:00,4.82186666666667,0.2968,234.581,20.6466666666667,0.0,31.5166666666667,8.33333333333333,21,2,0,1.2477222701149424,0.8567605897107818,4.171695616576223,3.574144396551728,3.574144396551728,1.0722433189655183,8.577946551724146,"Review the active loads during this period and consider shifting flexible usage. This occurred during an evening period, so peak-load shifting may help reduce consumption.",Moderate
2007-09-29 12:00:00,3.00173333333333,0.234366666666667,237.586166666667,12.8833333333333,11.0833333333333,22.1,0.0,12,5,1,0.8679166666666668,0.6046490432533925,3.5290168577550145,2.133816666666663,2.133816666666663,0.640144999999999,5.121159999999992,Review the active loads during this period and consider shifting flexible usage. Consider scheduling flexible loads outside high-consumption periods.,Moderate
2007-10-04 19:00:00,3.18706666666667,0.3149,233.912666666667,13.7966666666667,13.15,0.333333333333333,15.9166666666667,19,3,0,0.8946791666666667,0.6893216176374194,3.3255703017945835,2.2923875000000034,2.2923875000000034,0.687716250000001,5.501730000000008,"Review the active loads during this period and consider shifting flexible usage. This occurred during an evening period, so peak-load shifting may help reduce consumption.",Moderate
2007-10-07 20:00:00,4.0393,0.159,233.878666666667,17.2933333333333,10.0666666666667,16.8166666666667,13.7,20,6,1,1.3117583333333334,0.9001408000034856,3.0301278051790392,2.7275416666666663,2.7275416666666663,0.8182624999999999,6.546099999999999,"Review the active loads during this period and consider shifting flexible usage. This occurred during an evening period, so peak-load shifting may help reduce consumption.",Moderate
2007-10-09 21:00:00,3.96733333333333,0.3194,236.767833333333,16.8633333333333,18.3166666666667,0.25,13.35,21,1,0,1.1602513888888895,0.8807738589044217,3.1870631900180566,2.80708194444444,2.80708194444444,0.8421245833333321,6.7369966666666565,"Review the active loads during this period and consider shifting flexible usage. This occurred during an evening period, so peak-load shifting may help reduce consumption.",Moderate
2007-10-11 20:00:00,4.31836666666667,0.2663,233.062,18.4866666666667,16.65,0.3,16.6666666666667,20,3,0,0.9868013888888888,0.9278332861077887,3.590693853799447,3.3315652777777807,3.3315652777777807,0.9994695833333341,7.995756666666673,"Review the active loads during this period and consider shifting flexible usage. This occurred during an evening period, so peak-load shifting may help reduce consumption.",Moderate
2007-10-13 19:00:00,4.73276666666667,0.1613,231.204666666667,20.4533333333333,0.0,22.2666666666667,16.4166666666667,19,5,1,0.9765180555555558,0.7793807523900315,4.819529606796533,3.7562486111111144,3.7562486111111144,1.1268745833333342,9.014996666666674,"Review the active loads during this period and consider shifting flexible usage. This occurred during an evening period, so peak-load shifting may help reduce consumption.",Moderate
2007-10-13 20:00:00,5.0948,0.237233333333333,235.133333333333,21.81,0.0,25.3,16.95,20,5,1,1.0675347222222225,1.0511043670735443,3.8314608938314834,4.0272652777777775,4.0272652777777775,1.2081795833333333,9.665436666666666,"Review the active loads during this period and consider shifting flexible usage. This occurred during an evening period, so peak-load shifting may help reduce consumption.",Moderate
2007-10-16 13:00:00,3.60346666666667,0.159533333333333,235.368166666667,15.5166666666667,0.0,30.5333333333333,16.9833333333333,13,1,0,0.8645083333333337,0.7445586265253591,3.6786335363747873,2.7389583333333363,2.7389583333333363,0.8216875000000009,6.573500000000007,Review the active loads during this period and consider shifting flexible usage. Consider scheduling flexible loads outside high-consumption periods.,Moderate
2007-10-18 21:00:00,3.40176666666667,0.088433333333333,238.342666666667,14.2833333333333,9.05,0.016666666666667,17.4166666666667,21,3,0,0.9418291666666668,0.7783921025084847,3.160280650423466,2.459937500000003,2.459937500000003,0.7379812500000009,5.903850000000007,"Review the active loads during this period and consider shifting flexible usage. This occurred during an evening period, so peak-load shifting may help reduce consumption.",Moderate
2007-10-19 11:00:00,4.32846666666667,0.205433333333333,234.9195,18.56,11.7666666666667,24.25,16.9333333333333,11,4,0,1.2355402777777782,1.0059376641004911,3.07467003102482,3.092926388888892,3.092926388888892,0.9278779166666675,7.42302333333334,Review the active loads during this period and consider shifting flexible usage. Consider scheduling flexible loads outside high-consumption periods.,Moderate
2007-10-23 16:00:00,2.88876666666667,0.157533333333333,241.442,12.1666666666667,8.65,18.9666666666667,6.8,16,1,0,0.9196861111111106,0.6078574545204631,3.2393788065146967,1.9690805555555593,1.9690805555555593,0.5907241666666677,4.725793333333342,Review the active loads during this period and consider shifting flexible usage. Consider scheduling flexible loads outside high-consumption periods.,Moderate
2007-10-23 17:00:00,4.50836666666667,0.145033333333333,238.733666666667,19.0166666666667,9.08333333333333,35.1166666666667,17.4833333333333,17,1,0,0.9841513888888885,0.7252530032629598,4.859290843225896,3.5242152777777815,3.5242152777777815,1.0572645833333345,8.458116666666676,"Review the active loads during this period and consider shifting flexible usage. This occurred during an evening period, so peak-load shifting may help reduce consumption.",Moderate
2007-10-24 19:00:00,3.7766,0.105566666666667,234.542166666667,16.11,19.4166666666667,0.266666666666667,7.51666666666667,19,2,0,1.120932279693487,0.8197805620235921,3.2394860811911848,2.6556677203065133,2.6556677203065133,0.796700316091954,6.373602528735632,"Review the active loads during this period and consider shifting flexible usage. This occurred during an evening period, so peak-load shifting may help reduce consumption.",Moderate
2007-10-25 21:00:00,4.80096666666667,0.1737,235.966333333333,20.39,1.13333333333333,26.8166666666667,12.9833333333333,21,3,0,1.2354069444444449,1.0675766988920778,3.3398628182148724,3.5655597222222255,3.5655597222222255,1.0696679166666676,8.55734333333334,"Review the active loads during this period and consider shifting flexible usage. This occurred during an evening period, so peak-load shifting may help reduce consumption.",Moderate
2007-10-27 08:00:00,2.86683333333333,0.0888,239.254666666667,12.0666666666667,0.0,3.38333333333333,13.4,8,5,1,0.8658138888888884,0.5489399050129399,3.645243179027534,2.0010194444444416,2.0010194444444416,0.6003058333333324,4.802446666666659,Review the active loads during this period and consider shifting flexible usage. Consider scheduling flexible loads outside high-consumption periods.,Moderate
2007-10-27 09:00:00,3.19163333333333,0.073766666666667,236.967666666667,13.4966666666667,0.0,9.25,17.2166666666667,9,5,1,0.8904763888888884,0.623265206962929,3.692099155763257,2.301156944444442,2.301156944444442,0.6903470833333326,5.522776666666661,Review the active loads during this period and consider shifting flexible usage. Consider scheduling flexible loads outside high-consumption periods.,Moderate
2007-10-27 10:00:00,4.33676666666667,0.084466666666667,233.581333333333,18.6133333333333,0.0,35.0333333333333,16.75,10,5,1,0.959641666666666,0.771896455488146,4.3751010592014135,3.3771250000000044,3.3771250000000044,1.0131375000000014,8.10510000000001,Review the active loads during this period and consider shifting flexible usage. Consider scheduling flexible loads outside high-consumption periods.,Moderate
2007-10-29 00:00:00,1.067,0.057033333333333,242.256833333333,4.35,0.0,0.0,13.25,0,0,0,0.3556652777777778,0.18909763587021944,3.7617324983926395,0.7113347222222222,0.7113347222222222,0.21340041666666665,1.7072033333333332,Review the active loads during this period and consider shifting flexible usage. Consider scheduling flexible loads outside high-consumption periods.,Moderate
2007-10-29 11:00:00,1.2306,0.062033333333333,238.848,5.10666666666667,0.0,0.283333333333333,16.1,11,0,0,0.349875,0.21032989162070603,4.187350610098905,0.880725,0.880725,0.2642175,2.11374,Review the active loads during this period and consider shifting flexible usage. Consider scheduling flexible loads outside high-consumption periods.,Moderate
2007-10-29 22:00:00,1.1052,0.060433333333333,239.900333333333,4.57,0.0,0.283333333333333,13.9666666666667,22,0,0,0.34783749999999997,0.25143817870671886,3.0121221204175144,0.7573624999999999,0.7573624999999999,0.22720874999999996,1.8176699999999997,"Review the active loads during this period and consider shifting flexible usage. This occurred during an evening period, so peak-load shifting may help reduce consumption.",Moderate
2007-10-30 13:00:00,3.35703333333333,0.0958,237.704166666667,14.2833333333333,0.0,23.1833333333333,14.9,13,1,0,0.3737347222222221,0.2581551128072373,11.556225165056937,2.983298611111108,2.983298611111108,0.8949895833333323,7.159916666666659,Investigate the high-load source immediately and switch off or postpone non-essential equipment. Consider scheduling flexible loads outside high-consumption periods.,Critical
2007-10-31 12:00:00,2.74963333333333,0.176533333333333,237.049666666667,11.76,0.0,28.3333333333333,1.66666666666667,12,2,0,0.5947777777777777,0.6944746213346722,3.1028571662046556,2.154855555555552,2.154855555555552,0.6464566666666657,5.171653333333325,Review the active loads during this period and consider shifting flexible usage. Consider scheduling flexible loads outside high-consumption periods.,Moderate
2007-10-31 13:00:00,3.67363333333333,0.254366666666667,235.995333333333,15.65,0.0,27.65,17.0833333333333,13,2,0,0.6697305555555554,0.8202499437570788,3.6621798034129407,3.0039027777777747,3.0039027777777747,0.9011708333333324,7.209366666666659,Review the active loads during this period and consider shifting flexible usage. Consider scheduling flexible loads outside high-consumption periods.,Moderate
2007-11-02 05:00:00,1.19513333333333,0.076466666666667,241.5685,4.89333333333333,0.0,0.266666666666667,15.25,5,4,0,0.34383611111111123,0.2502673723702467,3.401550965911792,0.8512972222222188,0.8512972222222188,0.2553891666666656,2.043113333333325,Review the active loads during this period and consider shifting flexible usage. Consider scheduling flexible loads outside high-consumption periods.,Moderate
2007-11-02 11:00:00,2.2435,0.089633333333333,235.982166666667,9.58333333333333,14.0166666666667,2.06666666666667,13.3,11,4,0,0.3437722222222221,0.2687005314843407,7.070055899344174,1.899727777777778,1.899727777777778,0.5699183333333333,4.559346666666666,Reduce non-essential loads and shift flexible equipment usage to a lower-consumption period. Consider scheduling flexible loads outside high-consumption periods.,High
2007-11-02 12:00:00,2.65643333333333,0.051733333333333,236.717333333333,11.23,8.41666666666667,10.6166666666667,17.2,12,4,0,0.4254583333333332,0.4711564384498556,4.735104559623747,2.230974999999997,2.230974999999997,0.6692924999999991,5.3543399999999925,Review the active loads during this period and consider shifting flexible usage. Consider scheduling flexible loads outside high-consumption periods.,Moderate
2007-11-02 17:00:00,3.0781,0.1514,236.925166666667,13.02,0.0,4.2,17.2333333333333,17,4,0,0.7514569444444442,0.7729789231291168,3.0099695941734215,2.326643055555556,2.326643055555556,0.6979929166666667,5.583943333333334,"Review the active loads during this period and consider shifting flexible usage. This occurred during an evening period, so peak-load shifting may help reduce consumption.",Moderate
2007-11-04 07:00:00,0.9623,0.0623,240.605833333333,3.98,0.0,0.266666666666667,11.5833333333333,7,6,1,0.3543930555555555,0.1925305509301454,3.1574570451678987,0.6079069444444445,0.6079069444444445,0.18237208333333335,1.4589766666666668,Review the active loads during this period and consider shifting flexible usage. Consider scheduling flexible loads outside high-consumption periods.,Moderate
2007-11-04 15:00:00,1.11096666666667,0.084766666666667,241.662,4.69,0.0,4.61666666666667,7.66666666666667,15,6,1,0.37204305555555556,0.21973736903550092,3.362758070484285,0.7389236111111144,0.7389236111111144,0.2216770833333343,1.7734166666666744,Review the active loads during this period and consider shifting flexible usage. Consider scheduling flexible loads outside high-consumption periods.,Moderate
2007-11-04 17:00:00,2.50396666666667,0.294833333333333,236.5195,10.65,0.0,0.35,14.0333333333333,17,6,1,0.4291944444444445,0.2743680282825223,7.562004345804426,2.0747722222222253,2.0747722222222253,0.6224316666666676,4.979453333333341,"Reduce non-essential loads and shift flexible equipment usage to a lower-consumption period. This occurred during an evening period, so peak-load shifting may help reduce consumption.",High
2007-11-04 18:00:00,4.84356666666667,0.1097,233.572833333333,20.7166666666667,0.0,30.7833333333333,16.7333333333333,18,6,1,0.5218333333333336,0.5025167954988706,8.600176893675686,4.321733333333337,4.321733333333337,1.296520000000001,10.372160000000008,"Reduce non-essential loads and shift flexible equipment usage to a lower-consumption period. This occurred during an evening period, so peak-load shifting may help reduce consumption.",High
2007-11-06 11:00:00,3.21403333333333,0.173033333333333,236.064,13.7333333333333,0.0,24.2333333333333,17.1,11,1,0,1.237070833333334,0.5907076450855839,3.346769787808597,1.976962499999996,1.976962499999996,0.5930887499999987,4.74470999999999,Review the active loads during this period and consider shifting flexible usage. Consider scheduling flexible loads outside high-consumption periods.,Moderate
2007-11-07 19:00:00,4.48336666666667,0.2271,230.576833333333,19.5866666666667,18.4666666666667,0.333333333333333,12.2,19,2,0,1.0815069444444447,0.8310803126563279,4.093298409812022,3.401859722222225,3.401859722222225,1.0205579166666674,8.16446333333334,"Review the active loads during this period and consider shifting flexible usage. This occurred during an evening period, so peak-load shifting may help reduce consumption.",Moderate
2007-11-12 20:00:00,4.75983333333333,0.231233333333333,235.347,20.32,0.0,26.5333333333333,13.4666666666667,20,0,0,1.3492916666666674,0.9294640794565414,3.6693636064567547,3.4105416666666626,3.4105416666666626,1.0231624999999986,8.18529999999999,"Review the active loads during this period and consider shifting flexible usage. This occurred during an evening period, so peak-load shifting may help reduce consumption.",Moderate
2007-11-17 18:00:00,4.91236666666667,0.190633333333333,232.0705,21.1833333333333,0.0,22.1666666666667,16.55,18,5,1,1.3923319444444446,0.9343148075781623,3.7675039437151896,3.520034722222225,3.520034722222225,1.0560104166666675,8.44808333333334,"Review the active loads during this period and consider shifting flexible usage. This occurred during an evening period, so peak-load shifting may help reduce consumption.",Moderate
2007-11-22 19:00:00,4.58306666666667,0.333033333333333,234.740666666667,19.6166666666667,19.9666666666667,0.0,6.31666666666667,19,3,0,1.225009628060263,0.8895153276794283,3.7751536529077265,3.358057038606407,3.358057038606407,1.0074171115819222,8.059336892655377,"Review the active loads during this period and consider shifting flexible usage. This occurred during an evening period, so peak-load shifting may help reduce consumption.",Moderate
2007-11-25 19:00:00,3.1197,0.215766666666667,239.328333333333,13.2133333333333,21.0,0.333333333333333,0.0,19,6,1,0.7562652777777776,0.5940139086905233,3.978753169992782,2.3634347222222223,2.3634347222222223,0.7090304166666667,5.672243333333333,"Review the active loads during this period and consider shifting flexible usage. This occurred during an evening period, so peak-load shifting may help reduce consumption.",Moderate
2007-11-25 20:00:00,3.75123333333333,0.086066666666667,239.246666666667,15.6733333333333,8.41666666666667,0.0,16.0166666666667,20,6,1,0.8552263888888887,0.765172819163352,3.7847749840499634,2.896006944444441,2.896006944444441,0.8688020833333323,6.9504166666666585,"Review the active loads during this period and consider shifting flexible usage. This occurred during an evening period, so peak-load shifting may help reduce consumption.",Moderate
2007-11-30 13:00:00,4.56323333333333,0.227266666666667,240.5225,19.1666666666667,0.0,41.8333333333333,17.7333333333333,13,4,0,1.2882680555555555,0.8520913200067434,3.8434440075646554,3.274965277777775,3.274965277777775,0.9824895833333325,7.85991666666666,Review the active loads during this period and consider shifting flexible usage. Consider scheduling flexible loads outside high-consumption periods.,Moderate
2007-12-04 12:00:00,4.05403333333333,0.2214,238.582666666667,17.1366666666667,8.95,27.4833333333333,14.2833333333333,12,1,0,1.1039069444444438,0.8938770433325929,3.300371578947918,2.9501263888888865,2.9501263888888865,0.8850379166666659,7.080303333333327,Review the active loads during this period and consider shifting flexible usage. Consider scheduling flexible loads outside high-consumption periods.,Moderate
2007-12-04 21:00:00,5.06606666666667,0.125666666666667,237.411833333333,21.3833333333333,0.0,33.8666666666667,11.6666666666667,21,1,0,1.3426527777777768,1.0077139033507663,3.6949116971673286,3.723413888888893,3.723413888888893,1.1170241666666678,8.936193333333343,"Review the active loads during this period and consider shifting flexible usage. This occurred during an evening period, so peak-load shifting may help reduce consumption.",Moderate
2007-12-06 20:00:00,4.73903333333333,0.3196,234.478666666667,20.3333333333333,23.1833333333333,0.1,15.8333333333333,20,3,0,1.478798611111112,0.9198043636498413,3.5444871225500627,3.2602347222222177,3.2602347222222177,0.9780704166666653,7.824563333333322,"Review the active loads during this period and consider shifting flexible usage. This occurred during an evening period, so peak-load shifting may help reduce consumption.",Moderate
2007-12-08 18:00:00,3.89536666666667,0.0719,233.1605,16.6733333333333,0.0,0.0,13.2166666666667,18,5,1,1.0686902777777776,0.7175762332865383,3.939200126434735,2.8266763888888926,2.8266763888888926,0.8480029166666677,6.784023333333342,"Review the active loads during this period and consider shifting flexible usage. This occurred during an evening period, so peak-load shifting may help reduce consumption.",Moderate
2007-12-08 20:00:00,5.21293333333333,0.236533333333333,234.766333333333,22.22,0.0,25.15,16.9166666666667,20,5,1,1.261944444444444,1.0217310236564667,3.866955977072606,3.950988888888886,3.950988888888886,1.1852966666666658,9.482373333333326,"Review the active loads during this period and consider shifting flexible usage. This occurred during an evening period, so peak-load shifting may help reduce consumption.",Moderate
2007-12-13 20:00:00,4.14263333333333,0.0739,236.620833333333,17.59,0.0,13.3,11.0166666666667,20,3,0,1.1443416666666664,0.7707460955413705,3.8901159331344637,2.9982916666666632,2.9982916666666632,0.899487499999999,7.195899999999992,"Review the active loads during this period and consider shifting flexible usage. This occurred during an evening period, so peak-load shifting may help reduce consumption.",Moderate
2007-12-14 12:00:00,4.4303,0.188,237.458,18.8066666666667,9.01666666666667,32.7833333333333,17.3166666666667,12,4,0,1.2855624999999993,0.9877998412669436,3.1835776527019757,3.1447375000000006,3.1447375000000006,0.9434212500000001,7.547370000000001,Review the active loads during this period and consider shifting flexible usage. Consider scheduling flexible loads outside high-consumption periods.,Moderate
2007-12-15 17:00:00,4.33306666666667,0.058666666666667,233.744666666667,18.55,8.56666666666667,0.15,16.7833333333333,17,5,1,1.3539513888888892,0.9195856394107851,3.2396278824956615,2.9791152777777805,2.9791152777777805,0.8937345833333341,7.149876666666673,"Review the active loads during this period and consider shifting flexible usage. This occurred during an evening period, so peak-load shifting may help reduce consumption.",Moderate
2007-12-22 14:00:00,4.2451,0.0807,239.144333333333,17.8433333333333,10.0333333333333,37.2833333333333,17.55,14,5,1,1.3508388888888894,0.8478339604597427,3.4137121725363317,2.8942611111111107,2.8942611111111107,0.8682783333333332,6.946226666666665,Review the active loads during this period and consider shifting flexible usage. Consider scheduling flexible loads outside high-consumption periods.,Moderate
2007-12-22 20:00:00,4.9255,0.347066666666667,235.427,21.2566666666667,15.9333333333333,18.8,0.083333333333333,20,5,1,1.451366666666667,1.0168807065257666,3.416461056875508,3.4741333333333335,3.4741333333333335,1.04224,8.33792,"Review the active loads during this period and consider shifting flexible usage. This occurred during an evening period, so peak-load shifting may help reduce consumption.",Moderate
2007-12-23 19:00:00,6.488,0.420266666666667,233.127166666667,27.9433333333333,12.7,38.2333333333333,11.9666666666667,19,6,1,1.748633333333334,1.2559366207969769,3.7735715227884805,4.739366666666666,4.739366666666666,1.4218099999999998,11.374479999999998,"Review the active loads during this period and consider shifting flexible usage. This occurred during an evening period, so peak-load shifting may help reduce consumption.",Moderate
2007-12-27 19:00:00,5.1752,0.329833333333333,233.866,22.34,23.4666666666667,4.95,8.86666666666667,19,3,0,1.210602777777777,0.8805927790437652,4.502191383544361,3.964597222222223,3.964597222222223,1.1893791666666669,9.515033333333335,"Review the active loads during this period and consider shifting flexible usage. This occurred during an evening period, so peak-load shifting may help reduce consumption.",Moderate
2007-12-29 19:00:00,5.2267,0.301933333333333,233.8785,22.37,24.9666666666667,0.183333333333333,16.8,19,5,1,2.3734791666666673,0.8676436186960615,3.2884709480388925,2.853220833333333,2.853220833333333,0.8559662499999998,6.8477299999999985,"Review the active loads during this period and consider shifting flexible usage. This occurred during an evening period, so peak-load shifting may help reduce consumption.",Moderate
2008-01-08 13:00:00,4.36503333333333,0.153966666666667,235.920166666667,18.6866666666667,7.71666666666667,33.6666666666667,17.1,13,1,0,1.099715277777778,1.0251081625965826,3.1853400203979976,3.265318055555552,3.265318055555552,0.9795954166666655,7.836763333333324,Review the active loads during this period and consider shifting flexible usage. Consider scheduling flexible loads outside high-consumption periods.,Moderate
2008-01-11 22:00:00,3.05746666666667,0.050266666666667,237.574,12.8933333333333,11.0166666666667,0.0,17.3333333333333,22,4,0,1.0319291666666668,0.6068220591967458,3.3379430910623453,2.025537500000003,2.025537500000003,0.6076612500000009,4.861290000000007,"Review the active loads during this period and consider shifting flexible usage. This occurred during an evening period, so peak-load shifting may help reduce consumption.",Moderate
2008-01-12 18:00:00,5.1968,0.142166666666667,231.193166666667,22.5566666666667,17.5166666666667,0.183333333333333,11.7666666666667,18,5,1,1.4480166666666674,0.8447552476343638,4.437715354632424,3.748783333333332,3.748783333333332,1.1246349999999996,8.997079999999997,"Review the active loads during this period and consider shifting flexible usage. This occurred during an evening period, so peak-load shifting may help reduce consumption.",Moderate
2008-01-14 20:00:00,5.13686666666667,0.122066666666667,232.358333333333,22.24,39.2333333333333,0.0,13.15,20,0,0,1.1706361111111108,0.8879453600348401,4.466750696686941,3.9662305555555593,3.9662305555555593,1.1898691666666676,9.518953333333341,"Review the active loads during this period and consider shifting flexible usage. This occurred during an evening period, so peak-load shifting may help reduce consumption.",Moderate
2008-01-14 21:00:00,4.7452,0.1255,234.259,20.3033333333333,41.0,0.0,6.98333333333333,21,0,0,1.2631,1.1535903604443565,3.0184891616628233,3.4821,3.4821,1.04463,8.35704,"Review the active loads during this period and consider shifting flexible usage. This occurred during an evening period, so peak-load shifting may help reduce consumption.",Moderate
2008-01-24 20:00:00,3.5317,0.0827,234.571666666667,15.1266666666667,8.63333333333333,0.633333333333333,12.2,20,3,0,0.9977902777777778,0.8353011841020183,3.0335282296364454,2.533909722222222,2.533909722222222,0.7601729166666665,6.081383333333332,"Review the active loads during this period and consider shifting flexible usage. This occurred during an evening period, so peak-load shifting may help reduce consumption.",Moderate
2008-01-26 18:00:00,3.7629,0.205,232.4695,16.2966666666667,11.6333333333333,0.133333333333333,16.6,18,5,1,1.4534555555555562,0.7028268536759109,3.2859365466268597,2.309444444444444,2.309444444444444,0.6928333333333332,5.5426666666666655,"Review the active loads during this period and consider shifting flexible usage. This occurred during an evening period, so peak-load shifting may help reduce consumption.",Moderate
2008-01-26 19:00:00,6.0138,0.460766666666667,231.192666666667,26.16,32.4666666666667,0.0,16.45,19,5,1,1.5492319444444451,0.8463340497213772,5.275184257357177,4.464568055555555,4.464568055555555,1.3393704166666665,10.714963333333332,"Review the active loads during this period and consider shifting flexible usage. This occurred during an evening period, so peak-load shifting may help reduce consumption.",Moderate
2008-01-29 12:00:00,3.9499,0.129133333333333,237.089666666667,16.82,14.6333333333333,14.5166666666667,17.2666666666667,12,1,0,1.5215416666666666,0.6733938453401703,3.6061486901571382,2.4283583333333336,2.4283583333333336,0.7285075000000001,5.828060000000001,Review the active loads during this period and consider shifting flexible usage. Consider scheduling flexible loads outside high-consumption periods.,Moderate
2008-01-29 13:00:00,4.46046666666667,0.2167,237.019333333333,19.0033333333333,9.6,32.4833333333333,17.25,13,1,0,1.6065333333333331,0.8341135322230857,3.4215166438158744,2.8539333333333365,2.8539333333333365,0.8561800000000009,6.8494400000000075,Review the active loads during this period and consider shifting flexible usage. Consider scheduling flexible loads outside high-consumption periods.,Moderate
2008-01-31 20:00:00,3.80693333333333,0.0607,239.271166666667,15.95,9.11666666666667,0.033333333333333,15.6833333333333,20,3,0,0.916930555555556,0.6312124061923037,4.578494892410769,2.890002777777774,2.890002777777774,0.8670008333333322,6.936006666666658,"Review the active loads during this period and consider shifting flexible usage. This occurred during an evening period, so peak-load shifting may help reduce consumption.",Moderate
2008-01-31 21:00:00,3.93023333333333,0.179633333333333,237.301666666667,16.6,10.2,0.0,17.3,21,3,0,1.056502777777778,0.8555980234158472,3.358739123873396,2.873730555555552,2.873730555555552,0.8621191666666655,6.896953333333324,"Review the active loads during this period and consider shifting flexible usage. This occurred during an evening period, so peak-load shifting may help reduce consumption.",Moderate
2008-02-02 08:00:00,2.51703333333333,0.080633333333333,240.597,10.49,0.0,0.0,12.9833333333333,8,5,1,0.842379166666667,0.5177744993293876,3.234331101349421,1.674654166666663,1.674654166666663,0.5023962499999989,4.019169999999991,Review the active loads during this period and consider shifting flexible usage. Consider scheduling flexible loads outside high-consumption periods.,Moderate
2008-02-02 16:00:00,3.26538983050847,0.411593220338983,239.851355932203,13.793220338983,13.8813559322034,7.52542372881356,17.6440677966102,16,5,1,1.1137305555555554,0.6994110179781557,3.0763874455007736,2.151659274952914,2.151659274952914,0.6454977824858742,5.1639822598869936,Review the active loads during this period and consider shifting flexible usage. Consider scheduling flexible loads outside high-consumption periods.,Moderate
2008-02-02 19:00:00,6.49603333333333,0.4274,231.303333333333,28.2,19.1666666666667,30.7,16.4333333333333,19,5,1,1.3332287429378529,0.8867218393579573,5.822349649280855,5.162804590395478,5.162804590395478,1.5488413771186433,12.390731016949147,"Review the active loads during this period and consider shifting flexible usage. This occurred during an evening period, so peak-load shifting may help reduce consumption.",Moderate
2008-02-09 20:00:00,3.92086666666667,0.324833333333333,237.060166666667,16.5633333333333,0.0,21.3666666666667,13.0666666666667,20,5,1,1.3118652777777773,0.8332371559269943,3.131163043235059,2.6090013888888928,2.6090013888888928,0.7827004166666678,6.261603333333342,"Review the active loads during this period and consider shifting flexible usage. This occurred during an evening period, so peak-load shifting may help reduce consumption.",Moderate
2008-02-13 19:00:00,3.0848,0.0635,233.940333333333,13.1733333333333,0.0,0.833333333333333,4.38333333333333,19,2,0,1.0744500000000001,0.6665535658409325,3.0160366743574714,2.01035,2.01035,0.6031049999999999,4.824839999999999,"Review the active loads during this period and consider shifting flexible usage. This occurred during an evening period, so peak-load shifting may help reduce consumption.",Moderate
2008-02-15 21:00:00,3.86523333333333,0.056966666666667,235.774,16.43,8.98333333333333,0.133333333333333,16.7166666666667,21,4,0,1.2513513888888887,0.7801675266632275,3.350411104168871,2.6138819444444414,2.6138819444444414,0.7841645833333324,6.273316666666659,"Review the active loads during this period and consider shifting flexible usage. This occurred during an evening period, so peak-load shifting may help reduce consumption.",Moderate
2008-02-20 19:00:00,4.7124,0.315866666666667,235.981333333333,20.2,19.7333333333333,5.46666666666667,3.91666666666667,19,2,0,1.2468402777777776,0.9528381765665251,3.6370915937794233,3.4655597222222223,3.4655597222222223,1.0396679166666667,8.317343333333334,"Review the active loads during this period and consider shifting flexible usage. This occurred during an evening period, so peak-load shifting may help reduce consumption.",Moderate
2008-02-23 19:00:00,3.94886666666667,0.275566666666667,233.513833333333,16.9633333333333,9.56666666666667,0.366666666666667,16.75,19,5,1,1.0655053160919536,0.9068243193927582,3.1796250816315976,2.8833613505747167,2.8833613505747167,0.865008405172415,6.92006724137932,"Review the active loads during this period and consider shifting flexible usage. This occurred during an evening period, so peak-load shifting may help reduce consumption.",Moderate
2008-02-25 16:00:00,1.09046666666667,0.043866666666667,241.0565,4.45,0.0,0.0,13.7833333333333,16,0,0,0.3464319444444444,0.19689290217152963,3.7788803660074843,0.7440347222222257,0.7440347222222257,0.2232104166666677,1.7856833333333415,Review the active loads during this period and consider shifting flexible usage. Consider scheduling flexible loads outside high-consumption periods.,Moderate
2008-02-27 22:00:00,1.23496666666667,0.037366666666667,239.245166666667,5.09,0.0,0.0,16.2833333333333,22,2,0,0.3509569444444443,0.1948913262097821,4.535911060868213,0.8840097222222258,0.8840097222222258,0.26520291666666773,2.121623333333342,"Review the active loads during this period and consider shifting flexible usage. This occurred during an evening period, so peak-load shifting may help reduce consumption.",Moderate
2008-02-29 06:00:00,0.950466666666667,0.062833333333333,239.572666666667,3.95,0.0,0.333333333333333,11.2166666666667,6,4,0,0.35407361111111113,0.19384674283602546,3.0766214940224375,0.5963930555555559,0.5963930555555559,0.17891791666666676,1.431343333333334,Review the active loads during this period and consider shifting flexible usage. Consider scheduling flexible loads outside high-consumption periods.,Moderate
2008-02-29 10:00:00,2.12136666666667,0.069633333333333,235.490666666667,8.98666666666667,0.0,9.98333333333333,14.5666666666667,10,4,0,0.37610138888888883,0.2206391605693218,7.910043136832197,1.745265277777781,1.745265277777781,0.5235795833333343,4.188636666666675,Reduce non-essential loads and shift flexible equipment usage to a lower-consumption period. Consider scheduling flexible loads outside high-consumption periods.,High
2008-02-29 11:00:00,2.8479,0.056966666666667,236.2355,12.0266666666667,0.0,21.05,17.1333333333333,11,4,0,0.45417361111111115,0.4171767441305918,5.737919053655503,2.393726388888889,2.393726388888889,0.7181179166666667,5.7449433333333335,Review the active loads during this period and consider shifting flexible usage. Consider scheduling flexible loads outside high-consumption periods.,Moderate
2008-02-29 12:00:00,2.71083333333333,0.1429,237.3125,11.4666666666667,0.0,18.9333333333333,17.3,12,4,0,0.5623555555555556,0.6396609486619912,3.358775898813029,2.1484777777777744,2.1484777777777744,0.6445433333333322,5.156346666666658,Review the active loads during this period and consider shifting flexible usage. Consider scheduling flexible loads outside high-consumption periods.,Moderate
2008-03-01 20:00:00,2.3046,0.110933333333333,237.202333333333,9.70666666666667,0.0,10.4833333333333,0.0,20,5,1,0.6706430555555555,0.2523678490894321,6.474505173063531,1.6339569444444448,1.6339569444444448,0.49018708333333344,3.9214966666666675,"Reduce non-essential loads and shift flexible equipment usage to a lower-consumption period. This occurred during an evening period, so peak-load shifting may help reduce consumption.",High
2008-03-02 11:00:00,2.9585,0.113,235.497,12.6433333333333,0.0,37.6,5.25,11,6,1,0.6924513888888889,0.5007631432142868,4.5251904853976495,2.266048611111111,2.266048611111111,0.6798145833333333,5.438516666666667,Review the active loads during this period and consider shifting flexible usage. Consider scheduling flexible loads outside high-consumption periods.,Moderate
2008-03-03 17:00:00,1.65656666666667,0.107333333333333,241.481166666667,6.90333333333333,0.0,17.8833333333333,0.0,17,0,0,0.6893333333333332,0.2950189758901383,3.278546169496309,0.9672333333333368,0.9672333333333368,0.29017000000000104,2.3213600000000083,"Review the active loads during this period and consider shifting flexible usage. This occurred during an evening period, so peak-load shifting may help reduce consumption.",Moderate
2008-03-04 16:00:00,3.4114,0.101333333333333,238.775,14.38,14.6,8.91666666666667,17.5,16,1,0,0.8610652777777782,0.4174724853069055,6.108988764486694,2.550334722222222,2.550334722222222,0.7651004166666665,6.120803333333332,Reduce non-essential loads and shift flexible equipment usage to a lower-consumption period. Consider scheduling flexible loads outside high-consumption periods.,High
2008-03-04 17:00:00,3.4702,0.064033333333333,238.0065,14.7233333333333,6.21666666666667,16.3333333333333,17.3833333333333,17,1,0,0.9716527777777784,0.6662172588082474,3.750348987793726,2.498547222222222,2.498547222222222,0.7495641666666665,5.996513333333332,"Review the active loads during this period and consider shifting flexible usage. This occurred during an evening period, so peak-load shifting may help reduce consumption.",Moderate
2008-03-05 18:00:00,3.40166666666667,0.2277,236.717833333333,14.5466666666667,0.0,27.2,0.0,18,2,0,0.9046694444444442,0.8054641461397178,3.1000724665267603,2.496997222222226,2.496997222222226,0.7490991666666678,5.992793333333342,"Review the active loads during this period and consider shifting flexible usage. This occurred during an evening period, so peak-load shifting may help reduce consumption.",Moderate
2008-03-05 21:00:00,4.64876666666667,0.051333333333333,235.7145,19.7933333333333,8.8,15.6833333333333,9.8,21,2,0,1.0626583333333335,1.017355929633471,3.524929898059694,3.5861083333333363,3.5861083333333363,1.0758325000000009,8.606660000000007,"Review the active loads during this period and consider shifting flexible usage. This occurred during an evening period, so peak-load shifting may help reduce consumption.",Moderate
2008-03-07 11:00:00,4.50973333333333,0.076333333333333,235.882666666667,19.2233333333333,0.0,41.3833333333333,17.0666666666667,11,4,0,1.2230958333333335,0.7414383647518099,4.4327858608991315,3.286637499999996,3.286637499999996,0.9859912499999988,7.88792999999999,Review the active loads during this period and consider shifting flexible usage. Consider scheduling flexible loads outside high-consumption periods.,Moderate
2008-03-08 19:00:00,4.41963333333333,0.368033333333333,235.974666666667,18.8566666666667,19.7166666666667,0.7,17.0833333333333,19,5,1,1.3640527777777784,0.9937336082404223,3.0748487625028473,3.0555805555555517,3.0555805555555517,0.9166741666666655,7.333393333333324,"Review the active loads during this period and consider shifting flexible usage. This occurred during an evening period, so peak-load shifting may help reduce consumption.",Moderate
2008-03-11 12:00:00,3.68763333333333,0.329066666666667,235.826833333333,15.9566666666667,0.0,20.55,17.0833333333333,12,1,0,0.9937805555555556,0.7431289994657829,3.6250136648069433,2.6938527777777748,2.6938527777777748,0.8081558333333324,6.465246666666659,Review the active loads during this period and consider shifting flexible usage. Consider scheduling flexible loads outside high-consumption periods.,Moderate
2008-03-13 20:00:00,4.6837,0.067966666666667,234.262166666667,20.12,9.53333333333333,14.0166666666667,16.85,20,3,0,1.0697555555555558,0.9065980133676579,3.9862699798117256,3.613944444444444,3.613944444444444,1.084183333333333,8.673466666666664,"Review the active loads during this period and consider shifting flexible usage. This occurred during an evening period, so peak-load shifting may help reduce consumption.",Moderate
2008-03-13 21:00:00,5.01416666666667,0.114966666666667,234.5005,21.4733333333333,10.1166666666667,28.4,15.3166666666667,21,3,0,1.1474583333333337,1.1182395925311988,3.4578531820545026,3.866708333333336,3.866708333333336,1.1600125000000008,9.280100000000006,"Review the active loads during this period and consider shifting flexible usage. This occurred during an evening period, so peak-load shifting may help reduce consumption.",Moderate
2008-03-16 18:00:00,3.04603333333333,0.245,238.998166666667,13.05,17.6666666666667,0.0,9.18333333333334,18,6,1,0.9442263888888885,0.5825017588229242,3.6082413702777734,2.101806944444441,2.101806944444441,0.6305420833333323,5.044336666666658,"Review the active loads during this period and consider shifting flexible usage. This occurred during an evening period, so peak-load shifting may help reduce consumption.",Moderate
2008-03-18 16:00:00,3.7211,0.0904,237.816166666667,15.73,0.0,36.3666666666667,17.35,16,1,0,1.0494291666666669,0.6698888662111553,3.988229940951425,2.6716708333333328,2.6716708333333328,0.8015012499999998,6.412009999999999,Review the active loads during this period and consider shifting flexible usage. Consider scheduling flexible loads outside high-consumption periods.,Moderate
2008-03-21 16:00:00,3.63283333333333,0.2351,239.503166666667,15.2166666666667,3.66666666666667,32.2833333333333,17.6,16,4,0,1.0969958333333336,0.781683656087576,3.2440712815874635,2.5358374999999964,2.5358374999999964,0.7607512499999989,6.086009999999991,Review the active loads during this period and consider shifting flexible usage. Consider scheduling flexible loads outside high-consumption periods.,Moderate
2008-03-28 11:00:00,3.4577,0.1234,239.447666666667,14.5066666666667,0.0,30.6666666666667,17.5833333333333,11,4,0,1.0408333333333328,0.7268530739503718,3.325110332864447,2.4168666666666674,2.4168666666666674,0.7250600000000001,5.800480000000001,Review the active loads during this period and consider shifting flexible usage. Consider scheduling flexible loads outside high-consumption periods.,Moderate
2008-03-28 19:00:00,3.82596666666667,0.2815,236.4595,16.31,19.9833333333333,0.1,11.6833333333333,19,4,0,1.1661263888888882,0.8819579532507925,3.0158356959919983,2.659840277777782,2.659840277777782,0.7979520833333346,6.3836166666666765,"Review the active loads during this period and consider shifting flexible usage. This occurred during an evening period, so peak-load shifting may help reduce consumption.",Moderate
2008-04-01 14:00:00,3.89376666666667,0.3283,241.493333333333,16.2933333333333,0.0,29.6166666666667,17.8833333333333,14,1,0,1.1570319444444448,0.901426820492542,3.036003211804666,2.7367347222222254,2.7367347222222254,0.8210204166666676,6.568163333333341,Review the active loads during this period and consider shifting flexible usage. Consider scheduling flexible loads outside high-consumption periods.,Moderate
2008-04-02 21:00:00,3.40636666666667,0.075766666666667,235.206,14.4566666666667,5.56666666666667,0.6,16.3333333333333,21,2,0,1.055947222222222,0.760728731918823,3.0896945860265737,2.350419444444448,2.350419444444448,0.7051258333333343,5.641006666666675,"Review the active loads during this period and consider shifting flexible usage. This occurred during an evening period, so peak-load shifting may help reduce consumption.",Moderate
2008-04-05 20:00:00,3.84123333333333,0.2773,236.167333333333,16.4,19.8166666666667,1.08333333333333,17.75,20,5,1,1.3399569444444446,0.7792445596330997,3.2098734061955967,2.5012763888888854,2.5012763888888854,0.7503829166666656,6.0030633333333245,"Review the active loads during this period and consider shifting flexible usage. This occurred during an evening period, so peak-load shifting may help reduce consumption.",Moderate
2008-04-12 14:00:00,3.50823333333333,0.524666666666667,240.4965,14.86,18.4333333333333,8.05,19.15,14,5,1,1.1933013888888886,0.6703221277307766,3.4534619232713055,2.3149319444444414,2.3149319444444414,0.6944795833333324,5.555836666666659,Review the active loads during this period and consider shifting flexible usage. Consider scheduling flexible loads outside high-consumption periods.,Moderate
2008-04-12 18:00:00,5.65643333333333,0.407166666666667,237.866,23.9733333333333,23.6166666666667,20.8166666666667,18.6166666666667,18,5,1,1.502972222222222,0.9514397161132878,4.365448531072835,4.153461111111108,4.153461111111108,1.2460383333333322,9.968306666666658,"Review the active loads during this period and consider shifting flexible usage. This occurred during an evening period, so peak-load shifting may help reduce consumption.",Moderate
2008-04-15 12:00:00,4.46356666666667,0.238866666666667,235.7335,19.2033333333333,8.3,31.3166666666667,17.6833333333333,12,1,0,1.0759069444444445,0.7810689418239878,4.3372096121389845,3.3876597222222253,3.3876597222222253,1.0162979166666675,8.13038333333334,Review the active loads during this period and consider shifting flexible usage. Consider scheduling flexible loads outside high-consumption periods.,Moderate
2008-04-17 20:00:00,3.03693333333333,0.317166666666667,237.146333333333,12.9533333333333,15.3833333333333,0.966666666666667,11.1333333333333,20,3,0,0.8394111111111112,0.5932899162315985,3.7039601754572673,2.197522222222219,2.197522222222219,0.6592566666666657,5.274053333333326,"Review the active loads during this period and consider shifting flexible usage. This occurred during an evening period, so peak-load shifting may help reduce consumption.",Moderate
2008-04-17 21:00:00,3.8928,0.126066666666667,237.422333333333,16.45,13.2666666666667,0.2,18.5666666666667,21,3,0,0.8759583333333333,0.6962463825698114,4.333008748327929,3.0168416666666666,3.0168416666666666,0.9050524999999999,7.240419999999999,"Review the active loads during this period and consider shifting flexible usage. This occurred during an evening period, so peak-load shifting may help reduce consumption.",Moderate
2008-04-19 15:00:00,3.53363333333333,0.498533333333333,239.9435,15.1133333333333,22.55,18.25,6.5,15,5,1,1.05305,0.7208434661598262,3.441223302679326,2.48058333333333,2.48058333333333,0.744174999999999,5.953399999999992,Review the active loads during this period and consider shifting flexible usage. Consider scheduling flexible loads outside high-consumption periods.,Moderate
2008-04-20 21:00:00,5.6713,0.2595,233.390833333333,24.36,9.2,37.6,17.3333333333333,21,6,1,1.1959819444444446,0.8393179901545169,5.332088800731719,4.4753180555555545,4.4753180555555545,1.3425954166666663,10.74076333333333,"Review the active loads during this period and consider shifting flexible usage. This occurred during an evening period, so peak-load shifting may help reduce consumption.",Moderate
2008-04-22 13:00:00,2.67953333333333,0.1397,238.96,11.2833333333333,0.0,18.4,9.96666666666667,13,1,0,0.7549486111111104,0.6199292442078204,3.1045232019688953,1.9245847222222197,1.9245847222222197,0.5773754166666659,4.619003333333327,Review the active loads during this period and consider shifting flexible usage. Consider scheduling flexible loads outside high-consumption periods.,Moderate
2008-04-22 15:00:00,3.49406666666667,0.235166666666667,238.4175,14.7333333333333,0.0,31.3166666666667,19.0,15,1,0,0.9586722222222216,0.8404882499626529,3.016573336459027,2.5353944444444485,2.5353944444444485,0.7606183333333345,6.084946666666676,Review the active loads during this period and consider shifting flexible usage. Consider scheduling flexible loads outside high-consumption periods.,Moderate
2008-04-23 20:00:00,2.07743333333333,0.158166666666667,237.573333333333,8.78,6.5,0.55,17.9333333333333,20,2,0,0.713713888888889,0.4503253644921617,3.028298097270907,1.363719444444441,1.363719444444441,0.4091158333333323,3.2729266666666583,"Review the active loads during this period and consider shifting flexible usage. This occurred during an evening period, so peak-load shifting may help reduce consumption.",Moderate
2008-04-23 21:00:00,2.693,0.226933333333333,235.014166666667,11.5166666666667,16.3833333333333,0.766666666666667,1.86666666666667,21,2,0,0.7625944444444445,0.5287516770719939,3.650873631730751,1.9304055555555557,1.9304055555555557,0.5791216666666666,4.632973333333333,"Review the active loads during this period and consider shifting flexible usage. This occurred during an evening period, so peak-load shifting may help reduce consumption.",Moderate
2008-04-25 13:00:00,3.09776666666667,0.140166666666667,237.993333333333,13.17,13.7333333333333,9.13333333333333,18.8166666666667,13,4,0,0.7442569444444449,0.457810392420947,5.140795755589188,2.353509722222225,2.353509722222225,0.7060529166666675,5.64842333333334,Review the active loads during this period and consider shifting flexible usage. Consider scheduling flexible loads outside high-consumption periods.,Moderate
2008-04-26 21:00:00,1.8937,0.1673,238.345666666667,7.97,0.0,0.683333333333333,16.25,21,5,1,0.5441291666666666,0.20424916140240265,6.6074730690055015,1.3495708333333334,1.3495708333333334,0.40487125,3.23897,"Reduce non-essential loads and shift flexible equipment usage to a lower-consumption period. This occurred during an evening period, so peak-load shifting may help reduce consumption.",High
2008-04-29 10:00:00,2.2723,0.108633333333333,236.152833333333,9.80666666666667,8.9,14.2166666666667,6.86666666666667,10,1,0,0.45291805555555537,0.20099040426521436,9.052083611134499,1.8193819444444446,1.8193819444444446,0.5458145833333333,4.366516666666667,Reduce non-essential loads and shift flexible equipment usage to a lower-consumption period. Consider scheduling flexible loads outside high-consumption periods.,High
2008-04-29 11:00:00,2.57716666666667,0.1155,236.8765,10.93,10.65,1.95,17.8333333333333,11,1,0,0.524498611111111,0.42251948741374523,4.858161852178708,2.052668055555559,2.052668055555559,0.6158004166666676,4.926403333333341,Review the active loads during this period and consider shifting flexible usage. Consider scheduling flexible loads outside high-consumption periods.,Moderate
2008-04-29 12:00:00,4.58916666666667,0.279933333333333,239.014666666667,19.3033333333333,3.81666666666667,39.7333333333333,19.0666666666667,12,1,0,0.6032375,0.5950566438602152,6.6984029298612535,3.98592916666667,3.98592916666667,1.195778750000001,9.566230000000008,Reduce non-essential loads and shift flexible equipment usage to a lower-consumption period. Consider scheduling flexible loads outside high-consumption periods.,High
2008-04-29 13:00:00,3.8032,0.447733333333333,239.929333333333,16.0866666666667,0.0,24.55,18.2833333333333,13,1,0,0.7753375,1.006501540555856,3.00830389025318,3.0278625,3.0278625,0.9083587499999999,7.266869999999999,Review the active loads during this period and consider shifting flexible usage. Consider scheduling flexible loads outside high-consumption periods.,Moderate
2008-05-01 14:00:00,1.08333333333333,0.070466666666667,242.852833333333,4.40333333333333,0.0,0.0,13.4166666666667,14,3,0,0.39150694444444456,0.17027032726176786,4.063106003345461,0.6918263888888854,0.6918263888888854,0.2075479166666656,1.6603833333333249,Review the active loads during this period and consider shifting flexible usage. Consider scheduling flexible loads outside high-consumption periods.,Moderate
2008-05-02 09:00:00,1.52886666666667,0.2204,239.287166666667,6.54666666666667,5.9,1.63333333333333,8.33333333333333,9,4,0,0.40804861111111085,0.19820920143685206,5.654722623523829,1.1208180555555591,1.1208180555555591,0.33624541666666774,2.689963333333342,Review the active loads during this period and consider shifting flexible usage. Consider scheduling flexible loads outside high-consumption periods.,Moderate
2008-05-02 10:00:00,2.78996666666667,0.154966666666667,237.445166666667,12.0,7.36666666666667,0.683333333333333,18.65,10,4,0,0.4569555555555554,0.3021389422946015,7.721649825715962,2.3330111111111145,2.3330111111111145,0.6999033333333343,5.599226666666675,Reduce non-essential loads and shift flexible equipment usage to a lower-consumption period. Consider scheduling flexible loads outside high-consumption periods.,High
2008-05-04 18:00:00,3.37043333333333,0.269933333333333,238.9375,14.3333333333333,22.1333333333333,10.5333333333333,8.48333333333333,18,6,1,0.7220486111111112,0.47941416755866423,5.524210383077896,2.648384722222219,2.648384722222219,0.7945154166666657,6.356123333333326,"Review the active loads during this period and consider shifting flexible usage. This occurred during an evening period, so peak-load shifting may help reduce consumption.",Moderate
2008-05-04 19:00:00,3.19326666666667,0.400233333333333,238.298833333333,13.8666666666667,12.9333333333333,17.6833333333333,8.3,19,6,1,0.8471972222222223,0.7162149282654019,3.2756500204853083,2.3460694444444474,2.3460694444444474,0.7038208333333342,5.630566666666674,"Review the active loads during this period and consider shifting flexible usage. This occurred during an evening period, so peak-load shifting may help reduce consumption.",Moderate
2008-05-06 15:00:00,3.81056666666667,0.292866666666667,239.292333333333,16.1033333333333,8.75,20.3666666666667,18.1833333333333,15,1,0,0.8439027777777778,0.5664072849599677,5.2376866747018775,2.9666638888888923,2.9666638888888923,0.8899991666666677,7.119993333333341,Review the active loads during this period and consider shifting flexible usage. Consider scheduling flexible loads outside high-consumption periods.,Moderate
2008-05-08 12:00:00,2.35783333333333,0.299366666666667,236.331,10.1033333333333,8.96666666666667,0.466666666666667,18.7666666666667,12,3,0,0.9612180555555555,0.41891665860633126,3.33387381257191,1.3966152777777747,1.3966152777777747,0.4189845833333324,3.351876666666659,Review the active loads during this period and consider shifting flexible usage. Consider scheduling flexible loads outside high-consumption periods.,Moderate
2008-05-08 19:00:00,2.912,0.484066666666667,238.125666666667,12.5533333333333,22.5,0.466666666666667,13.7166666666667,19,3,0,1.2389749999999995,0.503353960442103,3.323754517657035,1.6730250000000004,1.6730250000000004,0.5019075000000001,4.0152600000000005,"Review the active loads during this period and consider shifting flexible usage. This occurred during an evening period, so peak-load shifting may help reduce consumption.",Moderate
2008-05-10 16:00:00,3.93033333333333,0.487266666666667,237.726166666667,16.8733333333333,33.85,0.0,18.8833333333333,16,5,1,1.0586277777777786,0.61672233964646,4.656399437714183,2.8717055555555513,2.8717055555555513,0.8615116666666653,6.892093333333323,Review the active loads during this period and consider shifting flexible usage. Consider scheduling flexible loads outside high-consumption periods.,Moderate
2008-05-13 15:00:00,3.32756666666667,0.3768,237.981166666667,14.2266666666667,8.38333333333333,18.4833333333333,11.45,15,1,0,0.8883611111111112,0.6428062714196976,3.7946200340708343,2.4392055555555587,2.4392055555555587,0.7317616666666676,5.854093333333341,Review the active loads during this period and consider shifting flexible usage. Consider scheduling flexible loads outside high-consumption periods.,Moderate
2008-05-15 21:00:00,2.6833,0.128866666666667,237.216333333333,11.33,0.0,0.0,11.65,21,3,0,0.7654874999999998,0.527935291545455,3.6326658412736124,1.9178125000000001,1.9178125000000001,0.57534375,4.60275,"Review the active loads during this period and consider shifting flexible usage. This occurred during an evening period, so peak-load shifting may help reduce consumption.",Moderate
2008-05-16 14:00:00,3.36906666666667,0.282233333333333,235.836666666667,14.4633333333333,7.73333333333333,20.5833333333333,17.6666666666667,14,4,0,0.8627833333333337,0.6569396788461761,3.81508898615361,2.5062833333333363,2.5062833333333363,0.7518850000000009,6.015080000000007,Review the active loads during this period and consider shifting flexible usage. Consider scheduling flexible loads outside high-consumption periods.,Moderate
2008-05-18 20:00:00,4.2307,0.1061,236.3105,17.9833333333333,7.56666666666667,20.7166666666667,18.5666666666667,20,6,1,1.1728750000000001,0.8984543292584677,3.403428421925187,3.0578249999999993,3.0578249999999993,0.9173474999999998,7.338779999999998,"Review the active loads during this period and consider shifting flexible usage. This occurred during an evening period, so peak-load shifting may help reduce consumption.",Moderate
2008-05-20 12:00:00,3.87646666666667,0.229466666666667,236.114333333333,16.6833333333333,8.23333333333333,25.8666666666667,17.7333333333333,12,1,0,0.7521722222222221,0.6641305680126224,4.704337663290734,3.124294444444448,3.124294444444448,0.9372883333333343,7.498306666666674,Review the active loads during this period and consider shifting flexible usage. Consider scheduling flexible loads outside high-consumption periods.,Moderate
2008-05-23 10:00:00,2.70866666666667,0.1847,235.989666666667,11.5666666666667,0.0,12.7333333333333,18.6666666666667,10,4,0,0.7562666666666672,0.5939532731828714,3.2871272676678744,1.9524000000000026,1.9524000000000026,0.5857200000000008,4.685760000000006,Review the active loads during this period and consider shifting flexible usage. Consider scheduling flexible loads outside high-consumption periods.,Moderate
2008-05-27 16:00:00,3.0297,0.340866666666667,238.537666666667,12.91,0.0,18.0666666666667,18.0666666666667,16,1,0,0.9322305555555558,0.6778373831971692,3.0943549241136092,2.097469444444444,2.097469444444444,0.6292408333333332,5.033926666666666,Review the active loads during this period and consider shifting flexible usage. Consider scheduling flexible loads outside high-consumption periods.,Moderate
2008-05-27 17:00:00,3.50436666666667,0.131733333333333,238.828166666667,14.7933333333333,0.0,31.2166666666667,19.1,17,1,0,1.0390236111111113,0.7933576168783275,3.1074801616654213,2.4653430555555587,2.4653430555555587,0.7396029166666676,5.91682333333334,"Review the active loads during this period and consider shifting flexible usage. This occurred during an evening period, so peak-load shifting may help reduce consumption.",Moderate
2008-05-30 11:00:00,3.414,0.114766666666667,236.1755,14.6466666666667,0.0,28.1,17.7166666666667,11,4,0,0.7825833333333332,0.6180864457308081,4.257360252505382,2.631416666666667,2.631416666666667,0.789425,6.3154,Review the active loads during this period and consider shifting flexible usage. Consider scheduling flexible loads outside high-consumption periods.,Moderate
2008-05-31 13:00:00,2.36373333333333,0.160533333333333,240.314666666667,10.1233333333333,6.16666666666667,12.0166666666667,11.6833333333333,13,5,1,0.7178694444444446,0.4380669864639865,3.757105510675573,1.6458638888888855,1.6458638888888855,0.49375916666666564,3.950073333333325,Review the active loads during this period and consider shifting flexible usage. Consider scheduling flexible loads outside high-consumption periods.,Moderate
2008-05-31 14:00:00,2.6467,0.2442,238.768333333333,11.2966666666667,2.91666666666667,16.5166666666667,16.2166666666667,14,5,1,0.7539055555555553,0.5308527428177925,3.565573447727516,1.8927944444444447,1.8927944444444447,0.5678383333333333,4.542706666666667,Review the active loads during this period and consider shifting flexible usage. Consider scheduling flexible loads outside high-consumption periods.,Moderate
2008-06-01 19:00:00,2.93226666666667,0.192,239.287,12.3033333333333,0.0,0.116666666666667,19.15,19,6,1,1.154405555555555,0.5872534586548576,3.0274170120401203,1.7778611111111151,1.7778611111111151,0.5333583333333345,4.266866666666676,"Review the active loads during this period and consider shifting flexible usage. This occurred during an evening period, so peak-load shifting may help reduce consumption.",Moderate
2008-06-03 20:00:00,3.49216666666667,0.371666666666667,232.062666666667,15.25,11.6,0.816666666666667,14.85,20,1,0,0.8114694444444441,0.6045934570445953,4.433883944636363,2.680697222222226,2.680697222222226,0.8042091666666678,6.433673333333342,"Review the active loads during this period and consider shifting flexible usage. This occurred during an evening period, so peak-load shifting may help reduce consumption.",Moderate
2008-06-06 20:00:00,3.06356666666667,0.290633333333333,237.910666666667,12.9966666666667,7.91666666666667,0.633333333333333,18.4333333333333,20,4,0,0.6952402777777779,0.4118724057828358,5.750145811267624,2.3683263888888924,2.3683263888888924,0.7104979166666677,5.683983333333342,"Review the active loads during this period and consider shifting flexible usage. This occurred during an evening period, so peak-load shifting may help reduce consumption.",Moderate
2008-06-06 21:00:00,2.96636666666667,0.0837,236.506833333333,12.5133333333333,8.9,0.0,17.7666666666667,21,4,0,0.7456472222222225,0.5937142784508415,3.740384095593752,2.220719444444448,2.220719444444448,0.6662158333333343,5.329726666666675,"Review the active loads during this period and consider shifting flexible usage. This occurred during an evening period, so peak-load shifting may help reduce consumption.",Moderate
2008-06-07 13:00:00,3.90116666666667,0.159933333333333,236.226,16.62,7.75,25.65,18.6333333333333,13,5,1,1.1264402777777778,0.7801950181064873,3.5564523285768725,2.774726388888892,2.774726388888892,0.8324179166666675,6.65934333333334,Review the active loads during this period and consider shifting flexible usage. Consider scheduling flexible loads outside high-consumption periods.,Moderate
2008-06-08 21:00:00,3.32456666666667,0.198366666666667,238.422,14.1733333333333,0.0,23.55,13.3,21,6,1,0.9032472222222222,0.7422602830014704,3.2620894582334143,2.4213194444444475,2.4213194444444475,0.7263958333333342,5.811166666666674,"Review the active loads during this period and consider shifting flexible usage. This occurred during an evening period, so peak-load shifting may help reduce consumption.",Moderate
2008-06-09 22:00:00,3.02633333333333,0.2163,236.897333333333,12.8666666666667,7.26666666666667,0.683333333333333,13.7833333333333,22,0,0,0.8336708333333337,0.68879116607647,3.183348753570637,2.1926624999999964,2.1926624999999964,0.6577987499999989,5.262389999999991,"Review the active loads during this period and consider shifting flexible usage. This occurred during an evening period, so peak-load shifting may help reduce consumption.",Moderate
2008-06-13 14:00:00,3.0503,0.233866666666667,236.900833333333,13.0033333333333,0.0,33.8,11.4666666666667,14,4,0,0.8748930555555555,0.6019778203803504,3.6137659408613216,2.1754069444444446,2.1754069444444446,0.6526220833333334,5.220976666666667,Review the active loads during this period and consider shifting flexible usage. Consider scheduling flexible loads outside high-consumption periods.,Moderate
2008-06-15 12:00:00,3.17533333333333,0.346666666666667,237.234666666667,13.5366666666667,17.8666666666667,5.71666666666667,17.8833333333333,12,6,1,1.088956944444445,0.5476518966031816,3.809676186332346,2.086376388888885,2.086376388888885,0.6259129166666655,5.007303333333324,Review the active loads during this period and consider shifting flexible usage. Consider scheduling flexible loads outside high-consumption periods.,Moderate
2008-06-15 13:00:00,4.2955,0.431366666666667,237.459,18.2566666666667,43.3833333333333,1.16666666666667,18.8833333333333,13,6,1,1.1516833333333336,0.6858590615210473,4.583764862265642,3.143816666666666,3.143816666666666,0.9431449999999998,7.545159999999998,Review the active loads during this period and consider shifting flexible usage. Consider scheduling flexible loads outside high-consumption periods.,Moderate
2008-06-18 16:00:00,3.6527,0.368733333333333,238.833333333333,15.6533333333333,22.95,30.7166666666667,1.53333333333333,16,2,0,1.0236861111111109,0.7722700763419531,3.404267456978081,2.629013888888889,2.629013888888889,0.7887041666666668,6.309633333333334,Review the active loads during this period and consider shifting flexible usage. Consider scheduling flexible loads outside high-consumption periods.,Moderate
2008-06-24 11:00:00,2.98683333333333,0.1523,234.079833333333,12.8766666666667,17.95,5.98333333333333,18.3833333333333,11,1,0,0.9617263888888892,0.6592976925771883,3.071612364557682,2.025106944444441,2.025106944444441,0.6075320833333323,4.8602566666666585,Review the active loads during this period and consider shifting flexible usage. Consider scheduling flexible loads outside high-consumption periods.,Moderate
2008-06-27 16:00:00,2.33633333333333,0.3699,238.4825,10.0533333333333,24.4,0.0,7.83333333333333,16,4,0,0.7103861111111112,0.5198337120700401,3.127821810069805,1.6259472222222189,1.6259472222222189,0.48778416666666563,3.902273333333325,Review the active loads during this period and consider shifting flexible usage. Consider scheduling flexible loads outside high-consumption periods.,Moderate
2008-06-27 18:00:00,2.86506666666667,0.236733333333333,237.091666666667,12.2066666666667,12.4833333333333,7.26666666666667,12.75,18,4,0,0.8272569444444445,0.6010994930370464,3.390137150051852,2.0378097222222253,2.0378097222222253,0.6113429166666676,4.890743333333341,"Review the active loads during this period and consider shifting flexible usage. This occurred during an evening period, so peak-load shifting may help reduce consumption.",Moderate
2008-07-01 19:00:00,2.9667,0.5196,236.432833333333,12.9033333333333,26.2,0.783333333333333,10.7,19,1,0,0.4682722222222224,0.270794582943201,9.226284184206968,2.4984277777777777,2.4984277777777777,0.7495283333333332,5.996226666666666,"Reduce non-essential loads and shift flexible equipment usage to a lower-consumption period. This occurred during an evening period, so peak-load shifting may help reduce consumption.",High
2008-07-01 20:00:00,2.54003333333333,0.441233333333333,238.298166666667,11.01,15.8166666666667,0.0,19.1,20,1,0,0.5741611111111112,0.5770157390888146,3.4069646441994723,1.965872222222219,1.965872222222219,0.5897616666666656,4.718093333333325,"Review the active loads during this period and consider shifting flexible usage. This occurred during an evening period, so peak-load shifting may help reduce consumption.",Moderate
2008-07-03 21:00:00,3.65613333333333,0.131466666666667,237.406166666667,15.53,6.98333333333333,21.1166666666667,18.6,21,3,0,0.6299555555555554,0.48970780114186974,6.17955803587675,3.0261777777777743,3.0261777777777743,0.9078533333333323,7.262826666666658,"Reduce non-essential loads and shift flexible equipment usage to a lower-consumption period. This occurred during an evening period, so peak-load shifting may help reduce consumption.",High
2008-07-05 13:00:00,2.14613333333333,0.221366666666667,238.777,9.12333333333333,7.33333333333333,11.4333333333333,12.75,13,5,1,0.6173291666666669,0.38592206233183374,3.9614324131387084,1.5288041666666632,1.5288041666666632,0.45864124999999895,3.6691299999999916,Review the active loads during this period and consider shifting flexible usage. Consider scheduling flexible loads outside high-consumption periods.,Moderate
2008-07-05 14:00:00,2.23826666666667,0.207266666666667,238.207333333333,9.57,1.15,24.45,4.3,14,5,1,0.6941194444444445,0.49001093420874975,3.1512505424305552,1.5441472222222257,1.5441472222222257,0.4632441666666677,3.7059533333333414,Review the active loads during this period and consider shifting flexible usage. Consider scheduling flexible loads outside high-consumption periods.,Moderate
2008-07-05 15:00:00,2.8815,0.227066666666667,237.8625,12.3266666666667,7.86666666666667,23.2166666666667,13.6666666666667,15,5,1,0.7768069444444446,0.5729000668249599,3.673752504899968,2.1046930555555554,2.1046930555555554,0.6314079166666666,5.051263333333333,Review the active loads during this period and consider shifting flexible usage. Consider scheduling flexible loads outside high-consumption periods.,Moderate
2008-07-06 22:00:00,3.33713333333333,0.206133333333333,238.381666666667,14.0933333333333,6.7,16.4333333333333,16.3166666666667,22,6,1,1.1796138888888892,0.5709679565716119,3.7787049511487614,2.157519444444441,2.157519444444441,0.6472558333333323,5.178046666666658,"Review the active loads during this period and consider shifting flexible usage. This occurred during an evening period, so peak-load shifting may help reduce consumption.",Moderate
2008-07-08 22:00:00,2.47873333333333,0.1953,237.129166666667,10.4633333333333,7.88333333333333,0.466666666666667,17.8666666666667,22,1,0,0.6821972222222227,0.44571501216500775,4.030683423438322,1.7965361111111071,1.7965361111111071,0.5389608333333321,4.311686666666657,"Review the active loads during this period and consider shifting flexible usage. This occurred during an evening period, so peak-load shifting may help reduce consumption.",Moderate
2008-07-12 13:00:00,2.81623333333333,0.397166666666667,237.8605,12.0133333333333,0.0,21.8666666666667,17.5,13,5,1,0.7793874999999996,0.4996776594601094,4.076319592783269,2.0368458333333304,2.0368458333333304,0.6110537499999991,4.8884299999999925,Review the active loads during this period and consider shifting flexible usage. Consider scheduling flexible loads outside high-consumption periods.,Moderate
2008-07-12 15:00:00,3.99293333333333,0.399666666666667,236.005,17.0133333333333,41.8833333333333,0.9,13.4666666666667,15,5,1,0.8582055555555551,0.6454961797217943,4.85630725053838,3.134727777777775,3.134727777777775,0.9404183333333325,7.52334666666666,Review the active loads during this period and consider shifting flexible usage. Consider scheduling flexible loads outside high-consumption periods.,Moderate
2008-07-14 18:00:00,2.27623333333333,0.283866666666667,237.780666666667,9.83666666666667,0.0,19.0166666666667,0.633333333333333,18,0,0,0.6861411398467432,0.4933276406670831,3.223197044739772,1.5900921934865866,1.5900921934865866,0.47702765804597597,3.8162212643678077,"Review the active loads during this period and consider shifting flexible usage. This occurred during an evening period, so peak-load shifting may help reduce consumption.",Moderate
2008-07-16 20:00:00,1.58026666666667,0.264466666666667,240.841666666667,6.84,8.8,3.03333333333333,3.85,20,2,0,0.5971333333333335,0.29266851456947235,3.359204302449708,0.9831333333333365,0.9831333333333365,0.2949400000000009,2.3595200000000074,"Review the active loads during this period and consider shifting flexible usage. This occurred during an evening period, so peak-load shifting may help reduce consumption.",Moderate
2008-07-16 21:00:00,3.83916666666667,0.218366666666667,238.938,16.2,0.0,28.8666666666667,12.7,21,2,0,0.6457472222222226,0.35177713505226926,9.077961943063608,3.1934194444444475,3.1934194444444475,0.9580258333333342,7.664206666666674,"Reduce non-essential loads and shift flexible equipment usage to a lower-consumption period. This occurred during an evening period, so peak-load shifting may help reduce consumption.",High
2008-07-19 11:00:00,2.67496666666667,0.469233333333333,236.6905,11.7033333333333,20.3833333333333,12.2833333333333,1.56666666666667,11,5,1,0.7571194444444441,0.5617702873423865,3.413934957819049,1.9178472222222256,1.9178472222222256,0.5753541666666676,4.602833333333341,Review the active loads during this period and consider shifting flexible usage. Consider scheduling flexible loads outside high-consumption periods.,Moderate
2008-07-21 21:00:00,2.2222,0.285633333333333,239.768833333333,9.53,7.51666666666667,0.2,12.3666666666667,21,0,0,0.7421555555555552,0.4736781624798781,3.1245781665252874,1.4800444444444447,1.4800444444444447,0.4440133333333334,3.5521066666666674,"Review the active loads during this period and consider shifting flexible usage. This occurred during an evening period, so peak-load shifting may help reduce consumption.",Moderate
2008-07-23 07:00:00,1.45426666666667,0.070733333333333,239.150333333333,6.19333333333333,0.0,0.083333333333333,15.05,7,2,0,0.5147055555555556,0.27388640504113615,3.4304773578301475,0.9395611111111143,0.9395611111111143,0.2818683333333343,2.254946666666674,Review the active loads during this period and consider shifting flexible usage. Consider scheduling flexible loads outside high-consumption periods.,Moderate
2008-07-24 21:00:00,2.8657,0.1737,238.210333333333,12.0666666666667,13.7666666666667,0.483333333333333,14.75,21,3,0,0.7136902777777779,0.40729079730933665,5.283718012876619,2.152009722222222,2.152009722222222,0.6456029166666666,5.164823333333333,"Review the active loads during this period and consider shifting flexible usage. This occurred during an evening period, so peak-load shifting may help reduce consumption.",Moderate
2008-07-27 14:00:00,1.84183333333333,0.358966666666667,237.215333333333,8.06333333333333,9.38333333333333,0.5,12.9666666666667,14,6,1,0.5543055555555556,0.3478775955903161,3.701094275970716,1.2875277777777745,1.2875277777777745,0.3862583333333323,3.0900666666666585,Review the active loads during this period and consider shifting flexible usage. Consider scheduling flexible loads outside high-consumption periods.,Moderate
2008-07-29 08:00:00,1.9135,0.142433333333333,237.389833333333,8.17,6.36666666666667,0.483333333333333,17.9,8,1,0,0.542175,0.20061842052061354,6.835488966772602,1.3713250000000001,1.3713250000000001,0.4113975,3.29118,Reduce non-essential loads and shift flexible equipment usage to a lower-consumption period. Consider scheduling flexible loads outside high-consumption periods.,High
2008-07-31 22:00:00,3.03136666666667,0.248533333333333,239.337833333333,12.7,0.0,5.25,15.9,22,3,0,0.8707097222222214,0.6084268744028127,3.551218782972385,2.160656944444449,2.160656944444449,0.6481970833333346,5.185576666666677,"Review the active loads during this period and consider shifting flexible usage. This occurred during an evening period, so peak-load shifting may help reduce consumption.",Moderate
2008-08-02 20:00:00,0.938666666666667,0.128833333333333,236.009166666667,3.99,0.0,0.5,12.15,20,5,1,0.3428833333333334,0.13449793130969145,4.429683992399097,0.5957833333333336,0.5957833333333336,0.17873500000000006,1.4298800000000005,"Review the active loads during this period and consider shifting flexible usage. This occurred during an evening period, so peak-load shifting may help reduce consumption.",Moderate
2008-08-03 08:00:00,1.00466666666667,0.120066666666667,237.221166666667,4.26,0.0,0.083333333333333,13.4833333333333,8,6,1,0.3449555555555556,0.175401108757378,3.7611570176768594,0.6597111111111142,0.6597111111111142,0.19791333333333427,1.5833066666666742,Review the active loads during this period and consider shifting flexible usage. Consider scheduling flexible loads outside high-consumption periods.,Moderate
2008-08-04 09:00:00,0.961766666666667,0.139066666666667,237.661666666667,4.05666666666667,0.0,0.483333333333333,12.5666666666667,9,0,0,0.33045555555555556,0.15058242985279177,4.1924619740050435,0.6313111111111114,0.6313111111111114,0.1893933333333334,1.5151466666666673,Review the active loads during this period and consider shifting flexible usage. Consider scheduling flexible loads outside high-consumption periods.,Moderate
2008-08-04 17:00:00,1.0728813559322,0.156542372881356,237.813728813559,4.8271186440678,0.0,8.94915254237288,1.64406779661017,17,0,0,0.35285277777777785,0.1972357822718531,3.650598131134216,0.720028578154422,0.720028578154422,0.2160085734463266,1.7280685875706128,"Review the active loads during this period and consider shifting flexible usage. This occurred during an evening period, so peak-load shifting may help reduce consumption.",Moderate
2008-08-04 18:00:00,2.1712,0.097333333333333,236.748666666667,9.31666666666667,0.0,26.7166666666667,1.66666666666667,18,0,0,0.38553672316384174,0.24525078139165832,7.28096875656639,1.785663276836158,1.785663276836158,0.5356989830508474,4.285591864406779,"Reduce non-essential loads and shift flexible equipment usage to a lower-consumption period. This occurred during an evening period, so peak-load shifting may help reduce consumption.",High
2008-08-04 19:00:00,2.56606666666667,0.2619,236.519,11.0766666666667,0.0,18.8,13.6,19,0,0,0.4636353342749528,0.43826448071407026,4.797174822304097,2.1024313323917174,2.1024313323917174,0.6307293997175152,5.0458351977401215,"Review the active loads during this period and consider shifting flexible usage. This occurred during an evening period, so peak-load shifting may help reduce consumption.",Moderate
2008-08-07 12:00:00,0.178266666666667,0.148066666666667,237.935,0.91,0.0,0.5,0.633333333333333,12,3,0,0.2346166666666667,0.017835406896099366,-3.1594457209901696,-0.056349999999999706,0.0,0.0,0.0,Review the active loads during this period and consider shifting flexible usage. Consider scheduling flexible loads outside high-consumption periods.,Moderate
2008-08-09 15:00:00,1.24456666666667,0.220833333333333,241.517333333333,5.26,0.0,0.0,1.51666666666667,15,5,1,0.2043222222222222,0.037141710171721715,28.007446066294765,1.0402444444444476,1.0402444444444476,0.31207333333333426,2.496586666666674,Investigate the high-load source immediately and switch off or postpone non-essential equipment. Consider scheduling flexible loads outside high-consumption periods.,Critical
2008-08-10 18:00:00,0.3005,0.152566666666667,239.917833333333,1.37666666666667,0.0,0.483333333333333,1.53333333333333,18,6,1,0.2028722222222222,0.02686883629688571,3.63349483018338,0.09762777777777779,0.09762777777777779,0.029288333333333333,0.23430666666666666,"Review the active loads during this period and consider shifting flexible usage. This occurred during an evening period, so peak-load shifting may help reduce consumption.",Moderate
2008-08-10 19:00:00,0.4147,0.154733333333333,238.723,1.84666666666667,0.0,0.45,1.45,19,6,1,0.20649999999999993,0.03343278641915879,6.227419916178158,0.20820000000000008,0.20820000000000008,0.06246000000000002,0.4996800000000002,"Reduce non-essential loads and shift flexible equipment usage to a lower-consumption period. This occurred during an evening period, so peak-load shifting may help reduce consumption.",High
2008-08-31 14:00:00,1.61193333333333,0.2187,238.500166666667,6.89,0.0,3.55,14.95,14,6,1,0.1945958333333333,0.02759141733232247,51.3687819269665,1.4173374999999968,1.4173374999999968,0.42520124999999903,3.4016099999999923,Investigate the high-load source immediately and switch off or postpone non-essential equipment. Consider scheduling flexible loads outside high-consumption periods.,Critical
2008-08-31 15:00:00,2.40186666666667,0.218166666666667,238.784166666667,10.1,0.0,15.6,18.95,15,6,1,0.25284722222222206,0.2907669872278007,7.390864640217233,2.149019444444448,2.149019444444448,0.6447058333333343,5.1576466666666745,Reduce non-essential loads and shift flexible equipment usage to a lower-consumption period. Consider scheduling flexible loads outside high-consumption periods.,High
2008-08-31 16:00:00,2.1426,0.199666666666667,239.0565,9.02,0.0,12.1166666666667,19.0333333333333,16,6,1,0.34708055555555556,0.5249031887658013,3.420667816223841,1.7955194444444442,1.7955194444444442,0.5386558333333332,4.309246666666666,Review the active loads during this period and consider shifting flexible usage. Consider scheduling flexible loads outside high-consumption periods.,Moderate
2008-08-31 17:00:00,2.88796666666667,0.193466666666667,239.170166666667,12.2333333333333,11.3666666666667,5.55,19.0,17,6,1,0.42676944444444437,0.6391171694015486,3.850932724162021,2.4611972222222254,2.4611972222222254,0.7383591666666676,5.9068733333333405,"Review the active loads during this period and consider shifting flexible usage. This occurred during an evening period, so peak-load shifting may help reduce consumption.",Moderate
2008-09-04 21:00:00,2.8183,0.106366666666667,235.583666666667,11.98,7.56666666666667,0.283333333333333,17.2666666666667,21,3,0,0.7833069444444445,0.5242635025391469,3.8816225918827945,2.0349930555555553,2.0349930555555553,0.6104979166666665,4.883983333333332,"Review the active loads during this period and consider shifting flexible usage. This occurred during an evening period, so peak-load shifting may help reduce consumption.",Moderate
2008-09-06 10:00:00,2.58226666666667,0.2241,239.0235,10.9833333333333,8.3,29.2333333333333,1.53333333333333,10,5,1,0.6013513888888891,0.5479978833820772,3.6148228630960597,1.980915277777781,1.980915277777781,0.5942745833333343,4.754196666666674,Review the active loads during this period and consider shifting flexible usage. Consider scheduling flexible loads outside high-consumption periods.,Moderate
2008-09-07 16:00:00,3.0475,0.162766666666667,238.465,12.9433333333333,13.7333333333333,15.9,14.6833333333333,16,6,1,0.9798944444444446,0.678256191722796,3.048413830626094,2.0676055555555553,2.0676055555555553,0.6202816666666665,4.962253333333332,Review the active loads during this period and consider shifting flexible usage. Consider scheduling flexible loads outside high-consumption periods.,Moderate
2008-09-14 12:00:00,3.5746,0.3494,237.183833333333,15.2433333333333,26.5333333333333,0.383333333333333,17.3666666666667,12,6,1,0.9285208333333338,0.8110973011087809,3.2623449283451453,2.6460791666666665,2.6460791666666665,0.7938237499999999,6.3505899999999995,Review the active loads during this period and consider shifting flexible usage. Consider scheduling flexible loads outside high-consumption periods.,Moderate
2008-09-17 10:00:00,2.93833333333333,0.207033333333333,236.4555,12.5466666666667,19.4,6.86666666666667,17.7666666666667,10,2,0,0.8288902777777776,0.5456472820190764,3.8659462349925238,2.1094430555555523,2.1094430555555523,0.6328329166666656,5.062663333333325,Review the active loads during this period and consider shifting flexible usage. Consider scheduling flexible loads outside high-consumption periods.,Moderate
2008-09-21 12:00:00,3.28536666666667,0.3644,237.516,14.2666666666667,18.5,9.01666666666667,6.81666666666667,12,6,1,0.650316666666667,0.472448899979456,5.577428585640872,2.6350500000000032,2.6350500000000032,0.790515000000001,6.324120000000008,Review the active loads during this period and consider shifting flexible usage. Consider scheduling flexible loads outside high-consumption periods.,Moderate
2008-09-22 20:00:00,4.29123333333333,0.1363,234.421166666667,18.42,7.9,26.5333333333333,17.0666666666667,20,0,0,0.8563902777777775,0.7473830859390325,4.595826585023559,3.4348430555555525,3.4348430555555525,1.0304529166666656,8.243623333333325,"Review the active loads during this period and consider shifting flexible usage. This occurred during an evening period, so peak-load shifting may help reduce consumption.",Moderate
2008-09-26 19:00:00,2.93466666666667,0.4945,239.007333333333,12.6233333333333,18.3333333333333,0.383333333333333,4.28333333333333,19,4,0,0.9145097222222226,0.6627131809761582,3.0483126070750726,2.020156944444447,2.020156944444447,0.6060470833333341,4.848376666666673,"Review the active loads during this period and consider shifting flexible usage. This occurred during an evening period, so peak-load shifting may help reduce consumption.",Moderate
2008-09-30 21:00:00,3.4837,0.1252,238.185,14.7066666666667,7.7,0.383333333333333,13.6166666666667,21,1,0,0.9391291666666662,0.7771174753310979,3.274370882277736,2.5445708333333337,2.5445708333333337,0.7633712500000001,6.1069700000000005,"Review the active loads during this period and consider shifting flexible usage. This occurred during an evening period, so peak-load shifting may help reduce consumption.",Moderate
2008-10-03 20:00:00,3.56243333333333,0.151833333333333,237.434333333333,15.1766666666667,30.15,0.366666666666667,12.3833333333333,20,4,0,0.9857569444444451,0.7274123882354341,3.5422498029479783,2.5766763888888846,2.5766763888888846,0.7730029166666653,6.1840233333333225,"Review the active loads during this period and consider shifting flexible usage. This occurred during an evening period, so peak-load shifting may help reduce consumption.",Moderate
2008-10-07 07:00:00,2.89516666666667,0.093666666666667,233.7465,12.42,0.0,0.133333333333333,18.3666666666667,7,1,0,0.7183527777777781,0.5608135702456459,3.8815285584751638,2.176813888888892,2.176813888888892,0.6530441666666675,5.22435333333334,Review the active loads during this period and consider shifting flexible usage. Consider scheduling flexible loads outside high-consumption periods.,Moderate
2008-10-07 21:00:00,3.2826,0.258566666666667,237.6545,13.83,8.11666666666667,0.033333333333333,14.55,21,1,0,1.1370222222222224,0.7037934007119337,3.0485903613295937,2.1455777777777776,2.1455777777777776,0.6436733333333332,5.149386666666666,"Review the active loads during this period and consider shifting flexible usage. This occurred during an evening period, so peak-load shifting may help reduce consumption.",Moderate
2008-10-12 19:00:00,4.90773333333333,0.307066666666667,233.4095,21.14,13.2333333333333,27.3666666666667,11.5666666666667,19,6,1,1.067294444444444,0.7085926408681023,5.419811987016877,3.840438888888886,3.840438888888886,1.1521316666666657,9.217053333333325,"Review the active loads during this period and consider shifting flexible usage. This occurred during an evening period, so peak-load shifting may help reduce consumption.",Moderate
2008-10-12 20:00:00,4.91363333333333,0.115166666666667,234.727166666667,21.0366666666667,0.0,31.1833333333333,14.5833333333333,20,6,1,1.1663249999999994,1.0197942863624903,3.674572787321279,3.74730833333333,3.74730833333333,1.124192499999999,8.993539999999992,"Review the active loads during this period and consider shifting flexible usage. This occurred during an evening period, so peak-load shifting may help reduce consumption.",Moderate
2008-10-17 20:00:00,4.9791,0.181666666666667,235.561166666667,21.15,0.383333333333333,31.5,17.6333333333333,20,4,0,1.130058333333333,0.8401928541123451,4.581140684341024,3.849041666666667,3.849041666666667,1.1547125,9.2377,"Review the active loads during this period and consider shifting flexible usage. This occurred during an evening period, so peak-load shifting may help reduce consumption.",Moderate
2008-10-18 23:00:00,5.00816666666667,0.359266666666667,238.161333333333,21.11,13.3166666666667,0.133333333333333,17.7833333333333,23,5,1,1.3633486111111115,1.0659671965196456,3.4192591174060447,3.644818055555559,3.644818055555559,1.0934454166666676,8.747563333333341,Review the active loads during this period and consider shifting flexible usage. Consider scheduling flexible loads outside high-consumption periods.,Moderate
2008-10-20 20:00:00,3.18396666666667,0.098233333333333,237.401166666667,13.43,0.0,8.4,16.7333333333333,20,0,0,1.077230555555556,0.674282199191511,3.1244130627164233,2.1067361111111143,2.1067361111111143,0.6320208333333343,5.056166666666674,"Review the active loads during this period and consider shifting flexible usage. This occurred during an evening period, so peak-load shifting may help reduce consumption.",Moderate
2008-10-23 07:00:00,4.04113333333333,0.331733333333333,238.946833333333,16.9933333333333,0.0,4.9,18.9666666666667,7,3,0,1.144352777777778,0.7099865235787549,4.08005005637861,2.8967805555555524,2.8967805555555524,0.8690341666666657,6.952273333333325,Review the active loads during this period and consider shifting flexible usage. Consider scheduling flexible loads outside high-consumption periods.,Moderate
2008-10-24 19:00:00,3.96576666666667,0.2686,234.4565,17.1233333333333,20.1166666666667,11.1333333333333,0.0,19,4,0,1.1250083333333332,0.8821874254643066,3.220130157532238,2.840758333333337,2.840758333333337,0.8522275000000011,6.817820000000009,"Review the active loads during this period and consider shifting flexible usage. This occurred during an evening period, so peak-load shifting may help reduce consumption.",Moderate
2008-10-24 20:00:00,4.73903333333333,0.298566666666667,235.918666666667,20.2366666666667,22.1333333333333,17.0166666666667,11.3,20,4,0,1.2251430555555556,1.053724031902382,3.334734874968956,3.513890277777774,3.513890277777774,1.054167083333332,8.433336666666657,"Review the active loads during this period and consider shifting flexible usage. This occurred during an evening period, so peak-load shifting may help reduce consumption.",Moderate
2008-10-24 21:00:00,5.35686666666667,0.264433333333333,233.766333333333,22.87,44.5166666666667,0.0,15.1833333333333,21,4,0,1.2685722222222224,1.1745691139091952,3.4806759313105093,4.088294444444448,4.088294444444448,1.2264883333333343,9.811906666666674,"Review the active loads during this period and consider shifting flexible usage. This occurred during an evening period, so peak-load shifting may help reduce consumption.",Moderate
2008-10-27 16:00:00,1.16526666666667,0.063733333333333,240.966666666667,4.78333333333333,0.0,0.0,15.1333333333333,16,0,0,0.36765972222222226,0.22136732299241196,3.603092514570401,0.7976069444444478,0.7976069444444478,0.23928208333333434,1.9142566666666747,Review the active loads during this period and consider shifting flexible usage. Consider scheduling flexible loads outside high-consumption periods.,Moderate
2008-10-28 03:00:00,1.0841,0.074366666666667,242.970833333333,4.42333333333333,0.0,0.55,13.0333333333333,3,1,0,0.36276527777777795,0.22237513686469199,3.24377415745507,0.7213347222222222,0.7213347222222222,0.21640041666666665,1.7312033333333332,Review the active loads during this period and consider shifting flexible usage. Consider scheduling flexible loads outside high-consumption periods.,Moderate
2008-10-28 18:00:00,1.7671,0.1025,238.529833333333,7.38333333333333,10.1166666666667,0.35,0.0,18,1,0,0.36080277777777775,0.2084358068946693,6.746908044129282,1.406297222222222,1.406297222222222,0.4218891666666666,3.3751133333333327,"Reduce non-essential loads and shift flexible equipment usage to a lower-consumption period. This occurred during an evening period, so peak-load shifting may help reduce consumption.",High
2008-10-28 19:00:00,2.8276,0.1612,236.544166666667,12.1033333333333,17.45,0.116666666666667,8.38333333333333,19,1,0,0.4233069444444444,0.3535138263330477,6.8011287719492355,2.4042930555555557,2.4042930555555557,0.7212879166666667,5.770303333333334,"Reduce non-essential loads and shift flexible equipment usage to a lower-consumption period. This occurred during an evening period, so peak-load shifting may help reduce consumption.",High
2008-10-28 20:00:00,2.4787,0.0323,237.583166666667,10.3866666666667,0.0,0.433333333333333,17.3,20,1,0,0.5282430555555555,0.603528320359751,3.231757116686449,1.9504569444444444,1.9504569444444444,0.5851370833333333,4.681096666666666,"Review the active loads during this period and consider shifting flexible usage. This occurred during an evening period, so peak-load shifting may help reduce consumption.",Moderate
2008-10-28 21:00:00,3.31453333333333,0.1997,237.492166666667,13.9666666666667,10.1166666666667,0.0,17.2833333333333,21,1,0,0.6199208333333334,0.7198378382074878,3.743360458391595,2.6946124999999963,2.6946124999999963,0.8083837499999988,6.467069999999991,"Review the active loads during this period and consider shifting flexible usage. This occurred during an evening period, so peak-load shifting may help reduce consumption.",Moderate
2008-10-30 14:00:00,1.477,0.145066666666667,244.703666666667,6.15333333333333,0.0,0.366666666666667,14.8,14,3,0,0.778554166666667,0.21720277571659366,3.215639537888161,0.6984458333333331,0.6984458333333331,0.20953374999999994,1.6762699999999995,Review the active loads during this period and consider shifting flexible usage. Consider scheduling flexible loads outside high-consumption periods.,Moderate
2008-10-31 12:00:00,1.8485,0.036066666666667,242.365666666667,7.63666666666667,0.0,0.0,18.0166666666667,12,4,0,0.588675,0.33433276073904744,3.768176942083506,1.2598250000000002,1.2598250000000002,0.37794750000000005,3.0235800000000004,Review the active loads during this period and consider shifting flexible usage. Consider scheduling flexible loads outside high-consumption periods.,Moderate
2008-11-02 03:00:00,1.45336666666667,0.069233333333333,243.5735,6.04666666666667,0.0,0.516666666666667,15.6,3,6,1,0.5769097222222219,0.20505834081571844,4.274183341959747,0.8764569444444481,0.8764569444444481,0.26293708333333443,2.1034966666666755,Review the active loads during this period and consider shifting flexible usage. Consider scheduling flexible loads outside high-consumption periods.,Moderate
2008-11-02 23:00:00,1.45726666666667,0.091,241.474666666667,6.11333333333333,0.0,0.533333333333333,15.7166666666667,23,6,1,0.5932013888888892,0.24049849527571499,3.592809496737971,0.8640652777777809,0.8640652777777809,0.2592195833333342,2.073756666666674,Review the active loads during this period and consider shifting flexible usage. Consider scheduling flexible loads outside high-consumption periods.,Moderate
2008-11-04 17:00:00,2.13286666666667,0.069733333333333,237.281166666667,8.97333333333333,0.0,0.0,15.2,17,1,0,0.4921222222222223,0.25740259274221877,6.374234334490971,1.6407444444444474,1.6407444444444474,0.49222333333333423,3.937786666666674,"Reduce non-essential loads and shift flexible equipment usage to a lower-consumption period. This occurred during an evening period, so peak-load shifting may help reduce consumption.",High
2008-11-04 18:00:00,3.736,0.172033333333333,233.7225,16.0766666666667,0.0,19.9666666666667,0.8,18,1,0,0.544151388888889,0.4168862238902814,7.656402222471042,3.1918486111111113,3.1918486111111113,0.9575545833333333,7.660436666666667,"Reduce non-essential loads and shift flexible equipment usage to a lower-consumption period. This occurred during an evening period, so peak-load shifting may help reduce consumption.",High
2008-11-04 20:00:00,4.44613333333333,0.156333333333333,235.129833333333,18.9266666666667,0.0,20.1833333333333,16.95,20,1,0,0.7555388888888892,0.9034448573152366,4.085024575170825,3.690594444444441,3.690594444444441,1.1071783333333323,8.857426666666658,"Review the active loads during this period and consider shifting flexible usage. This occurred during an evening period, so peak-load shifting may help reduce consumption.",Moderate
2008-11-08 22:00:00,3.7183,0.146533333333333,238.3345,15.7,8.85,30.7166666666667,0.0,22,5,1,1.0396402777777773,0.6922258310388345,3.869632715384682,2.678659722222223,2.678659722222223,0.8035979166666669,6.428783333333335,"Review the active loads during this period and consider shifting flexible usage. This occurred during an evening period, so peak-load shifting may help reduce consumption.",Moderate
2008-11-15 15:00:00,4.1835,0.2241,238.280333333333,17.7166666666667,6.18333333333333,28.8166666666667,17.4166666666667,15,5,1,1.1101527777777778,0.663301145815574,4.633411598352258,3.073347222222223,3.073347222222223,0.9220041666666668,7.376033333333335,Review the active loads during this period and consider shifting flexible usage. Consider scheduling flexible loads outside high-consumption periods.,Moderate
2008-11-15 17:00:00,4.5308,0.062133333333333,232.027666666667,19.6133333333333,8.53333333333333,11.9666666666667,16.5333333333333,17,5,1,1.388102777777778,0.9831338047096911,3.1966119028428963,3.142697222222222,3.142697222222222,0.9428091666666666,7.542473333333333,"Review the active loads during this period and consider shifting flexible usage. This occurred during an evening period, so peak-load shifting may help reduce consumption.",Moderate
2008-11-18 07:00:00,3.2643,0.077833333333333,236.856333333333,13.7866666666667,0.066666666666667,0.0,17.2166666666667,7,1,0,1.0762291666666663,0.6176594573448879,3.5425197611951424,2.1880708333333336,2.1880708333333336,0.6564212500000001,5.2513700000000005,Review the active loads during this period and consider shifting flexible usage. Consider scheduling flexible loads outside high-consumption periods.,Moderate
2008-11-22 21:00:00,3.89316666666667,0.074166666666667,234.6955,16.6533333333333,8.26666666666667,8.61666666666667,11.8833333333333,21,5,1,1.0050388888888893,0.6022596297364653,4.795486257382979,2.8881277777777807,2.8881277777777807,0.8664383333333342,6.931506666666674,"Review the active loads during this period and consider shifting flexible usage. This occurred during an evening period, so peak-load shifting may help reduce consumption.",Moderate
2008-11-23 12:00:00,4.15833333333333,0.343166666666667,237.823,17.6433333333333,22.55,8.61666666666667,17.3666666666667,12,6,1,1.1908282485875705,0.7857959305489087,3.7764322381675384,2.967505084745759,2.967505084745759,0.8902515254237277,7.122012203389821,Review the active loads during this period and consider shifting flexible usage. Consider scheduling flexible loads outside high-consumption periods.,Moderate
2008-11-23 18:00:00,6.56053333333333,0.324833333333333,231.566666666667,28.3833333333333,0.0,28.3333333333333,16.4666666666667,18,6,1,1.7688004708097933,1.2009662547353601,3.9898980039030514,4.791732862523537,4.791732862523537,1.437519858757061,11.500158870056488,"Review the active loads during this period and consider shifting flexible usage. This occurred during an evening period, so peak-load shifting may help reduce consumption.",Moderate
2008-11-27 19:00:00,3.78103333333333,0.288133333333333,238.328,16.0933333333333,18.3666666666667,0.483333333333333,9.01666666666667,19,3,0,1.5206486111111106,0.7199126552615214,3.139804121655694,2.2603847222222195,2.2603847222222195,0.6781154166666659,5.424923333333327,"Review the active loads during this period and consider shifting flexible usage. This occurred during an evening period, so peak-load shifting may help reduce consumption.",Moderate
2008-11-30 20:00:00,5.9305,0.1367,235.658,25.26,9.18333333333334,33.2166666666667,17.05,20,6,1,1.5614569444444444,1.0643275301556565,4.104979841042531,4.369043055555556,4.369043055555556,1.310712916666667,10.485703333333335,"Review the active loads during this period and consider shifting flexible usage. This occurred during an evening period, so peak-load shifting may help reduce consumption.",Moderate
2008-12-06 10:00:00,4.2289,0.122733333333333,236.257,17.9833333333333,6.06666666666667,39.4,17.1333333333333,10,5,1,1.387733333333333,0.9008900118918808,3.1537331185414965,2.841166666666667,2.841166666666667,0.85235,6.8188,Review the active loads during this period and consider shifting flexible usage. Consider scheduling flexible loads outside high-consumption periods.,Moderate
2008-12-09 20:00:00,3.99756666666667,0.133066666666667,239.137833333333,16.72,0.033333333333333,18.4833333333333,17.1166666666667,20,1,0,1.343755555555556,0.8164757357800263,3.250324528720716,2.653811111111114,2.653811111111114,0.7961433333333341,6.369146666666673,"Review the active loads during this period and consider shifting flexible usage. This occurred during an evening period, so peak-load shifting may help reduce consumption.",Moderate
2008-12-13 16:00:00,4.011,0.3418,240.705,16.7466666666667,24.7166666666667,0.5,12.5,16,5,1,1.3061930555555554,0.8619599831537178,3.137972756633277,2.704806944444445,2.704806944444445,0.8114420833333335,6.491536666666668,Review the active loads during this period and consider shifting flexible usage. Consider scheduling flexible loads outside high-consumption periods.,Moderate
2008-12-26 14:00:00,2.2485,0.177066666666667,246.003166666667,9.17666666666667,9.2,0.516666666666667,18.55,14,4,0,0.6529180555555559,0.3952109338318068,4.037292007521961,1.5955819444444441,1.5955819444444441,0.47867458333333324,3.829396666666666,Review the active loads during this period and consider shifting flexible usage. Consider scheduling flexible loads outside high-consumption periods.,Moderate
2008-12-27 01:00:00,2.7415,0.071666666666667,243.702166666667,11.1866666666667,0.0,0.5,18.0833333333333,1,5,1,0.9061944444444445,0.582430059466959,3.151117504538193,1.8353055555555553,1.8353055555555553,0.5505916666666666,4.404733333333333,Review the active loads during this period and consider shifting flexible usage. Consider scheduling flexible loads outside high-consumption periods.,Moderate
2008-12-29 18:00:00,1.1984,0.100733333333333,242.561833333333,4.90666666666667,0.0,0.166666666666667,10.9833333333333,18,0,0,0.35336944444444446,0.20469593236372596,4.128223486405257,0.8450305555555555,0.8450305555555555,0.2535091666666666,2.028073333333333,"Review the active loads during this period and consider shifting flexible usage. This occurred during an evening period, so peak-load shifting may help reduce consumption.",Moderate
2008-12-30 04:00:00,1.29386666666667,0.118766666666667,246.122,5.24666666666667,0.0,0.5,16.4,4,1,0,0.36143611111111107,0.2505395431808508,3.72169017200805,0.932430555555559,0.932430555555559,0.2797291666666677,2.2378333333333416,Review the active loads during this period and consider shifting flexible usage. Consider scheduling flexible loads outside high-consumption periods.,Moderate
2008-12-30 15:00:00,1.5488,0.104633333333333,246.0715,6.23333333333333,0.0,0.0,7.03333333333333,15,1,0,0.46576944444444485,0.34389229859860443,3.149330647906374,1.083030555555555,1.083030555555555,0.3249091666666665,2.599273333333332,Review the active loads during this period and consider shifting flexible usage. Consider scheduling flexible loads outside high-consumption periods.,Moderate
2008-12-30 16:00:00,2.08003333333333,0.1705,242.297,8.60333333333333,0.0,0.0,7.01666666666667,16,1,0,0.5182625000000004,0.40623335875987254,3.844516457488917,1.5617708333333296,1.5617708333333296,0.46853124999999884,3.7482499999999908,Review the active loads during this period and consider shifting flexible usage. Consider scheduling flexible loads outside high-consumption periods.,Moderate
2008-12-30 17:00:00,2.57123333333333,0.1073,239.635166666667,10.7133333333333,0.0,0.5,11.9333333333333,17,1,0,0.5937000000000002,0.5122953379025778,3.86014313819384,1.97753333333333,1.97753333333333,0.593259999999999,4.746079999999992,"Review the active loads during this period and consider shifting flexible usage. This occurred during an evening period, so peak-load shifting may help reduce consumption.",Moderate
2008-12-31 19:00:00,3.15303333333333,0.063333333333333,238.365,13.1933333333333,8.0,0.0,17.4333333333333,19,2,0,1.1060569444444446,0.6623675734553477,3.090393417374739,2.0469763888888854,2.0469763888888854,0.6140929166666657,4.912743333333325,"Review the active loads during this period and consider shifting flexible usage. This occurred during an evening period, so peak-load shifting may help reduce consumption.",Moderate
2008-12-31 20:00:00,4.17896666666667,0.1219,238.129666666667,17.6666666666667,21.95,0.5,17.4,20,2,0,1.1764916666666665,0.781156685232895,3.8436270939739092,3.002475000000004,3.002475000000004,0.9007425000000011,7.205940000000009,"Review the active loads during this period and consider shifting flexible usage. This occurred during an evening period, so peak-load shifting may help reduce consumption.",Moderate
2009-01-01 20:00:00,3.4588,0.137833333333333,239.003666666667,14.5866666666667,0.0,30.7166666666667,0.0,20,3,0,0.8835875000000003,0.8520144774808416,3.0224985232811448,2.5752124999999997,2.5752124999999997,0.7725637499999999,6.180509999999999,"Review the active loads during this period and consider shifting flexible usage. This occurred during an evening period, so peak-load shifting may help reduce consumption.",Moderate
2009-01-07 14:00:00,3.67523333333333,0.074366666666667,245.906,15.0766666666667,9.8,32.1,10.9333333333333,14,2,0,1.1613902777777783,0.7126951919074678,3.527234481303944,2.5138430555555518,2.5138430555555518,0.7541529166666655,6.033223333333324,Review the active loads during this period and consider shifting flexible usage. Consider scheduling flexible loads outside high-consumption periods.,Moderate
2009-01-16 17:00:00,4.15126666666667,0.285533333333333,235.7525,17.69,19.0,0.7,17.0666666666667,17,4,0,1.2713125000000007,0.929220027079609,3.0993242533933625,2.8799541666666695,2.8799541666666695,0.8639862500000008,6.911890000000007,"Review the active loads during this period and consider shifting flexible usage. This occurred during an evening period, so peak-load shifting may help reduce consumption.",Moderate
2009-01-16 19:00:00,4.9582,0.2593,238.370666666667,20.8633333333333,17.1833333333333,7.88333333333333,17.4333333333333,19,4,0,1.5135638888888898,1.1356543380143729,3.033173031447104,3.4446361111111097,3.4446361111111097,1.0333908333333328,8.267126666666663,"Review the active loads during this period and consider shifting flexible usage. This occurred during an evening period, so peak-load shifting may help reduce consumption.",Moderate
2009-01-16 20:00:00,6.51963333333333,0.4316,236.970166666667,27.7466666666667,26.15,28.2,17.2333333333333,20,4,0,1.6014180555555564,1.311460612140536,3.7501814635137034,4.918215277777773,4.918215277777773,1.475464583333332,11.803716666666656,"Review the active loads during this period and consider shifting flexible usage. This occurred during an evening period, so peak-load shifting may help reduce consumption.",Moderate
2009-01-21 21:00:00,3.5802,0.092633333333333,240.800333333333,14.99,0.0,18.5333333333333,7.58333333333333,21,2,0,1.1560388888888888,0.7322694941379659,3.3104767172704017,2.424161111111111,2.424161111111111,0.7272483333333334,5.817986666666667,"Review the active loads during this period and consider shifting flexible usage. This occurred during an evening period, so peak-load shifting may help reduce consumption.",Moderate
2009-01-24 11:00:00,5.0734,0.407633333333333,237.942666666667,21.5833333333333,19.35,37.5166666666667,17.3666666666667,11,5,1,1.2680944444444442,0.8070690868108191,4.714968789837366,3.805305555555556,3.805305555555556,1.1415916666666668,9.132733333333334,Review the active loads during this period and consider shifting flexible usage. Consider scheduling flexible loads outside high-consumption periods.,Moderate
2009-01-25 13:00:00,4.33043333333333,0.288633333333333,240.448,18.1866666666667,11.05,33.8,17.7333333333333,13,6,1,1.7304916666666672,0.8060786316548761,3.225419412655801,2.5999416666666626,2.5999416666666626,0.7799824999999988,6.23985999999999,Review the active loads during this period and consider shifting flexible usage. Consider scheduling flexible loads outside high-consumption periods.,Moderate
2009-01-28 15:00:00,4.20936666666667,0.127566666666667,243.807666666667,17.4033333333333,0.0,35.05,18.2,15,2,0,1.3171777777777771,0.8445013810960216,3.424729613982768,2.8921888888888923,2.8921888888888923,0.8676566666666676,6.941253333333341,Review the active loads during this period and consider shifting flexible usage. Consider scheduling flexible loads outside high-consumption periods.,Moderate
2009-01-31 17:00:00,5.0725,0.410766666666667,236.728333333333,21.6633333333333,24.0166666666667,14.05,17.1166666666667,17,5,1,1.667300000000001,1.0939271930837489,3.112821421324064,3.405199999999999,3.405199999999999,1.0215599999999996,8.172479999999997,"Review the active loads during this period and consider shifting flexible usage. This occurred during an evening period, so peak-load shifting may help reduce consumption.",Moderate
2009-02-04 07:00:00,3.36876666666667,0.065033333333333,241.031666666667,13.9333333333333,0.0,0.0,17.8166666666667,7,2,0,1.344059722222222,0.6429393174255932,3.149141590145116,2.024706944444448,2.024706944444448,0.6074120833333344,4.859296666666675,Review the active loads during this period and consider shifting flexible usage. Consider scheduling flexible loads outside high-consumption periods.,Moderate
2009-02-04 08:00:00,4.0461,0.3136,240.429333333333,16.92,0.0,28.0666666666667,17.7333333333333,8,2,0,1.397784722222222,0.751723269759214,3.5229922822876896,2.648315277777778,2.648315277777778,0.7944945833333333,6.355956666666667,Review the active loads during this period and consider shifting flexible usage. Consider scheduling flexible loads outside high-consumption periods.,Moderate
2009-02-07 11:00:00,3.71033333333333,0.242166666666667,237.737833333333,15.71,29.2166666666667,0.0,17.3333333333333,11,5,1,1.241365277777778,0.8059681285267232,3.0633569345585974,2.4689680555555524,2.4689680555555524,0.7406904166666657,5.9255233333333255,Review the active loads during this period and consider shifting flexible usage. Consider scheduling flexible loads outside high-consumption periods.,Moderate
2009-02-11 12:00:00,4.24926666666667,0.3649,237.819,18.0466666666667,0.0,39.3,17.35,12,2,0,1.3987430555555556,0.6844704047111914,4.164568097453209,2.8505236111111145,2.8505236111111145,0.8551570833333343,6.841256666666674,Review the active loads during this period and consider shifting flexible usage. Consider scheduling flexible loads outside high-consumption periods.,Moderate
2009-02-11 18:00:00,5.2338,0.310166666666667,236.914666666667,22.18,13.95,28.5166666666667,10.3666666666667,18,2,0,1.5313263888888888,1.0094671224952947,3.667750567209155,3.7024736111111105,3.7024736111111105,1.110742083333333,8.885936666666664,"Review the active loads during this period and consider shifting flexible usage. This occurred during an evening period, so peak-load shifting may help reduce consumption.",Moderate
2009-02-14 11:00:00,3.4953,0.254866666666667,238.157166666667,14.8333333333333,31.1833333333333,0.516666666666667,17.4166666666667,11,5,1,1.1864037356321837,0.7146580175095928,3.230770813169845,2.3088962643678164,2.3088962643678164,0.6926688793103449,5.5413510344827595,Review the active loads during this period and consider shifting flexible usage. Consider scheduling flexible loads outside high-consumption periods.,Moderate
2009-02-16 18:00:00,1.95496666666667,0.074266666666667,237.871833333333,8.25,0.0,0.0,5.03333333333333,18,0,0,0.6066722222222218,0.2762531765470404,4.880647749637227,1.3482944444444482,1.3482944444444482,0.40448833333333445,3.2359066666666756,"Review the active loads during this period and consider shifting flexible usage. This occurred during an evening period, so peak-load shifting may help reduce consumption.",Moderate
2009-02-16 19:00:00,3.1627,0.156133333333333,236.845166666667,13.3733333333333,0.0,0.533333333333333,17.2166666666667,19,0,0,0.6494874999999998,0.3859657482503578,6.5114910102587595,2.5132125000000003,2.5132125000000003,0.75396375,6.03171,"Reduce non-essential loads and shift flexible equipment usage to a lower-consumption period. This occurred during an evening period, so peak-load shifting may help reduce consumption.",High
2009-02-20 08:00:00,1.24533333333333,0.0923,237.586666666667,5.24666666666667,0.0,0.0,10.95,8,4,0,0.5206749999999999,0.23466430525202944,3.0880637451658752,0.7246583333333302,0.7246583333333302,0.21739749999999905,1.7391799999999924,Review the active loads during this period and consider shifting flexible usage. Consider scheduling flexible loads outside high-consumption periods.,Moderate
2009-02-20 12:00:00,1.746,0.1754,237.218666666667,7.45,0.0,0.533333333333333,9.66666666666667,12,4,0,0.6281222222222222,0.30675422279816145,3.6442131670778024,1.1178777777777777,1.1178777777777777,0.3353633333333333,2.6829066666666663,Review the active loads during this period and consider shifting flexible usage. Consider scheduling flexible loads outside high-consumption periods.,Moderate
2009-02-20 17:00:00,3.42476666666667,0.202966666666667,238.9225,14.4433333333333,33.75,0.3,0.0,17,4,0,0.6642944444444446,0.3716347013831409,7.4279183616286835,2.760472222222225,2.760472222222225,0.8281416666666676,6.62513333333334,"Reduce non-essential loads and shift flexible equipment usage to a lower-consumption period. This occurred during an evening period, so peak-load shifting may help reduce consumption.",High
2009-02-20 18:00:00,2.96103333333333,0.1227,236.151833333333,12.6633333333333,14.4333333333333,0.25,9.08333333333333,18,4,0,0.7757861111111114,0.6753836971303272,3.23556406751781,2.1852472222222183,2.1852472222222183,0.6555741666666655,5.244593333333324,"Review the active loads during this period and consider shifting flexible usage. This occurred during an evening period, so peak-load shifting may help reduce consumption.",Moderate
2009-02-22 16:00:00,3.7188,0.280666666666667,240.052,15.65,11.7666666666667,19.3833333333333,17.6666666666667,16,6,1,0.4568680555555555,0.2176224642689897,14.988948661166578,3.2619319444444446,3.2619319444444446,0.9785795833333333,7.828636666666666,Investigate the high-load source immediately and switch off or postpone non-essential equipment. Consider scheduling flexible loads outside high-consumption periods.,Critical
2009-02-22 17:00:00,4.82943333333333,0.199133333333333,235.173833333333,20.6866666666667,7.01666666666667,34.3833333333333,16.9666666666667,17,6,1,0.5986555555555554,0.6986667017691816,6.055502240287811,4.230777777777774,4.230777777777774,1.2692333333333323,10.153866666666659,"Reduce non-essential loads and shift flexible equipment usage to a lower-consumption period. This occurred during an evening period, so peak-load shifting may help reduce consumption.",High
2009-02-23 22:00:00,4.49416666666667,0.1251,237.8105,19.01,9.78333333333333,24.9666666666667,16.9333333333333,22,0,0,1.804840277777777,0.7132715888880369,3.770410080515684,2.689326388888893,2.689326388888893,0.8067979166666679,6.454383333333343,"Review the active loads during this period and consider shifting flexible usage. This occurred during an evening period, so peak-load shifting may help reduce consumption.",Moderate
2009-03-06 20:00:00,3.37566666666667,0.1251,239.337,14.1433333333333,7.3,0.483333333333333,15.8333333333333,20,4,0,1.1162902777777781,0.5995920482273654,3.7681893807106266,2.2593763888888923,2.2593763888888923,0.6778129166666677,5.422503333333341,"Review the active loads during this period and consider shifting flexible usage. This occurred during an evening period, so peak-load shifting may help reduce consumption.",Moderate
2009-03-08 11:00:00,4.05343333333333,0.3524,235.845,17.4266666666667,34.4833333333333,0.7,17.0666666666667,11,6,1,1.1475277777777775,0.8439549862453303,3.44319970012101,2.9059055555555524,2.9059055555555524,0.8717716666666657,6.974173333333326,Review the active loads during this period and consider shifting flexible usage. Consider scheduling flexible loads outside high-consumption periods.,Moderate
2009-03-11 11:00:00,3.2493,0.107866666666667,240.229,13.6866666666667,20.65,6.93333333333333,17.6833333333333,11,2,0,1.4557805555555554,0.5456634548714634,3.2868601120940495,1.7935194444444444,1.7935194444444444,0.5380558333333333,4.304446666666666,Review the active loads during this period and consider shifting flexible usage. Consider scheduling flexible loads outside high-consumption periods.,Moderate
2009-03-17 20:00:00,3.87466666666667,0.127333333333333,239.862333333333,16.2833333333333,0.0,24.5166666666667,11.3,20,1,0,1.2216940207156306,0.7658162110347932,3.464241952212353,2.6529726459510394,2.6529726459510394,0.7958917937853118,6.367134350282495,"Review the active loads during this period and consider shifting flexible usage. This occurred during an evening period, so peak-load shifting may help reduce consumption.",Moderate
2009-03-20 19:00:00,3.12763333333333,0.246933333333333,237.473,13.2966666666667,17.9166666666667,0.0,4.2,19,4,0,0.8327986111111114,0.4992392076180504,4.5966636578309625,2.2948347222222187,2.2948347222222187,0.6884504166666656,5.507603333333325,"Review the active loads during this period and consider shifting flexible usage. This occurred during an evening period, so peak-load shifting may help reduce consumption.",Moderate
2009-03-24 19:00:00,3.7412,0.297933333333333,234.715166666667,16.13,20.9666666666667,0.0,14.1666666666667,19,1,0,1.0050944444444438,0.6846358768930619,3.996439053080661,2.7361055555555565,2.7361055555555565,0.820831666666667,6.566653333333336,"Review the active loads during this period and consider shifting flexible usage. This occurred during an evening period, so peak-load shifting may help reduce consumption.",Moderate
2009-03-28 18:00:00,4.37503333333333,0.551133333333333,237.902166666667,18.7066666666667,33.1,0.0,17.3666666666667,18,5,1,1.3161875000000005,0.7906373380813344,3.8688355406491817,3.0588458333333293,3.0588458333333293,0.9176537499999987,7.34122999999999,"Review the active loads during this period and consider shifting flexible usage. This occurred during an evening period, so peak-load shifting may help reduce consumption.",Moderate
2009-04-04 15:00:00,3.23436666666667,0.3,240.371,13.6166666666667,19.4666666666667,6.66666666666667,13.7666666666667,15,5,1,1.0668277777777777,0.6628488147927297,3.270035097772142,2.1675388888888922,2.1675388888888922,0.6502616666666676,5.202093333333341,Review the active loads during this period and consider shifting flexible usage. Consider scheduling flexible loads outside high-consumption periods.,Moderate
2009-04-09 19:00:00,3.39686666666667,0.378966666666667,240.430833333333,14.3066666666667,23.2333333333333,0.0,19.2333333333333,19,3,0,1.0816541666666672,0.7427273288401496,3.1171769370806133,2.315212500000003,2.315212500000003,0.6945637500000009,5.556510000000007,"Review the active loads during this period and consider shifting flexible usage. This occurred during an evening period, so peak-load shifting may help reduce consumption.",Moderate
2009-04-11 11:00:00,3.45216666666667,0.203733333333333,238.992,14.5833333333333,0.0,31.9333333333333,18.15,11,5,1,1.1804111111111113,0.7378661958396968,3.07881776989429,2.2717555555555586,2.2717555555555586,0.6815266666666676,5.452213333333341,Review the active loads during this period and consider shifting flexible usage. Consider scheduling flexible loads outside high-consumption periods.,Moderate
2009-04-11 19:00:00,4.30473333333333,0.3481,236.8685,18.1966666666667,28.1166666666667,0.166666666666667,18.8666666666667,19,5,1,1.4407138888888895,0.8463548959195546,3.3839462124605753,2.864019444444441,2.864019444444441,0.8592058333333323,6.873646666666659,"Review the active loads during this period and consider shifting flexible usage. This occurred during an evening period, so peak-load shifting may help reduce consumption.",Moderate
2009-04-12 20:00:00,5.0983,0.289066666666667,234.788333333333,21.8366666666667,41.9333333333333,0.166666666666667,18.5333333333333,20,6,1,1.4511069444444438,0.9557631484020374,3.816000922041599,3.6471930555555563,3.6471930555555563,1.0941579166666668,8.753263333333335,"Review the active loads during this period and consider shifting flexible usage. This occurred during an evening period, so peak-load shifting may help reduce consumption.",Moderate
2009-04-12 21:00:00,5.13396666666667,0.3276,234.308833333333,22.0033333333333,37.1333333333333,1.38333333333333,9.91666666666667,21,6,1,1.4908222222222218,1.0838036326616873,3.3614432860843415,3.6431444444444487,3.6431444444444487,1.0929433333333345,8.743546666666676,"Review the active loads during this period and consider shifting flexible usage. This occurred during an evening period, so peak-load shifting may help reduce consumption.",Moderate
2009-04-19 20:00:00,2.03853333333333,0.166266666666667,239.109333333333,8.65333333333333,18.9833333333333,0.0,0.65,20,6,1,0.6534555555555557,0.4094334703397526,3.3829129226499752,1.3850777777777743,1.3850777777777743,0.4155233333333323,3.3241866666666584,"Review the active loads during this period and consider shifting flexible usage. This occurred during an evening period, so peak-load shifting may help reduce consumption.",Moderate
2009-04-19 21:00:00,3.18693333333333,0.2444,239.747833333333,13.3766666666667,8.2,0.566666666666667,15.7333333333333,21,6,1,0.7177277777777777,0.49563875282418957,4.981865403957661,2.4692055555555523,2.4692055555555523,0.7407616666666657,5.926093333333325,"Review the active loads during this period and consider shifting flexible usage. This occurred during an evening period, so peak-load shifting may help reduce consumption.",Moderate
2009-04-23 21:00:00,3.05966666666667,0.1127,237.774166666667,12.8933333333333,8.71666666666667,0.55,12.7166666666667,21,3,0,0.6225055555555554,0.30852327790827233,7.899439963281188,2.4371611111111147,2.4371611111111147,0.7311483333333344,5.849186666666675,"Reduce non-essential loads and shift flexible equipment usage to a lower-consumption period. This occurred during an evening period, so peak-load shifting may help reduce consumption.",High
2009-04-25 10:00:00,3.22283333333333,0.164066666666667,235.996333333333,13.76,0.0,28.0333333333333,18.7,10,5,1,0.764233333333333,0.4176412229547044,5.886870990861566,2.458599999999997,2.458599999999997,0.7375799999999991,5.900639999999993,Review the active loads during this period and consider shifting flexible usage. Consider scheduling flexible loads outside high-consumption periods.,Moderate
2009-04-25 11:00:00,2.9252,0.308733333333333,236.646833333333,12.56,0.0,20.0833333333333,18.7833333333333,11,5,1,0.8350027777777772,0.637879235152924,3.276791447398539,2.0901972222222227,2.0901972222222227,0.6270591666666668,5.016473333333335,Review the active loads during this period and consider shifting flexible usage. Consider scheduling flexible loads outside high-consumption periods.,Moderate
2009-04-27 21:00:00,2.88626666666667,0.125066666666667,239.746,12.03,0.0,0.116666666666667,19.0,21,0,0,0.8385888888888887,0.6099177399723668,3.3573015565517967,2.047677777777781,2.047677777777781,0.6143033333333343,4.9144266666666745,"Review the active loads during this period and consider shifting flexible usage. This occurred during an evening period, so peak-load shifting may help reduce consumption.",Moderate
2009-05-03 11:00:00,2.6576,0.1103,240.1005,11.41,17.9333333333333,0.0,18.6666666666667,11,6,1,0.8920013888888896,0.5293153007258675,3.3356273825636378,1.7655986111111104,1.7655986111111104,0.5296795833333331,4.237436666666665,Review the active loads during this period and consider shifting flexible usage. Consider scheduling flexible loads outside high-consumption periods.,Moderate
2009-05-03 20:00:00,4.2653,0.141266666666667,238.542166666667,18.0433333333333,8.28333333333333,17.8166666666667,15.2833333333333,20,6,1,0.9030791666666674,0.6223675275929498,5.402307614500645,3.3622208333333323,3.3622208333333323,1.0086662499999997,8.069329999999997,"Review the active loads during this period and consider shifting flexible usage. This occurred during an evening period, so peak-load shifting may help reduce consumption.",Moderate
2009-05-10 16:00:00,3.72056666666667,0.180733333333333,240.291166666667,15.63,8.56666666666667,43.9333333333333,1.63333333333333,16,6,1,0.8662291666666673,0.4727836663837512,6.037301419129783,2.854337500000003,2.854337500000003,0.8563012500000008,6.850410000000006,Reduce non-essential loads and shift flexible equipment usage to a lower-consumption period. Consider scheduling flexible loads outside high-consumption periods.,High
2009-05-10 19:00:00,3.63633333333333,0.323233333333333,237.005333333333,15.52,11.2833333333333,25.5,8.86666666666667,19,6,1,1.0895181497175148,0.7998499078351038,3.184116368168494,2.546815183615815,2.546815183615815,0.7640445550847444,6.112356440677956,"Review the active loads during this period and consider shifting flexible usage. This occurred during an evening period, so peak-load shifting may help reduce consumption.",Moderate
2009-05-14 20:00:00,3.18366666666667,0.159766666666667,239.152666666667,13.3933333333333,0.0,15.3333333333333,19.0833333333333,20,3,0,0.9568152777777778,0.6869058312904124,3.2418583267892167,2.226851388888892,2.226851388888892,0.6680554166666676,5.3444433333333405,"Review the active loads during this period and consider shifting flexible usage. This occurred during an evening period, so peak-load shifting may help reduce consumption.",Moderate
2009-05-16 14:00:00,3.7777,0.213466666666667,236.64,16.0366666666667,8.33333333333333,26.9,18.7666666666667,14,5,1,1.045759722222222,0.7396789706430057,3.693413475582376,2.731940277777778,2.731940277777778,0.8195820833333334,6.556656666666667,Review the active loads during this period and consider shifting flexible usage. Consider scheduling flexible loads outside high-consumption periods.,Moderate
2009-05-18 20:00:00,2.4866,0.210933333333333,239.299166666667,10.4133333333333,6.13333333333333,0.566666666666667,18.2,20,0,0,0.7971388888888891,0.5448710410443436,3.100662328966785,1.689461111111111,1.689461111111111,0.5068383333333333,4.054706666666666,"Review the active loads during this period and consider shifting flexible usage. This occurred during an evening period, so peak-load shifting may help reduce consumption.",Moderate
2009-05-21 12:00:00,2.85983333333333,0.1231,239.0,11.97,4.86666666666667,0.6,19.1333333333333,12,3,0,0.7559916666666667,0.48909565321637927,4.301493282206517,2.1038416666666633,2.1038416666666633,0.631152499999999,5.049219999999992,Review the active loads during this period and consider shifting flexible usage. Consider scheduling flexible loads outside high-consumption periods.,Moderate
2009-05-24 18:00:00,2.55796666666667,0.229933333333333,238.8205,10.82,0.0,0.45,19.1166666666667,18,6,1,0.8647486111111112,0.530183884787905,3.193643006016515,1.6932180555555587,1.6932180555555587,0.5079654166666676,4.063723333333341,"Review the active loads during this period and consider shifting flexible usage. This occurred during an evening period, so peak-load shifting may help reduce consumption.",Moderate
2009-05-25 21:00:00,2.35706666666667,0.169333333333333,233.710666666667,10.07,0.0,0.866666666666667,12.3833333333333,21,0,0,0.8729069444444447,0.49281789112652846,3.0115784125239373,1.4841597222222251,1.4841597222222251,0.4452479166666675,3.56198333333334,"Review the active loads during this period and consider shifting flexible usage. This occurred during an evening period, so peak-load shifting may help reduce consumption.",Moderate
2009-05-27 21:00:00,2.9227,0.025433333333333,228.91,12.76,8.2,0.0,17.65,21,2,0,1.0846902777777783,0.5668703860134463,3.242380917352461,1.8380097222222216,1.8380097222222216,0.5514029166666664,4.411223333333331,"Review the active loads during this period and consider shifting flexible usage. This occurred during an evening period, so peak-load shifting may help reduce consumption.",Moderate
2009-06-06 19:00:00,2.55576666666667,0.2823,238.190166666667,11.0166666666667,2.75,25.0666666666667,6.13333333333333,19,5,1,0.8069138888888893,0.5409461950899319,3.232951435192247,1.7488527777777807,1.7488527777777807,0.5246558333333342,4.197246666666674,"Review the active loads during this period and consider shifting flexible usage. This occurred during an evening period, so peak-load shifting may help reduce consumption.",Moderate
2009-06-07 13:00:00,3.45546666666667,0.435533333333333,238.613333333333,14.8166666666667,14.2833333333333,18.1333333333333,10.85,13,6,1,0.8825097222222222,0.6814928135538264,3.775471865986489,2.5729569444444476,2.5729569444444476,0.7718870833333342,6.175096666666674,Review the active loads during this period and consider shifting flexible usage. Consider scheduling flexible loads outside high-consumption periods.,Moderate
2009-06-08 19:00:00,2.4233,0.1319,236.034666666667,10.2866666666667,0.0,0.616666666666667,18.1,19,0,0,0.6416763888888889,0.41236142166220224,4.320539016306378,1.7816236111111108,1.7816236111111108,0.5344870833333332,4.275896666666665,"Review the active loads during this period and consider shifting flexible usage. This occurred during an evening period, so peak-load shifting may help reduce consumption.",Moderate
2009-06-17 21:00:00,2.3328,0.181866666666667,239.928833333333,9.72666666666667,7.66666666666667,0.366666666666667,17.3166666666667,21,2,0,0.6330347222222225,0.42907894113722933,3.9614278744902416,1.6997652777777779,1.6997652777777779,0.5099295833333334,4.079436666666667,"Review the active loads during this period and consider shifting flexible usage. This occurred during an evening period, so peak-load shifting may help reduce consumption.",Moderate
2009-06-21 18:00:00,1.09683333333333,0.119366666666667,240.508333333333,4.58666666666667,0.0,0.383333333333333,12.9666666666667,18,6,1,0.3857833333333334,0.1807960943423899,3.9328836310668134,0.7110499999999966,0.7110499999999966,0.21331499999999898,1.7065199999999918,"Review the active loads during this period and consider shifting flexible usage. This occurred during an evening period, so peak-load shifting may help reduce consumption.",Moderate
2009-06-21 19:00:00,1.4966,0.189333333333333,240.280333333333,6.28,0.1,0.15,18.3166666666667,19,6,1,0.41829305555555557,0.2309947145763976,4.668102239576623,1.0783069444444444,1.0783069444444444,0.3234920833333333,2.5879366666666663,"Review the active loads during this period and consider shifting flexible usage. This occurred during an evening period, so peak-load shifting may help reduce consumption.",Moderate
2009-06-21 20:00:00,2.05013333333333,0.1798,240.413833333333,8.54333333333333,8.18333333333334,0.483333333333333,19.3333333333333,20,6,1,0.4663916666666667,0.3181935553581969,4.97729020590569,1.5837416666666633,1.5837416666666633,0.47512249999999895,3.8009799999999916,"Review the active loads during this period and consider shifting flexible usage. This occurred during an evening period, so peak-load shifting may help reduce consumption.",Moderate
2009-06-23 22:00:00,2.13363333333333,0.085433333333333,240.965833333333,8.84,8.13333333333333,0.0,12.1166666666667,22,1,0,0.6489694444444444,0.4655495877339821,3.1890563927149937,1.4846638888888855,1.4846638888888855,0.4453991666666656,3.563193333333325,"Review the active loads during this period and consider shifting flexible usage. This occurred during an evening period, so peak-load shifting may help reduce consumption.",Moderate
2009-06-24 18:00:00,2.7345,0.248633333333333,238.715166666667,11.5233333333333,18.0833333333333,0.216666666666667,19.1666666666667,18,2,0,0.9583833333333335,0.5818829429736329,3.0523607679408276,1.7761166666666668,1.7761166666666668,0.5328350000000001,4.2626800000000005,"Review the active loads during this period and consider shifting flexible usage. This occurred during an evening period, so peak-load shifting may help reduce consumption.",Moderate
2009-06-29 22:00:00,1.87316666666667,0.2241,240.833,7.81666666666667,6.68333333333333,0.75,13.3833333333333,22,0,0,0.6831944444444445,0.37437383131256247,3.1785667765563583,1.1899722222222255,1.1899722222222255,0.35699166666666765,2.855933333333341,"Review the active loads during this period and consider shifting flexible usage. This occurred during an evening period, so peak-load shifting may help reduce consumption.",Moderate
2009-07-04 22:00:00,2.07173333333333,0.291566666666667,239.257666666667,8.88333333333333,8.5,0.683333333333333,11.8333333333333,22,5,1,0.7597513888888896,0.42060737299790324,3.119255697048802,1.3119819444444403,1.3119819444444403,0.3935945833333321,3.1487566666666567,"Review the active loads during this period and consider shifting flexible usage. This occurred during an evening period, so peak-load shifting may help reduce consumption.",Moderate
2009-07-07 20:00:00,2.36666666666667,0.284533333333333,241.139,10.04,6.53333333333333,20.1666666666667,1.71666666666667,20,1,0,0.7579124999999994,0.5118927908789606,3.142756052306015,1.6087541666666705,1.6087541666666705,0.48262625000000114,3.861010000000009,"Review the active loads during this period and consider shifting flexible usage. This occurred during an evening period, so peak-load shifting may help reduce consumption.",Moderate
2009-07-08 08:00:00,3.0504,0.193466666666667,236.991166666667,13.0033333333333,0.0,23.35,18.9833333333333,8,2,0,0.7776944444444442,0.575607343910687,3.948360943616097,2.2727055555555555,2.2727055555555555,0.6818116666666666,5.454493333333333,Review the active loads during this period and consider shifting flexible usage. Consider scheduling flexible loads outside high-consumption periods.,Moderate
2009-07-10 07:00:00,1.94046666666667,0.154633333333333,239.613,8.14333333333333,7.81666666666667,0.433333333333333,16.9333333333333,7,4,0,0.6185694444444446,0.3788326797136055,3.4893959602998588,1.3218972222222254,1.3218972222222254,0.3965691666666676,3.1725533333333407,Review the active loads during this period and consider shifting flexible usage. Consider scheduling flexible loads outside high-consumption periods.,Moderate
2009-07-12 22:00:00,0.864533333333333,0.143633333333333,240.857666666667,3.65,0.0,0.833333333333333,11.3,22,6,1,0.3328694444444445,0.16341061966702813,3.2535455160272178,0.5316638888888885,0.5316638888888885,0.15949916666666655,1.2759933333333324,"Review the active loads during this period and consider shifting flexible usage. This occurred during an evening period, so peak-load shifting may help reduce consumption.",Moderate
2009-07-13 09:00:00,1.14,0.124,242.394333333333,4.70333333333333,0.0,0.35,15.8833333333333,9,0,0,0.33747777777777777,0.17139523797538353,4.682290078196242,0.8025222222222221,0.8025222222222221,0.24075666666666662,1.926053333333333,Review the active loads during this period and consider shifting flexible usage. Consider scheduling flexible loads outside high-consumption periods.,Moderate
2009-07-14 11:00:00,1.23406666666667,0.2089,243.005,5.26333333333333,14.4833333333333,0.216666666666667,1.58333333333333,11,1,0,0.36219305555555564,0.21257590948333482,4.101469509081253,0.8718736111111143,0.8718736111111143,0.26156208333333425,2.092496666666674,Review the active loads during this period and consider shifting flexible usage. Consider scheduling flexible loads outside high-consumption periods.,Moderate
2009-07-14 12:00:00,2.74533333333333,0.4368,241.685833333333,11.6533333333333,23.6333333333333,0.766666666666667,15.7,12,1,0,0.4026666666666668,0.2758611738653524,8.492194221612776,2.342666666666663,2.342666666666663,0.7027999999999989,5.622399999999991,Reduce non-essential loads and shift flexible equipment usage to a lower-consumption period. Consider scheduling flexible loads outside high-consumption periods.,High
2009-07-16 17:00:00,1.1898,0.1506,241.8255,4.95333333333333,0.0,1.43333333333333,13.1,17,3,0,0.4066583333333335,0.17524893137150085,4.4687386139121505,0.7831416666666664,0.7831416666666664,0.23494249999999992,1.8795399999999993,"Review the active loads during this period and consider shifting flexible usage. This occurred during an evening period, so peak-load shifting may help reduce consumption.",Moderate
2009-07-17 09:00:00,1.35843333333333,0.095133333333333,241.209666666667,5.57333333333333,0.0,0.316666666666667,19.5166666666667,9,4,0,0.43054166666666666,0.23230245553029175,3.994325692978602,0.9278916666666635,0.9278916666666635,0.27836749999999905,2.2269399999999924,Review the active loads during this period and consider shifting flexible usage. Consider scheduling flexible loads outside high-consumption periods.,Moderate
2009-07-17 10:00:00,1.37366666666667,0.147533333333333,239.502,5.72,0.0,0.65,19.25,10,4,0,0.4747138888888888,0.29766106717173213,3.020054944770928,0.898952777777781,0.898952777777781,0.2696858333333343,2.1574866666666743,Review the active loads during this period and consider shifting flexible usage. Consider scheduling flexible loads outside high-consumption periods.,Moderate
2009-07-18 13:00:00,1.0999,0.1154,241.475166666667,4.60666666666667,0.0,0.233333333333333,12.4,13,5,1,0.4039583333333335,0.2164101597019316,3.2158456313936865,0.6959416666666667,0.6959416666666667,0.2087825,1.67026,Review the active loads during this period and consider shifting flexible usage. Consider scheduling flexible loads outside high-consumption periods.,Moderate
2009-07-18 19:00:00,1.55896666666667,0.182133333333333,241.243333333333,6.47,0.0,1.18333333333333,16.2833333333333,19,5,1,0.47685972222222234,0.2874798960379635,3.764113454046709,1.0821069444444475,1.0821069444444475,0.32463208333333426,2.597056666666674,"Review the active loads during this period and consider shifting flexible usage. This occurred during an evening period, so peak-load shifting may help reduce consumption.",Moderate
2009-07-20 13:00:00,1.82753333333333,0.075566666666667,242.26,7.52333333333333,7.35,0.0,19.2833333333333,13,0,0,0.43477222222222217,0.22958403420110995,6.066454559688952,1.3927611111111078,1.3927611111111078,0.4178283333333323,3.3426266666666584,Reduce non-essential loads and shift flexible equipment usage to a lower-consumption period. Consider scheduling flexible loads outside high-consumption periods.,High
2009-07-20 14:00:00,1.8438,0.201033333333333,240.321,7.70666666666667,7.78333333333333,0.916666666666667,19.2333333333333,14,0,0,0.4940124999999999,0.3651693710418387,3.6963327349964143,1.3497875000000001,1.3497875000000001,0.40493625000000005,3.2394900000000004,Review the active loads during this period and consider shifting flexible usage. Consider scheduling flexible loads outside high-consumption periods.,Moderate
2009-07-22 19:00:00,1.3132,0.182633333333333,241.845333333333,5.44666666666667,0.0,0.0,14.8,19,2,0,0.3855388888888888,0.18199097224161587,5.097291913356694,0.927661111111111,0.927661111111111,0.2782983333333333,2.2263866666666665,"Review the active loads during this period and consider shifting flexible usage. This occurred during an evening period, so peak-load shifting may help reduce consumption.",Moderate
2009-07-23 02:00:00,1.7405,0.201233333333333,241.0945,7.26,6.6,0.5,9.43333333333334,2,3,0,0.5729250000000002,0.3462236429564263,3.3723144671172673,1.1675749999999998,1.1675749999999998,0.35027249999999993,2.8021799999999994,Review the active loads during this period and consider shifting flexible usage. Consider scheduling flexible loads outside high-consumption periods.,Moderate
2009-07-24 21:00:00,0.963666666666667,0.173433333333333,240.611,4.07666666666667,0.0,0.933333333333333,12.6,21,4,0,0.36488750000000003,0.17217168569151553,3.4778027772784608,0.598779166666667,0.598779166666667,0.1796337500000001,1.4370700000000007,"Review the active loads during this period and consider shifting flexible usage. This occurred during an evening period, so peak-load shifting may help reduce consumption.",Moderate
2009-07-25 08:00:00,1.35083333333333,0.125566666666667,241.288166666667,5.61666666666667,0.0,0.133333333333333,16.4,8,5,1,0.3406513888888889,0.17852618205501472,5.658452630399853,1.010181944444441,1.010181944444441,0.3030545833333323,2.4244366666666584,Review the active loads during this period and consider shifting flexible usage. Consider scheduling flexible loads outside high-consumption periods.,Moderate
2009-07-26 07:00:00,1.25703333333333,0.132333333333333,241.597,5.21,0.0,0.233333333333333,17.6166666666667,7,6,1,0.37765694444444425,0.2597793258015771,3.3850899650134787,0.8793763888888857,0.8793763888888857,0.2638129166666657,2.1105033333333254,Review the active loads during this period and consider shifting flexible usage. Consider scheduling flexible loads outside high-consumption periods.,Moderate
2009-07-27 04:00:00,1.2118,0.207933333333333,242.412,5.04,0.0,1.43333333333333,16.0166666666667,4,0,0,0.3896833333333331,0.24335947169518696,3.3781987647326335,0.8221166666666668,0.8221166666666668,0.24663500000000005,1.9730800000000004,Review the active loads during this period and consider shifting flexible usage. Consider scheduling flexible loads outside high-consumption periods.,Moderate
2009-07-27 09:00:00,1.35373333333333,0.215666666666667,242.855666666667,5.60666666666667,0.0,1.43333333333333,16.1,9,0,0,0.3990472222222221,0.23191285572159595,4.1165726157810685,0.9546861111111078,0.9546861111111078,0.2864058333333323,2.2912466666666584,Review the active loads during this period and consider shifting flexible usage. Consider scheduling flexible loads outside high-consumption periods.,Moderate
2009-07-28 12:00:00,1.5792,0.206166666666667,241.4215,6.71333333333333,0.0,6.4,14.2833333333333,12,1,0,0.4140027777777775,0.21482344192305952,5.423976134967364,1.1651972222222224,1.1651972222222224,0.3495591666666667,2.7964733333333336,Review the active loads during this period and consider shifting flexible usage. Consider scheduling flexible loads outside high-consumption periods.,Moderate
2009-07-28 18:00:00,1.48646666666667,0.083533333333333,237.891666666667,6.38,0.0,18.4833333333333,1.6,18,1,0,0.45496249999999977,0.3251029426431094,3.17285398366582,1.0315041666666702,1.0315041666666702,0.30945125000000107,2.4756100000000085,"Review the active loads during this period and consider shifting flexible usage. This occurred during an evening period, so peak-load shifting may help reduce consumption.",Moderate
2009-07-30 18:00:00,1.59003333333333,0.1667,241.4125,6.85666666666667,0.0,19.7666666666667,1.63333333333333,18,3,0,0.4007597222222223,0.20372416939589544,5.837665774452135,1.1892736111111077,1.1892736111111077,0.35678208333333233,2.8542566666666587,"Review the active loads during this period and consider shifting flexible usage. This occurred during an evening period, so peak-load shifting may help reduce consumption.",Moderate
2009-07-31 17:00:00,1.8858,0.100666666666667,238.021333333333,8.10666666666667,0.0,14.7833333333333,12.9333333333333,17,4,0,0.6207694444444445,0.40103838840869666,3.1543876898546874,1.2650305555555554,1.2650305555555554,0.3795091666666666,3.036073333333333,"Review the active loads during this period and consider shifting flexible usage. This occurred during an evening period, so peak-load shifting may help reduce consumption.",Moderate
2009-07-31 19:00:00,2.98123333333333,0.2633,238.123166666667,12.74,6.8,23.4666666666667,16.2833333333333,19,4,0,0.6814513888888891,0.4797394660267964,4.793814366558668,2.2997819444444407,2.2997819444444407,0.6899345833333322,5.519476666666658,"Review the active loads during this period and consider shifting flexible usage. This occurred during an evening period, so peak-load shifting may help reduce consumption.",Moderate
2009-08-03 05:00:00,1.18116666666667,0.1629,241.061166666667,4.90333333333333,0.0,0.766666666666667,16.05,5,0,0,0.3370180555555556,0.17972144414594274,4.696983240495352,0.8441486111111145,0.8441486111111145,0.2532445833333343,2.0259566666666746,Review the active loads during this period and consider shifting flexible usage. Consider scheduling flexible loads outside high-consumption periods.,Moderate
2009-08-05 04:00:00,1.06686666666667,0.1097,241.039666666667,4.47,0.0,0.016666666666667,14.8333333333333,4,2,0,0.35369027777777773,0.18010583884590206,3.9597627342836095,0.7131763888888922,0.7131763888888922,0.21395291666666766,1.7116233333333413,Review the active loads during this period and consider shifting flexible usage. Consider scheduling flexible loads outside high-consumption periods.,Moderate
2009-08-05 16:00:00,1.21106666666667,0.081633333333333,243.288333333333,4.95666666666667,0.0,0.0,17.5833333333333,16,2,0,0.3570069444444446,0.2063827430197057,4.138232246194532,0.8540597222222255,0.8540597222222255,0.25621791666666766,2.0497433333333412,Review the active loads during this period and consider shifting flexible usage. Consider scheduling flexible loads outside high-consumption periods.,Moderate
2009-08-06 04:00:00,1.1637,0.0776,240.426333333333,4.82666666666667,0.0,0.066666666666667,16.7166666666667,4,3,0,0.36291250000000025,0.244006084071695,3.2818341519906884,0.8007874999999998,0.8007874999999998,0.24023624999999993,1.9218899999999994,Review the active loads during this period and consider shifting flexible usage. Consider scheduling flexible loads outside high-consumption periods.,Moderate
2009-08-07 17:00:00,1.08753333333333,0.100966666666667,241.435,4.50333333333333,0.0,0.0,15.3166666666667,17,4,0,0.34855972222222226,0.13695209606405376,5.395854699189728,0.7389736111111076,0.7389736111111076,0.22169208333333226,1.773536666666658,"Review the active loads during this period and consider shifting flexible usage. This occurred during an evening period, so peak-load shifting may help reduce consumption.",Moderate
2009-08-08 05:00:00,1.0085,0.092366666666667,242.2215,4.15,0.0,0.0,14.05,5,5,1,0.35656944444444433,0.19434990630020338,3.354416618799643,0.6519305555555557,0.6519305555555557,0.1955791666666667,1.5646333333333335,Review the active loads during this period and consider shifting flexible usage. Consider scheduling flexible loads outside high-consumption periods.,Moderate
2009-08-09 17:00:00,2.23416666666667,0.2287,240.1545,9.37333333333333,1.98333333333333,6.05,17.8166666666667,17,6,1,0.3678305555555556,0.17784284788167892,10.49429950847847,1.8663361111111143,1.8663361111111143,0.5599008333333343,4.479206666666674,"Investigate the high-load source immediately and switch off or postpone non-essential equipment. This occurred during an evening period, so peak-load shifting may help reduce consumption.",Critical
2009-08-09 18:00:00,2.7101,0.4212,240.8595,11.6033333333333,10.7333333333333,17.6166666666667,1.71666666666667,18,6,1,0.42713750000000017,0.41336471050988366,5.522877115426653,2.2829625,2.2829625,0.6848887499999999,5.4791099999999995,"Review the active loads during this period and consider shifting flexible usage. This occurred during an evening period, so peak-load shifting may help reduce consumption.",Moderate
2009-08-10 22:00:00,2.78083333333333,0.275633333333333,239.0395,11.77,0.0,12.5,9.35,22,0,0,0.5947319444444444,0.42816304362981106,5.105768518356724,2.186101388888886,2.186101388888886,0.6558304166666657,5.246643333333326,"Review the active loads during this period and consider shifting flexible usage. This occurred during an evening period, so peak-load shifting may help reduce consumption.",Moderate
2009-08-12 21:00:00,1.42006666666667,0.311966666666667,240.9305,6.06666666666667,7.16666666666667,0.6,1.68333333333333,21,2,0,0.5154569444444443,0.293073221709185,3.0866338348710176,0.9046097222222256,0.9046097222222256,0.27138291666666764,2.171063333333341,"Review the active loads during this period and consider shifting flexible usage. This occurred during an evening period, so peak-load shifting may help reduce consumption.",Moderate
2009-08-13 19:00:00,1.90133333333333,0.117555555555556,240.65,8.02222222222222,0.0,8.55555555555556,12.0,19,3,0,0.5499722222222222,0.3507547567575859,3.852723548507889,1.3513611111111077,1.3513611111111077,0.4054083333333323,3.2432666666666585,"Review the active loads during this period and consider shifting flexible usage. This occurred during an evening period, so peak-load shifting may help reduce consumption.",Moderate
2009-08-13 20:00:00,3.71753333333333,0.359833333333333,238.5545,15.79,13.4666666666667,21.4666666666667,12.5833333333333,20,3,0,0.617584722222222,0.4409723417421437,7.02980281907065,3.099948611111108,3.099948611111108,0.9299845833333323,7.439876666666659,"Reduce non-essential loads and shift flexible equipment usage to a lower-consumption period. This occurred during an evening period, so peak-load shifting may help reduce consumption.",High
2009-08-15 13:00:00,1.29136666666667,0.358866666666667,240.762166666667,5.62333333333333,0.0,1.16666666666667,11.4666666666667,13,5,1,0.4847791666666666,0.19181939064968823,4.204932031470378,0.8065875000000036,0.8065875000000036,0.24197625000000106,1.9358100000000085,Review the active loads during this period and consider shifting flexible usage. Consider scheduling flexible loads outside high-consumption periods.,Moderate
2009-08-15 15:00:00,1.6376,0.379233333333333,239.369666666667,7.2,14.1333333333333,1.05,1.71666666666667,15,5,1,0.527802777777778,0.2514949021134228,4.4128020603841485,1.1097972222222219,1.1097972222222219,0.33293916666666656,2.6635133333333325,Review the active loads during this period and consider shifting flexible usage. Consider scheduling flexible loads outside high-consumption periods.,Moderate
2009-08-15 16:00:00,2.6086,0.519,237.9805,11.38,17.65,0.283333333333333,13.7166666666667,16,5,1,0.577975,0.33732188862551316,6.019843563292604,2.030625,2.030625,0.6091875,4.8735,Reduce non-essential loads and shift flexible equipment usage to a lower-consumption period. Consider scheduling flexible loads outside high-consumption periods.,High
2009-08-15 17:00:00,2.76186666666667,0.563066666666667,237.7035,11.8633333333333,8.85,1.95,19.0333333333333,17,5,1,0.6700430555555558,0.5318154535782519,3.933363720509714,2.091823611111114,2.091823611111114,0.6275470833333342,5.020376666666674,"Review the active loads during this period and consider shifting flexible usage. This occurred during an evening period, so peak-load shifting may help reduce consumption.",Moderate
2009-08-18 08:00:00,1.45576666666667,0.1619,239.286166666667,6.07333333333333,0.0,0.683333333333333,19.25,8,1,0,0.5207222222222219,0.31017341349834093,3.0145860468774495,0.9350444444444481,0.9350444444444481,0.28051333333333445,2.2441066666666756,Review the active loads during this period and consider shifting flexible usage. Consider scheduling flexible loads outside high-consumption periods.,Moderate
2009-08-18 21:00:00,3.8541,0.3421,237.532833333333,16.4033333333333,23.6333333333333,1.0,18.45,21,1,0,0.6398499999999997,0.3564781484721769,9.016681706230507,3.2142500000000003,3.2142500000000003,0.964275,7.7142,"Reduce non-essential loads and shift flexible equipment usage to a lower-consumption period. This occurred during an evening period, so peak-load shifting may help reduce consumption.",High
2009-08-21 07:00:00,1.6922,0.228533333333333,239.298,7.19666666666667,0.166666666666667,1.01666666666667,18.6333333333333,7,4,0,0.5283319444444443,0.30070494558203326,3.8704652938208786,1.1638680555555556,1.1638680555555556,0.3491604166666667,2.7932833333333336,Review the active loads during this period and consider shifting flexible usage. Consider scheduling flexible loads outside high-consumption periods.,Moderate
2009-08-21 19:00:00,1.99066666666667,0.3933,239.935333333333,8.48333333333333,0.0,1.16666666666667,18.1166666666667,19,4,0,0.5743652777777776,0.38570099323381407,3.67201903478201,1.4163013888888925,1.4163013888888925,0.4248904166666677,3.3991233333333417,"Review the active loads during this period and consider shifting flexible usage. This occurred during an evening period, so peak-load shifting may help reduce consumption.",Moderate
2009-08-21 20:00:00,2.1803,0.332266666666667,239.276166666667,9.50333333333333,21.4,1.16666666666667,8.81666666666667,20,4,0,0.6425305555555555,0.4785731310166366,3.2132381547993485,1.5377694444444443,1.5377694444444443,0.46133083333333325,3.690646666666666,"Review the active loads during this period and consider shifting flexible usage. This occurred during an evening period, so peak-load shifting may help reduce consumption.",Moderate
2009-08-22 18:00:00,3.17776666666667,0.774333333333333,238.745833333333,13.8466666666667,18.95,1.2,16.9833333333333,18,5,1,1.0553611111111114,0.5706903135479318,3.719014507817294,2.1224055555555585,2.1224055555555585,0.6367216666666675,5.09377333333334,"Review the active loads during this period and consider shifting flexible usage. This occurred during an evening period, so peak-load shifting may help reduce consumption.",Moderate
2009-08-26 21:00:00,2.8228,0.335466666666667,239.688666666667,11.9333333333333,10.5666666666667,0.566666666666667,13.4666666666667,21,2,0,0.7456791666666658,0.6002626227830378,3.4603534428031515,2.077120833333334,2.077120833333334,0.6231362500000003,4.985090000000002,"Review the active loads during this period and consider shifting flexible usage. This occurred during an evening period, so peak-load shifting may help reduce consumption.",Moderate
2009-08-28 08:00:00,1.82346666666667,0.194966666666667,238.092333333333,7.67,7.21666666666667,0.683333333333333,19.0833333333333,8,4,0,0.5298819444444441,0.2545474842482381,5.081899457944376,1.2935847222222256,1.2935847222222256,0.38807541666666767,3.1046033333333414,Review the active loads during this period and consider shifting flexible usage. Consider scheduling flexible loads outside high-consumption periods.,Moderate
2009-08-28 09:00:00,1.6743,0.109733333333333,238.008333333333,7.06333333333333,8.06666666666667,0.0,16.6833333333333,9,4,0,0.5698055555555555,0.36193167672245286,3.051665591822253,1.1044944444444444,1.1044944444444444,0.3313483333333333,2.6507866666666664,Review the active loads during this period and consider shifting flexible usage. Consider scheduling flexible loads outside high-consumption periods.,Moderate
2009-08-28 12:00:00,1.939,0.229866666666667,240.256166666667,8.11666666666667,10.8333333333333,0.6,17.2833333333333,12,4,0,0.6365055555555554,0.4157324489939726,3.133011261440717,1.3024944444444446,1.3024944444444446,0.39074833333333336,3.125986666666667,Review the active loads during this period and consider shifting flexible usage. Consider scheduling flexible loads outside high-consumption periods.,Moderate
2009-08-30 15:00:00,3.59143333333333,0.541633333333333,238.119166666667,15.3633333333333,21.95,1.4,18.9833333333333,15,6,1,1.108165277777778,0.7359756351957807,3.374117208234706,2.483268055555552,2.483268055555552,0.7449804166666656,5.959843333333325,Review the active loads during this period and consider shifting flexible usage. Consider scheduling flexible loads outside high-consumption periods.,Moderate
2009-08-31 21:00:00,2.5673,0.175366666666667,239.453,10.8066666666667,6.95,0.0,13.1833333333333,21,0,0,0.8661347222222219,0.5206082085499285,3.267649740898446,1.7011652777777782,1.7011652777777782,0.5103495833333335,4.082796666666668,"Review the active loads during this period and consider shifting flexible usage. This occurred during an evening period, so peak-load shifting may help reduce consumption.",Moderate
2009-09-06 20:00:00,2.4406,0.156166666666667,239.426166666667,10.1833333333333,0.0,0.0,17.0,20,6,1,0.6773319444444441,0.4436911739307666,3.9740886435363154,1.7632680555555558,1.7632680555555558,0.5289804166666667,4.231843333333334,"Review the active loads during this period and consider shifting flexible usage. This occurred during an evening period, so peak-load shifting may help reduce consumption.",Moderate
2009-09-06 21:00:00,2.59486666666667,0.233866666666667,239.2305,10.83,0.0,0.95,18.6666666666667,21,6,1,0.7593541666666663,0.5684968606435575,3.228711760909536,1.8355125000000037,1.8355125000000037,0.550653750000001,4.405230000000008,"Review the active loads during this period and consider shifting flexible usage. This occurred during an evening period, so peak-load shifting may help reduce consumption.",Moderate
2009-09-07 21:00:00,3.14966666666667,0.087466666666667,238.769333333333,13.1933333333333,6.43333333333333,0.216666666666667,11.6333333333333,21,0,0,0.8030083333333339,0.7591099910914534,3.0913284779183257,2.346658333333336,2.346658333333336,0.7039975000000008,5.631980000000007,"Review the active loads during this period and consider shifting flexible usage. This occurred during an evening period, so peak-load shifting may help reduce consumption.",Moderate
2009-09-12 19:00:00,3.06166666666667,0.436366666666667,239.391,13.0233333333333,20.5166666666667,0.5,19.1,19,5,1,1.0032680555555553,0.5941150043583863,3.4646467367611424,2.058398611111115,2.058398611111115,0.6175195833333345,4.940156666666676,"Review the active loads during this period and consider shifting flexible usage. This occurred during an evening period, so peak-load shifting may help reduce consumption.",Moderate
2009-09-12 21:00:00,4.30033333333333,0.2758,237.124,18.1466666666667,30.1166666666667,0.033333333333333,16.8833333333333,21,5,1,1.0966875,0.7270148453063897,4.40657553833471,3.20364583333333,3.20364583333333,0.961093749999999,7.688749999999992,"Review the active loads during this period and consider shifting flexible usage. This occurred during an evening period, so peak-load shifting may help reduce consumption.",Moderate
2009-09-12 22:00:00,4.4504,0.44,237.424,18.8333333333333,41.6666666666667,0.933333333333333,7.1,22,5,1,1.2215875,0.9780894189095531,3.3011424493270978,3.2288125,3.2288125,0.96864375,7.74915,"Review the active loads during this period and consider shifting flexible usage. This occurred during an evening period, so peak-load shifting may help reduce consumption.",Moderate
2009-09-15 20:00:00,3.51663333333333,0.144,238.783,14.7266666666667,7.6,0.883333333333333,18.05,20,1,0,0.8609277777777776,0.6647075730341405,3.9952990808172286,2.6557055555555524,2.6557055555555524,0.7967116666666657,6.373693333333326,"Review the active loads during this period and consider shifting flexible usage. This occurred during an evening period, so peak-load shifting may help reduce consumption.",Moderate
2009-09-18 20:00:00,3.30503333333333,0.1789,238.413666666667,13.8533333333333,4.08333333333333,1.2,18.85,20,4,0,0.8186444444444444,0.660576452085528,3.763968396147069,2.486388888888886,2.486388888888886,0.7459166666666658,5.967333333333326,"Review the active loads during this period and consider shifting flexible usage. This occurred during an evening period, so peak-load shifting may help reduce consumption.",Moderate
2009-09-24 20:00:00,3.6872,0.149066666666667,238.623166666667,15.4566666666667,7.95,0.1,18.9666666666667,20,3,0,0.9090986111111116,0.7581551309956135,3.664291482457779,2.778101388888888,2.778101388888888,0.8334304166666664,6.667443333333331,"Review the active loads during this period and consider shifting flexible usage. This occurred during an evening period, so peak-load shifting may help reduce consumption.",Moderate
2009-09-27 20:00:00,2.7971,0.2709,238.374,11.8633333333333,0.0,20.05,6.73333333333333,20,6,1,0.6753680555555562,0.46132882060696223,4.59917492614686,2.1217319444444436,2.1217319444444436,0.636519583333333,5.092156666666664,"Review the active loads during this period and consider shifting flexible usage. This occurred during an evening period, so peak-load shifting may help reduce consumption.",Moderate
2009-09-27 21:00:00,2.7097,0.218366666666667,239.1225,11.4,6.31666666666667,0.766666666666667,18.2333333333333,21,6,1,0.7669027777777785,0.632110961404851,3.073506616471897,1.9427972222222216,1.9427972222222216,0.5828391666666665,4.662713333333332,"Review the active loads during this period and consider shifting flexible usage. This occurred during an evening period, so peak-load shifting may help reduce consumption.",Moderate
2009-10-03 15:00:00,2.81666666666667,0.306366666666667,239.717166666667,11.9366666666667,18.45,0.0,18.95,15,5,1,0.8505208333333331,0.5995299147075233,3.2794791137194688,1.966145833333337,1.966145833333337,0.5898437500000011,4.718750000000009,Review the active loads during this period and consider shifting flexible usage. Consider scheduling flexible loads outside high-consumption periods.,Moderate
2009-10-04 20:00:00,3.42866666666667,0.158233333333333,236.557666666667,14.5033333333333,6.8,0.0,18.5666666666667,20,6,1,0.9477388888888897,0.7073724916196164,3.5072437890500816,2.4809277777777803,2.4809277777777803,0.744278333333334,5.954226666666672,"Review the active loads during this period and consider shifting flexible usage. This occurred during an evening period, so peak-load shifting may help reduce consumption.",Moderate
2009-10-07 20:00:00,3.6453,0.222966666666667,237.2795,15.38,9.05,2.43333333333333,18.25,20,2,0,1.1973402777777775,0.7807602187153244,3.135354060751373,2.4479597222222225,2.4479597222222225,0.7343879166666667,5.875103333333334,"Review the active loads during this period and consider shifting flexible usage. This occurred during an evening period, so peak-load shifting may help reduce consumption.",Moderate
2009-10-10 14:00:00,2.63816666666667,0.273833333333333,235.3365,11.31,18.2,0.416666666666667,18.1166666666667,14,5,1,0.888488888888889,0.5509377115398453,3.175817776001416,1.749677777777781,1.749677777777781,0.5249033333333343,4.199226666666674,Review the active loads during this period and consider shifting flexible usage. Consider scheduling flexible loads outside high-consumption periods.,Moderate
2009-10-14 07:00:00,3.38533333333333,0.152366666666667,235.525666666667,14.35,0.15,0.433333333333333,18.3833333333333,7,2,0,1.0322861111111112,0.7340339311429853,3.2056382169666477,2.3530472222222185,2.3530472222222185,0.7059141666666655,5.647313333333324,Review the active loads during this period and consider shifting flexible usage. Consider scheduling flexible loads outside high-consumption periods.,Moderate
2009-10-15 20:00:00,3.37746666666667,0.1018,236.635666666667,14.26,7.65,0.733333333333333,15.5833333333333,20,3,0,0.9866277777777773,0.666027766294335,3.589698522917615,2.3908388888888927,2.3908388888888927,0.7172516666666678,5.738013333333343,"Review the active loads during this period and consider shifting flexible usage. This occurred during an evening period, so peak-load shifting may help reduce consumption.",Moderate
2009-10-17 16:00:00,4.66316666666667,0.409266666666667,238.065333333333,19.8166666666667,20.0833333333333,28.1,18.6833333333333,16,5,1,1.232873611111111,0.8291961298372642,4.136889852861203,3.430293055555559,3.430293055555559,1.0290879166666678,8.232703333333342,Review the active loads during this period and consider shifting flexible usage. Consider scheduling flexible loads outside high-consumption periods.,Moderate
2009-10-23 15:00:00,4.0253,0.457333333333333,240.2285,17.12,32.0333333333333,0.85,17.4333333333333,15,4,0,0.7975416666666669,0.5275140811592046,6.118809807390127,3.2277583333333326,3.2277583333333326,0.9683274999999998,7.746619999999998,Reduce non-essential loads and shift flexible equipment usage to a lower-consumption period. Consider scheduling flexible loads outside high-consumption periods.,High
2009-10-28 21:00:00,2.64506666666667,0.133466666666667,236.453,11.1933333333333,8.2,0.666666666666667,15.3,21,2,0,0.7583638888888887,0.48472854995522147,3.8922872976062,1.886702777777781,1.886702777777781,0.5660108333333342,4.528086666666674,"Review the active loads during this period and consider shifting flexible usage. This occurred during an evening period, so peak-load shifting may help reduce consumption.",Moderate
2009-10-29 15:00:00,3.43806666666667,0.228566666666667,239.5115,14.39,0.0,4.3,11.3166666666667,15,3,0,0.9124888888888892,0.6415988213834468,3.9363815730396854,2.5255777777777806,2.5255777777777806,0.7576733333333342,6.061386666666674,Review the active loads during this period and consider shifting flexible usage. Consider scheduling flexible loads outside high-consumption periods.,Moderate
2009-10-31 12:00:00,3.68986666666667,0.3049,239.026333333333,15.64,11.6666666666667,24.0166666666667,18.1333333333333,12,5,1,0.9501013888888888,0.7639218900859955,3.586446878056293,2.7397652777777814,2.7397652777777814,0.8219295833333344,6.5754366666666755,Review the active loads during this period and consider shifting flexible usage. Consider scheduling flexible loads outside high-consumption periods.,Moderate
2009-11-03 19:00:00,4.12583333333333,0.141566666666667,233.655833333333,17.6266666666667,4.2,0.183333333333333,11.9666666666667,19,1,0,1.2901666666666665,0.8591683380126713,3.300478545596546,2.8356666666666634,2.8356666666666634,0.850699999999999,6.805599999999992,"Review the active loads during this period and consider shifting flexible usage. This occurred during an evening period, so peak-load shifting may help reduce consumption.",Moderate
2009-11-03 20:00:00,4.83083333333333,0.351333333333333,233.701333333333,20.76,11.2833333333333,18.45,17.3666666666667,20,1,0,1.3798333333333332,1.0291101691703521,3.3533824690335376,3.450999999999997,3.450999999999997,1.035299999999999,8.282399999999992,"Review the active loads during this period and consider shifting flexible usage. This occurred during an evening period, so peak-load shifting may help reduce consumption.",Moderate
2009-11-05 20:00:00,3.57276666666667,0.251233333333333,236.7795,15.1033333333333,8.15,0.766666666666667,18.65,20,3,0,0.9513916666666665,0.6745093208317227,3.8863436264567013,2.6213750000000036,2.6213750000000036,0.7864125000000011,6.2913000000000086,"Review the active loads during this period and consider shifting flexible usage. This occurred during an evening period, so peak-load shifting may help reduce consumption.",Moderate
2009-11-08 12:00:00,4.3383,0.246566666666667,238.598666666667,18.2933333333333,25.4333333333333,0.0,18.9166666666667,12,6,1,1.1872194444444448,0.8057865780489959,3.9105647095600466,3.1510805555555557,3.1510805555555557,0.9453241666666666,7.562593333333333,Review the active loads during this period and consider shifting flexible usage. Consider scheduling flexible loads outside high-consumption periods.,Moderate
2009-11-11 17:00:00,4.53616666666667,0.169566666666667,233.048666666667,19.5566666666667,9.9,30.6333333333333,17.45,17,2,0,1.058240277777778,0.6911288654057238,5.032240097289515,3.477926388888892,3.477926388888892,1.0433779166666675,8.34702333333334,"Review the active loads during this period and consider shifting flexible usage. This occurred during an evening period, so peak-load shifting may help reduce consumption.",Moderate
2009-11-21 17:00:00,4.76863333333333,0.3497,233.4365,20.5,28.8833333333333,0.3,16.2666666666667,17,5,1,1.3362722222222223,0.8872721178301965,3.8684424339906767,3.432361111111108,3.432361111111108,1.0297083333333323,8.237666666666659,"Review the active loads during this period and consider shifting flexible usage. This occurred during an evening period, so peak-load shifting may help reduce consumption.",Moderate
2009-11-22 20:00:00,5.11516666666667,0.180666666666667,235.15,21.7433333333333,37.1,0.3,17.5666666666667,20,6,1,1.6360874999999997,1.1249611790966865,3.0926215333584017,3.4790791666666703,3.4790791666666703,1.043723750000001,8.349790000000008,"Review the active loads during this period and consider shifting flexible usage. This occurred during an evening period, so peak-load shifting may help reduce consumption.",Moderate
2009-11-24 19:00:00,4.5056,0.275766666666667,235.804,19.26,7.1,25.7333333333333,10.2,19,1,0,1.3117097222222223,0.8099769445325541,3.9431866540608818,3.1938902777777782,3.1938902777777782,0.9581670833333334,7.665336666666668,"Review the active loads during this period and consider shifting flexible usage. This occurred during an evening period, so peak-load shifting may help reduce consumption.",Moderate
2009-11-26 20:00:00,3.81416666666667,0.297866666666667,236.829666666667,16.26,19.0166666666667,0.15,11.05,20,3,0,1.0122444444444443,0.6566120088829644,4.2672418175672515,2.8019222222222258,2.8019222222222258,0.8405766666666677,6.724613333333342,"Review the active loads during this period and consider shifting flexible usage. This occurred during an evening period, so peak-load shifting may help reduce consumption.",Moderate
2009-11-28 17:00:00,3.282,0.513233333333333,238.057833333333,14.0633333333333,18.1666666666667,0.333333333333333,18.0,17,5,1,0.9798388888888886,0.6232793290305416,3.6936266034876026,2.3021611111111113,2.3021611111111113,0.6906483333333334,5.525186666666667,"Review the active loads during this period and consider shifting flexible usage. This occurred during an evening period, so peak-load shifting may help reduce consumption.",Moderate
2009-12-12 17:00:00,4.24133333333333,0.6369,238.201166666667,18.08,0.0,25.45,16.6333333333333,17,5,1,1.116719444444444,0.7298377590154409,4.281244496179568,3.124613888888886,3.124613888888886,0.9373841666666658,7.499073333333326,"Review the active loads during this period and consider shifting flexible usage. This occurred during an evening period, so peak-load shifting may help reduce consumption.",Moderate
2009-12-19 07:00:00,3.36903333333333,0.127166666666667,241.722166666667,13.8966666666667,0.0,0.0,19.4333333333333,7,5,1,1.5003222222222228,0.5911542608020247,3.161122629101597,1.8687111111111074,1.8687111111111074,0.5606133333333322,4.4849066666666575,Review the active loads during this period and consider shifting flexible usage. Consider scheduling flexible loads outside high-consumption periods.,Moderate
2009-12-21 12:00:00,1.86716666666667,0.097,244.095833333333,7.6,0.0,0.666666666666667,18.2833333333333,12,0,0,0.6251513888888889,0.41250913665524697,3.0108794385705715,1.242015277777781,1.242015277777781,0.3726045833333343,2.9808366666666744,Review the active loads during this period and consider shifting flexible usage. Consider scheduling flexible loads outside high-consumption periods.,Moderate
2009-12-21 19:00:00,3.3253,0.2923,240.853,13.9233333333333,18.3666666666667,0.633333333333333,0.0,19,0,0,0.9367055555555561,0.6159372723305808,3.8779832813274804,2.388594444444444,2.388594444444444,0.7165783333333331,5.732626666666665,"Review the active loads during this period and consider shifting flexible usage. This occurred during an evening period, so peak-load shifting may help reduce consumption.",Moderate
2009-12-21 20:00:00,4.21143333333333,0.326033333333333,242.763,17.5133333333333,26.05,0.05,15.6333333333333,20,0,0,1.0598611111111118,0.7730637118481694,4.076730253820517,3.1515722222222182,3.1515722222222182,0.9454716666666654,7.563773333333323,"Review the active loads during this period and consider shifting flexible usage. This occurred during an evening period, so peak-load shifting may help reduce consumption.",Moderate
2009-12-24 15:00:00,3.50866666666667,0.1461,248.4055,14.1933333333333,0.0,20.1833333333333,20.35,15,3,0,0.8549236111111113,0.5744634792005208,4.619515690098813,2.653743055555559,2.653743055555559,0.7961229166666676,6.3689833333333405,Review the active loads during this period and consider shifting flexible usage. Consider scheduling flexible loads outside high-consumption periods.,Moderate
2009-12-24 16:00:00,4.53326666666667,0.3423,246.2255,18.52,0.0,22.0666666666667,20.0166666666667,16,3,0,0.9904819444444447,0.7754922396867641,4.568433494129126,3.542784722222225,3.542784722222225,1.0628354166666674,8.502683333333339,Review the active loads during this period and consider shifting flexible usage. Consider scheduling flexible loads outside high-consumption periods.,Moderate
2009-12-24 17:00:00,4.67096666666667,0.110766666666667,241.997666666667,19.34,0.0,28.7833333333333,18.6,17,3,0,1.1649666666666671,1.0474969074470297,3.3470265879303285,3.506000000000003,3.506000000000003,1.0518000000000007,8.414400000000006,"Review the active loads during this period and consider shifting flexible usage. This occurred during an evening period, so peak-load shifting may help reduce consumption.",Moderate
2010-01-02 17:00:00,2.3318,0.458466666666667,240.675833333333,9.86666666666667,0.666666666666667,0.716666666666667,15.1,17,5,1,0.524997222222222,0.33595260677899347,5.37814781406469,1.806802777777778,1.806802777777778,0.5420408333333334,4.336326666666667,"Review the active loads during this period and consider shifting flexible usage. This occurred during an evening period, so peak-load shifting may help reduce consumption.",Moderate
2010-01-02 18:00:00,3.52515254237288,0.224677966101695,238.081355932203,14.8372881355932,12.8983050847458,0.0,18.0,18,5,1,0.5737305555555553,0.4844264171317735,6.092611555522332,2.9514219868173246,2.9514219868173246,0.8854265960451974,7.083412768361579,"Reduce non-essential loads and shift flexible equipment usage to a lower-consumption period. This occurred during an evening period, so peak-load shifting may help reduce consumption.",High
2010-01-09 14:00:00,3.41116666666667,0.222966666666667,240.589333333333,14.4133333333333,9.83333333333333,33.1,3.4,14,5,1,1.1927708333333336,0.7136372518840042,3.1085762794427647,2.2183958333333367,2.2183958333333367,0.6655187500000009,5.3241500000000075,Review the active loads during this period and consider shifting flexible usage. Consider scheduling flexible loads outside high-consumption periods.,Moderate
2010-01-09 18:00:00,4.30086666666667,0.420933333333333,238.512,18.1433333333333,7.28333333333333,18.3666666666667,10.1666666666667,18,5,1,1.2684486111111113,0.84301517226815,3.5971097025416214,3.032418055555559,3.032418055555559,0.9097254166666677,7.277803333333342,"Review the active loads during this period and consider shifting flexible usage. This occurred during an evening period, so peak-load shifting may help reduce consumption.",Moderate
2010-01-11 20:00:00,3.26706666666667,0.055366666666667,243.21,13.4366666666667,9.78333333333333,0.0,17.3,20,0,0,1.0199791666666667,0.6897503117377025,3.257827451123391,2.2470875000000037,2.2470875000000037,0.674126250000001,5.393010000000008,"Review the active loads during this period and consider shifting flexible usage. This occurred during an evening period, so peak-load shifting may help reduce consumption.",Moderate
2010-01-15 20:00:00,5.3368,0.333233333333333,240.994666666667,22.4266666666667,11.6833333333333,19.8333333333333,18.4666666666667,20,4,0,1.3333444444444453,0.7497141843587103,5.3399757388611055,4.003455555555555,4.003455555555555,1.2010366666666665,9.608293333333332,"Review the active loads during this period and consider shifting flexible usage. This occurred during an evening period, so peak-load shifting may help reduce consumption.",Moderate
2010-01-19 19:00:00,4.45376666666667,0.318033333333333,239.071333333333,18.8933333333333,14.9833333333333,0.0,19.0166666666667,19,1,0,1.523477777777778,0.8287220274666013,3.5359128776228737,2.9302888888888923,2.9302888888888923,0.8790866666666677,7.0326933333333415,"Review the active loads during this period and consider shifting flexible usage. This occurred during an evening period, so peak-load shifting may help reduce consumption.",Moderate
2010-01-23 18:00:00,5.26553333333333,0.370066666666667,234.6485,22.5533333333333,0.0,36.3,13.3,18,5,1,1.3826081214689268,0.8065013624145927,4.814530257257438,3.8829252118644035,3.8829252118644035,1.164877563559321,9.319020508474567,"Review the active loads during this period and consider shifting flexible usage. This occurred during an evening period, so peak-load shifting may help reduce consumption.",Moderate
2010-01-25 19:00:00,3.71333333333333,0.169566666666667,238.551,15.5733333333333,8.66666666666667,0.0,18.1,19,0,0,1.071830555555556,0.6796143998295667,3.8867669349563636,2.6415027777777738,2.6415027777777738,0.7924508333333321,6.339606666666657,"Review the active loads during this period and consider shifting flexible usage. This occurred during an evening period, so peak-load shifting may help reduce consumption.",Moderate
2010-01-27 17:00:00,4.07983333333333,0.050433333333333,237.104166666667,17.2233333333333,0.0,30.1666666666667,11.65,17,2,0,1.5005888888888892,0.5752629512314889,4.483592136296883,2.5792444444444405,2.5792444444444405,0.7737733333333321,6.190186666666657,"Review the active loads during this period and consider shifting flexible usage. This occurred during an evening period, so peak-load shifting may help reduce consumption.",Moderate
2010-01-30 18:00:00,5.14216666666667,0.268566666666667,235.971333333333,21.89,9.63333333333333,31.4666666666667,18.5666666666667,18,5,1,1.4065430555555558,1.1329853349984895,3.2971508948225656,3.735623611111114,3.735623611111114,1.1206870833333342,8.965496666666674,"Review the active loads during this period and consider shifting flexible usage. This occurred during an evening period, so peak-load shifting may help reduce consumption.",Moderate
2010-02-03 21:00:00,4.5192,0.226366666666667,235.809,19.2366666666667,8.31666666666667,19.6666666666667,18.65,21,2,0,1.874981944444445,0.8400910028907956,3.1475376434894153,2.6442180555555543,2.6442180555555543,0.7932654166666663,6.34612333333333,"Review the active loads during this period and consider shifting flexible usage. This occurred during an evening period, so peak-load shifting may help reduce consumption.",Moderate
2010-02-13 12:00:00,3.92413333333333,0.213333333333333,240.062333333333,16.6633333333333,11.55,31.5833333333333,8.8,12,5,1,1.228994444444445,0.6999443306135965,3.850504634456042,2.695138888888885,2.695138888888885,0.8085416666666655,6.468333333333324,Review the active loads during this period and consider shifting flexible usage. Consider scheduling flexible loads outside high-consumption periods.,Moderate
2010-02-15 19:00:00,3.50813333333333,0.2021,239.409333333333,14.7833333333333,8.08333333333333,0.0,18.8166666666667,19,0,0,1.1163378766478342,0.7086935741174925,3.374936000603508,2.3917954566854958,2.3917954566854958,0.7175386370056487,5.7403090960451895,"Review the active loads during this period and consider shifting flexible usage. This occurred during an evening period, so peak-load shifting may help reduce consumption.",Moderate
2010-02-15 20:00:00,4.61963333333333,0.1234,236.67,19.69,33.4833333333333,0.0,17.8166666666667,20,0,0,1.1627225988700562,0.8231962830627144,4.199376024393337,3.456910734463274,3.456910734463274,1.037073220338982,8.296585762711857,"Review the active loads during this period and consider shifting flexible usage. This occurred during an evening period, so peak-load shifting may help reduce consumption.",Moderate
2010-02-17 12:00:00,4.05993333333333,0.192833333333333,241.455,16.9233333333333,0.0,41.8333333333333,18.5166666666667,12,2,0,1.2366986111111116,0.7020591186881894,4.021363225788571,2.8232347222222183,2.8232347222222183,0.8469704166666655,6.775763333333324,Review the active loads during this period and consider shifting flexible usage. Consider scheduling flexible loads outside high-consumption periods.,Moderate
2010-02-21 11:00:00,5.0908,0.275666666666667,238.412666666667,22.01,23.9333333333333,28.65,18.7333333333333,11,6,1,1.171347222222222,0.8604172466596781,4.555293135968535,3.919452777777778,3.919452777777778,1.1758358333333334,9.406686666666667,Review the active loads during this period and consider shifting flexible usage. Consider scheduling flexible loads outside high-consumption periods.,Moderate
2010-03-01 11:00:00,2.39663333333333,0.202566666666667,239.571833333333,10.3366666666667,12.9666666666667,1.18333333333333,10.25,11,0,0,0.41915138888888864,0.23638401982557014,8.365548339112104,1.9774819444444411,1.9774819444444411,0.5932445833333323,4.745956666666658,Reduce non-essential loads and shift flexible equipment usage to a lower-consumption period. Consider scheduling flexible loads outside high-consumption periods.,High
2010-03-01 12:00:00,2.12276666666667,0.055433333333333,241.198666666667,8.77333333333333,0.066666666666667,0.033333333333333,19.0833333333333,12,0,0,0.5067486111111107,0.4660597424932297,3.467405373634121,1.6160180555555592,1.6160180555555592,0.48480541666666777,3.878443333333342,Review the active loads during this period and consider shifting flexible usage. Consider scheduling flexible loads outside high-consumption periods.,Moderate
2010-03-03 08:00:00,1.52173333333333,0.0797,240.350166666667,6.26333333333333,0.0,0.0,18.8833333333333,8,2,0,0.5460625000000003,0.3233915740632563,3.016995220606724,0.9756708333333297,0.9756708333333297,0.2927012499999989,2.3416099999999913,Review the active loads during this period and consider shifting flexible usage. Consider scheduling flexible loads outside high-consumption periods.,Moderate
2010-03-04 16:00:00,1.2828,0.079466666666667,243.548,5.27333333333333,0.0,0.0,16.2666666666667,16,3,0,0.42464444444444444,0.23058580422020974,3.7216322074017008,0.8581555555555556,0.8581555555555556,0.25744666666666666,2.0595733333333333,Review the active loads during this period and consider shifting flexible usage. Consider scheduling flexible loads outside high-consumption periods.,Moderate
2010-03-05 02:00:00,1.3871,0.033633333333333,241.954833333333,5.67,0.0,0.0,15.8166666666667,2,4,0,0.4871972222222222,0.25826226547778164,3.4844532015274083,0.8999027777777777,0.8999027777777777,0.2699708333333333,2.1597666666666666,Review the active loads during this period and consider shifting flexible usage. Consider scheduling flexible loads outside high-consumption periods.,Moderate
2010-03-05 12:00:00,1.4802,0.074733333333333,243.604166666667,6.09333333333333,0.0,0.0,14.9333333333333,12,4,0,0.5392722222222222,0.2582692097445666,3.643205392963312,0.9409277777777778,0.9409277777777778,0.28227833333333335,2.258226666666667,Review the active loads during this period and consider shifting flexible usage. Consider scheduling flexible loads outside high-consumption periods.,Moderate
2010-03-05 13:00:00,2.01093333333333,0.082166666666667,244.051333333333,8.23666666666667,8.55,0.0,19.5,13,4,0,0.5848388888888888,0.31939979152730585,4.4649197722551515,1.4260944444444412,1.4260944444444412,0.42782833333333237,3.422626666666659,Review the active loads during this period and consider shifting flexible usage. Consider scheduling flexible loads outside high-consumption periods.,Moderate
2010-03-05 14:00:00,2.05916666666667,0.1342,245.091333333333,8.39,9.9,0.333333333333333,19.0833333333333,14,4,0,0.6525472222222221,0.42887766167939884,3.279768498402105,1.406619444444448,1.406619444444448,0.4219858333333344,3.375886666666675,Review the active loads during this period and consider shifting flexible usage. Consider scheduling flexible loads outside high-consumption periods.,Moderate
2010-03-07 17:00:00,2.43486666666667,0.012933333333333,239.742333333333,10.2466666666667,0.0,28.95,0.65,17,6,1,0.5903888888888886,0.24014407766050722,7.680713160810603,1.8444777777777812,1.8444777777777812,0.5533433333333343,4.426746666666674,"Reduce non-essential loads and shift flexible equipment usage to a lower-consumption period. This occurred during an evening period, so peak-load shifting may help reduce consumption.",High
2010-03-07 18:00:00,2.57533333333333,0.292833333333333,238.425166666667,10.98,0.0,23.8833333333333,0.633333333333333,18,6,1,0.6473944444444445,0.4385546486712513,4.396120061046495,1.9279388888888853,1.9279388888888853,0.5783816666666656,4.627053333333325,"Review the active loads during this period and consider shifting flexible usage. This occurred during an evening period, so peak-load shifting may help reduce consumption.",Moderate
2010-03-11 20:00:00,3.48573333333333,0.2095,238.3495,15.2433333333333,16.8333333333333,0.166666666666667,18.0666666666667,20,3,0,1.0547666666666666,0.6228953100211647,3.902688987310025,2.4309666666666634,2.4309666666666634,0.729289999999999,5.834319999999992,"Review the active loads during this period and consider shifting flexible usage. This occurred during an evening period, so peak-load shifting may help reduce consumption.",Moderate
2010-03-11 21:00:00,3.94636666666667,0.206433333333333,238.397833333333,16.7566666666667,17.6833333333333,0.0,18.0833333333333,21,3,0,1.1545041666666667,0.7965533231670906,3.504928570129589,2.7918625000000032,2.7918625000000032,0.8375587500000009,6.700470000000007,"Review the active loads during this period and consider shifting flexible usage. This occurred during an evening period, so peak-load shifting may help reduce consumption.",Moderate
2010-03-14 21:00:00,2.99306666666667,0.0854,239.747333333333,12.4866666666667,7.88333333333333,0.0,13.6333333333333,21,6,1,1.0227680555555547,0.523311778424283,3.765056878795619,1.9702986111111154,1.9702986111111154,0.5910895833333346,4.728716666666677,"Review the active loads during this period and consider shifting flexible usage. This occurred during an evening period, so peak-load shifting may help reduce consumption.",Moderate
2010-04-04 15:00:00,2.7866,0.383433333333333,239.6315,11.69,0.0,0.0,18.7833333333333,15,6,1,1.0424680555555554,0.5467265678986911,3.1901357037538984,1.7441319444444445,1.7441319444444445,0.5232395833333333,4.1859166666666665,Review the active loads during this period and consider shifting flexible usage. Consider scheduling flexible loads outside high-consumption periods.,Moderate
2010-04-06 20:00:00,3.1991,0.1333,239.547833333333,13.37,9.01666666666667,0.266666666666667,17.5333333333333,20,1,0,1.0810597222222222,0.6600779159819359,3.2087731258619194,2.118040277777778,2.118040277777778,0.6354120833333333,5.083296666666667,"Review the active loads during this period and consider shifting flexible usage. This occurred during an evening period, so peak-load shifting may help reduce consumption.",Moderate
2010-04-11 20:00:00,3.81613333333333,0.1082,237.833,16.2466666666667,28.6,0.216666666666667,11.35,20,6,1,0.8194045197740117,0.5664466671710332,5.290398879961075,2.996728813559318,2.996728813559318,0.8990186440677954,7.192149152542363,"Review the active loads during this period and consider shifting flexible usage. This occurred during an evening period, so peak-load shifting may help reduce consumption.",Moderate
2010-04-11 21:00:00,3.88313333333333,0.0986,236.524833333333,16.7133333333333,29.6833333333333,0.0,10.6833333333333,21,6,1,0.9460892419962338,0.8333567287712255,3.524353965039357,2.9370440913370963,2.9370440913370963,0.8811132274011289,7.048905819209031,"Review the active loads during this period and consider shifting flexible usage. This occurred during an evening period, so peak-load shifting may help reduce consumption.",Moderate
2010-04-15 21:00:00,3.02816666666667,0.1382,239.011166666667,12.6633333333333,8.36666666666667,1.11666666666667,17.8833333333333,21,3,0,1.1997541666666671,0.5742296900950884,3.1841134854891093,1.8284125000000029,1.8284125000000029,0.5485237500000009,4.388190000000007,"Review the active loads during this period and consider shifting flexible usage. This occurred during an evening period, so peak-load shifting may help reduce consumption.",Moderate
2010-04-17 10:00:00,3.58546666666667,0.172233333333333,239.272333333333,15.0133333333333,0.0,31.9666666666667,18.1833333333333,10,5,1,1.0549583333333334,0.6157863911625922,4.109393077940207,2.5305083333333367,2.5305083333333367,0.759152500000001,6.073220000000008,Review the active loads during this period and consider shifting flexible usage. Consider scheduling flexible loads outside high-consumption periods.,Moderate
2010-04-24 15:00:00,1.24213333333333,0.164166666666667,241.9525,5.18333333333333,0.0,1.16666666666667,12.55,15,5,1,0.4736027777777776,0.192077120913472,4.001156160091364,0.7685305555555524,0.7685305555555524,0.2305591666666657,1.8444733333333256,Review the active loads during this period and consider shifting flexible usage. Consider scheduling flexible loads outside high-consumption periods.,Moderate
2010-04-24 17:00:00,1.68083333333333,0.523566666666667,238.854666666667,7.84666666666667,8.45,1.18333333333333,3.1,17,5,1,0.5058236111111108,0.2455308563071853,4.785588825349742,1.175009722222219,1.175009722222219,0.3525029166666657,2.8200233333333258,"Review the active loads during this period and consider shifting flexible usage. This occurred during an evening period, so peak-load shifting may help reduce consumption.",Moderate
2010-04-24 18:00:00,2.4453,0.3553,238.167833333333,10.95,18.25,1.16666666666667,14.3666666666667,18,5,1,0.5589236111111107,0.341967644806627,5.516242304021428,1.8863763888888894,1.8863763888888894,0.5659129166666668,4.527303333333334,"Review the active loads during this period and consider shifting flexible usage. This occurred during an evening period, so peak-load shifting may help reduce consumption.",Moderate
2010-04-24 19:00:00,2.47806666666667,0.2718,237.440833333333,10.6033333333333,16.4833333333333,1.15,17.8333333333333,19,5,1,0.6461791666666662,0.5116975659661538,3.580019960699156,1.8318875000000037,1.8318875000000037,0.549566250000001,4.396530000000008,"Review the active loads during this period and consider shifting flexible usage. This occurred during an evening period, so peak-load shifting may help reduce consumption.",Moderate
2010-04-24 21:00:00,3.14333333333333,0.324866666666667,235.833833333333,13.7066666666667,17.9666666666667,1.16666666666667,18.4833333333333,21,5,1,0.7714819444444442,0.6871982302999927,3.451480641697035,2.371851388888886,2.371851388888886,0.7115554166666658,5.692443333333326,"Review the active loads during this period and consider shifting flexible usage. This occurred during an evening period, so peak-load shifting may help reduce consumption.",Moderate
2010-04-26 15:00:00,1.71136666666667,0.0778,239.813833333333,7.08666666666667,7.71666666666667,0.0,14.3,15,0,0,0.4635874999999999,0.19510687516203223,6.395362365526153,1.2477791666666702,1.2477791666666702,0.3743337500000011,2.9946700000000086,Reduce non-essential loads and shift flexible equipment usage to a lower-consumption period. Consider scheduling flexible loads outside high-consumption periods.,High
2010-04-26 22:00:00,2.18433333333333,0.085933333333333,240.169666666667,9.06,0.0,0.0,18.3166666666667,22,0,0,0.6789263888888889,0.4429607388169277,3.398511002273306,1.5054069444444411,1.5054069444444411,0.4516220833333323,3.6129766666666585,"Review the active loads during this period and consider shifting flexible usage. This occurred during an evening period, so peak-load shifting may help reduce consumption.",Moderate
2010-04-28 20:00:00,1.82946666666667,0.295366666666667,241.921333333333,7.66666666666667,0.0,1.03333333333333,19.2666666666667,20,2,0,0.545047222222222,0.3390874719229858,3.787870537240514,1.2844194444444479,1.2844194444444479,0.38532583333333437,3.082606666666675,"Review the active loads during this period and consider shifting flexible usage. This occurred during an evening period, so peak-load shifting may help reduce consumption.",Moderate
2010-04-30 12:00:00,1.9986,0.155166666666667,239.210666666667,8.64333333333333,10.0333333333333,0.283333333333333,15.2166666666667,12,4,0,0.5381013888888888,0.29647596435054435,4.926195667532296,1.4604986111111111,1.4604986111111111,0.4381495833333333,3.5051966666666665,Review the active loads during this period and consider shifting flexible usage. Consider scheduling flexible loads outside high-consumption periods.,Moderate
2010-04-30 17:00:00,2.84363333333333,0.3572,241.192166666667,12.39,18.4833333333333,0.8,19.1666666666667,17,4,0,0.7229458333333332,0.44700187808966185,4.744247404648753,2.1206874999999967,2.1206874999999967,0.636206249999999,5.089649999999992,"Review the active loads during this period and consider shifting flexible usage. This occurred during an evening period, so peak-load shifting may help reduce consumption.",Moderate
2010-05-01 11:00:00,2.6106,0.321833333333333,237.748666666667,11.39,17.0,1.13333333333333,18.6833333333333,11,5,1,0.7369527777777775,0.6201486914513655,3.0212870688112403,1.8736472222222225,1.8736472222222225,0.5620941666666667,4.496753333333333,Review the active loads during this period and consider shifting flexible usage. Consider scheduling flexible loads outside high-consumption periods.,Moderate
2010-05-02 12:00:00,3.56306666666667,0.459233333333333,237.591833333333,15.1866666666667,0.0,29.3,18.65,12,6,1,0.9906375,0.7069865600340828,3.6385828417200137,2.57242916666667,2.57242916666667,0.771728750000001,6.173830000000008,Review the active loads during this period and consider shifting flexible usage. Consider scheduling flexible loads outside high-consumption periods.,Moderate
2010-05-10 21:00:00,2.9157,0.088733333333333,236.403833333333,12.3233333333333,0.0,0.0,18.6333333333333,21,0,0,0.932040277777778,0.6456360369964691,3.0724117127202284,1.9836597222222223,1.9836597222222223,0.5950979166666667,4.760783333333333,"Review the active loads during this period and consider shifting flexible usage. This occurred during an evening period, so peak-load shifting may help reduce consumption.",Moderate
2010-05-13 18:00:00,2.97923333333333,0.290133333333333,240.482833333333,12.54,0.0,18.6,13.3166666666667,18,3,0,0.9708249999999996,0.6164751489715559,3.257890178839956,2.0084083333333305,2.0084083333333305,0.6025224999999991,4.820179999999993,"Review the active loads during this period and consider shifting flexible usage. This occurred during an evening period, so peak-load shifting may help reduce consumption.",Moderate
2010-05-15 20:00:00,3.08416666666667,0.3579,238.855833333333,13.2866666666667,10.5,0.0,18.9833333333333,20,5,1,0.9157069444444444,0.6059922090966977,3.5783623777186317,2.1684597222222255,2.1684597222222255,0.6505379166666676,5.204303333333341,"Review the active loads during this period and consider shifting flexible usage. This occurred during an evening period, so peak-load shifting may help reduce consumption.",Moderate
2010-05-15 21:00:00,3.78956666666667,0.331333333333333,233.9205,16.3366666666667,17.7666666666667,0.45,17.4,21,5,1,0.9759944444444445,0.7384045660450551,3.8103396858607055,2.8135722222222257,2.8135722222222257,0.8440716666666677,6.752573333333341,"Review the active loads during this period and consider shifting flexible usage. This occurred during an evening period, so peak-load shifting may help reduce consumption.",Moderate
2010-05-22 11:00:00,2.97773333333333,0.2025,237.2125,12.67,0.0,13.8833333333333,18.8666666666667,11,5,1,0.9732805555555556,0.6044557176347215,3.3161284099046022,2.0044527777777743,2.0044527777777743,0.6013358333333323,4.810686666666658,Review the active loads during this period and consider shifting flexible usage. Consider scheduling flexible loads outside high-consumption periods.,Moderate
2010-05-29 10:00:00,2.65686666666667,0.273733333333333,237.767333333333,11.53,13.4166666666667,0.5,18.8666666666667,10,5,1,0.9524263888888886,0.46828969077989036,3.6397134323824294,1.7044402777777812,1.7044402777777812,0.5113320833333344,4.090656666666675,Review the active loads during this period and consider shifting flexible usage. Consider scheduling flexible loads outside high-consumption periods.,Moderate
2010-05-29 18:00:00,3.412,0.3252,236.813333333333,14.88,18.85,0.0,17.8166666666667,18,5,1,1.0863486111111111,0.6454266236901148,3.603277744559684,2.325651388888889,2.325651388888889,0.6976954166666666,5.5815633333333325,"Review the active loads during this period and consider shifting flexible usage. This occurred during an evening period, so peak-load shifting may help reduce consumption.",Moderate
2010-06-03 08:00:00,2.2531,0.118333333333333,238.667166666667,9.45,8.35,0.466666666666667,19.0,8,3,0,0.6772708333333329,0.44445097883857243,3.54556349675409,1.5758291666666668,1.5758291666666668,0.47274875000000005,3.7819900000000004,Review the active loads during this period and consider shifting flexible usage. Consider scheduling flexible loads outside high-consumption periods.,Moderate
2010-06-23 21:00:00,3.9411,0.4105,236.802666666667,17.0933333333333,38.3833333333333,1.16666666666667,14.7833333333333,21,2,0,0.9527236111111107,0.6723397250225385,4.444741665069265,2.9883763888888892,2.9883763888888892,0.8965129166666668,7.172103333333334,"Review the active loads during this period and consider shifting flexible usage. This occurred during an evening period, so peak-load shifting may help reduce consumption.",Moderate
2010-06-27 22:00:00,2.06693333333333,0.319566666666667,240.310833333333,8.76,6.11666666666667,1.21666666666667,13.15,22,6,1,0.7030291666666665,0.4094247443501908,3.331269507980894,1.3639041666666634,1.3639041666666634,0.409171249999999,3.273369999999992,"Review the active loads during this period and consider shifting flexible usage. This occurred during an evening period, so peak-load shifting may help reduce consumption.",Moderate
2010-07-01 00:00:00,3.32903333333333,0.293233333333333,236.702833333333,14.37,14.55,1.13333333333333,13.3,0,3,0,0.961205555555555,0.49009642358644434,4.831350860409069,2.367827777777775,2.367827777777775,0.7103483333333326,5.682786666666661,Review the active loads during this period and consider shifting flexible usage. Consider scheduling flexible loads outside high-consumption periods.,Moderate
2010-07-03 22:00:00,1.7139,0.3538,239.674166666667,7.31,0.0,1.18333333333333,7.26666666666667,22,5,1,0.6611097222222219,0.3276353461491648,3.213298840163805,1.052790277777778,1.052790277777778,0.3158370833333334,2.526696666666667,"Review the active loads during this period and consider shifting flexible usage. This occurred during an evening period, so peak-load shifting may help reduce consumption.",Moderate
2010-07-03 23:00:00,1.88693333333333,0.292933333333333,241.024833333333,7.93,0.0,0.966666666666667,10.9666666666667,23,5,1,0.715531944444444,0.386851007592417,3.0280427500477516,1.171401388888886,1.171401388888886,0.35142041666666574,2.811363333333326,Review the active loads during this period and consider shifting flexible usage. Consider scheduling flexible loads outside high-consumption periods.,Moderate
2010-07-10 09:00:00,1.98833333333333,0.213966666666667,239.5315,8.36,0.0,6.1,20.2666666666667,9,5,1,0.6737124999999997,0.31677023597132686,4.150076882388426,1.3146208333333302,1.3146208333333302,0.39438624999999905,3.1550899999999924,Review the active loads during this period and consider shifting flexible usage. Consider scheduling flexible loads outside high-consumption periods.,Moderate
2010-07-10 14:00:00,2.083,0.1361,237.2275,8.80333333333334,6.55,0.05,20.4,14,5,1,0.745633333333333,0.44466421603738365,3.0075877896912497,1.337366666666667,1.337366666666667,0.4012100000000001,3.209680000000001,Review the active loads during this period and consider shifting flexible usage. Consider scheduling flexible loads outside high-consumption periods.,Moderate
2010-07-11 19:00:00,1.94873333333333,0.443433333333333,238.356666666667,8.35,0.0,0.0,17.0833333333333,19,6,1,0.6431722222222219,0.33513416473642016,3.8956371760483437,1.3055611111111083,1.3055611111111083,0.39166833333333245,3.1333466666666596,"Review the active loads during this period and consider shifting flexible usage. This occurred during an evening period, so peak-load shifting may help reduce consumption.",Moderate
2010-07-11 23:00:00,2.59476666666667,0.1676,238.762833333333,10.85,7.88333333333333,0.0,20.7333333333333,23,6,1,0.736034722222222,0.47016084147648524,3.9533959030005934,1.8587319444444481,1.8587319444444481,0.5576195833333344,4.460956666666675,Review the active loads during this period and consider shifting flexible usage. Consider scheduling flexible loads outside high-consumption periods.,Moderate
2010-07-14 21:00:00,2.28073333333333,0.116666666666667,236.253166666667,9.79,5.43333333333333,0.416666666666667,19.6,21,2,0,0.8255513888888889,0.4668396252962742,3.1170917497008253,1.455181944444441,1.455181944444441,0.43655458333333225,3.492436666666658,"Review the active loads during this period and consider shifting flexible usage. This occurred during an evening period, so peak-load shifting may help reduce consumption.",Moderate
2010-07-14 22:00:00,3.10886666666667,0.171733333333333,237.511833333333,13.12,6.91666666666667,0.5,19.0833333333333,22,2,0,0.8324847222222221,0.4875869735847826,4.668668499710496,2.276381944444448,2.276381944444448,0.6829145833333344,5.4633166666666755,"Review the active loads during this period and consider shifting flexible usage. This occurred during an evening period, so peak-load shifting may help reduce consumption.",Moderate
2010-07-14 23:00:00,3.1291,0.075533333333333,239.391666666667,13.0733333333333,5.38333333333333,0.216666666666667,19.2833333333333,23,2,0,0.8849597222222222,0.644360814845315,3.4827385931537522,2.244140277777778,2.244140277777778,0.6732420833333334,5.385936666666667,Review the active loads during this period and consider shifting flexible usage. Consider scheduling flexible loads outside high-consumption periods.,Moderate
2010-07-20 20:00:00,1.61816666666667,0.208133333333333,241.866,6.78,0.0,0.45,13.5333333333333,20,1,0,0.5487486111111111,0.2922546892346073,3.659198962234903,1.069418055555559,1.069418055555559,0.3208254166666677,2.5666033333333416,"Review the active loads during this period and consider shifting flexible usage. This occurred during an evening period, so peak-load shifting may help reduce consumption.",Moderate
2010-07-21 22:00:00,1.6014,0.280433333333333,243.354166666667,6.70666666666667,0.0,0.7,13.6666666666667,22,2,0,0.6229083333333333,0.3019009360588729,3.2411017979614796,0.9784916666666666,0.9784916666666666,0.29354749999999996,2.3483799999999997,"Review the active loads during this period and consider shifting flexible usage. This occurred during an evening period, so peak-load shifting may help reduce consumption.",Moderate
2010-07-21 23:00:00,2.87813333333333,0.392033333333333,241.585833333333,12.0166666666667,0.0,0.533333333333333,20.85,23,2,0,0.6590694444444444,0.3617674642034389,6.133950972553466,2.2190638888888854,2.2190638888888854,0.6657191666666656,5.325753333333325,Reduce non-essential loads and shift flexible equipment usage to a lower-consumption period. Consider scheduling flexible loads outside high-consumption periods.,High
2010-07-22 00:00:00,2.67493333333333,0.325866666666667,240.526166666667,11.13,0.0,1.6,19.45,0,3,0,0.7390041666666664,0.5782528946534607,3.3478936025505592,1.9359291666666638,1.9359291666666638,0.5807787499999991,4.646229999999993,Review the active loads during this period and consider shifting flexible usage. Consider scheduling flexible loads outside high-consumption periods.,Moderate
2010-07-24 21:00:00,1.7543,0.201233333333333,242.2335,7.31,0.0,1.45,1.65,21,5,1,0.6101694444444445,0.3096698773513424,3.6946782339357416,1.1441305555555554,1.1441305555555554,0.3432391666666666,2.7459133333333328,"Review the active loads during this period and consider shifting flexible usage. This occurred during an evening period, so peak-load shifting may help reduce consumption.",Moderate
2010-07-25 23:00:00,2.83136666666667,0.119766666666667,243.041,11.8333333333333,0.0,28.4,14.3,23,6,1,0.7142083333333331,0.40997221082328084,5.164150831300956,2.117158333333337,2.117158333333337,0.635147500000001,5.081180000000008,Review the active loads during this period and consider shifting flexible usage. Consider scheduling flexible loads outside high-consumption periods.,Moderate
2010-07-29 19:00:00,1.09286666666667,0.081633333333333,238.893,4.55333333333333,0.0,0.0,14.8833333333333,19,3,0,0.38026388888888873,0.21416336509416828,3.3273794398236487,0.7126027777777812,0.7126027777777812,0.21378083333333436,1.710246666666675,"Review the active loads during this period and consider shifting flexible usage. This occurred during an evening period, so peak-load shifting may help reduce consumption.",Moderate
2010-07-30 07:00:00,1.1503,0.157166666666667,238.42,4.89,0.0,0.683333333333333,15.2,7,4,0,0.38258055555555565,0.24414084632068023,3.1445759937935214,0.7677194444444444,0.7677194444444444,0.2303158333333333,1.8425266666666664,Review the active loads during this period and consider shifting flexible usage. Consider scheduling flexible loads outside high-consumption periods.,Moderate
2010-07-30 17:00:00,1.20496666666667,0.097433333333333,239.740833333333,5.02666666666667,0.0,0.416666666666667,16.9166666666667,17,4,0,0.38503750000000014,0.23235142139731052,3.5288321531919005,0.8199291666666699,0.8199291666666699,0.24597875000000097,1.9678300000000077,"Review the active loads during this period and consider shifting flexible usage. This occurred during an evening period, so peak-load shifting may help reduce consumption.",Moderate
2010-08-03 04:00:00,0.923566666666667,0.121866666666667,240.792833333333,3.87333333333333,0.0,0.683333333333333,11.75,4,1,0,0.3839819444444444,0.17710822286576847,3.0466384535470015,0.5395847222222225,0.5395847222222225,0.16187541666666674,1.295003333333334,Review the active loads during this period and consider shifting flexible usage. Consider scheduling flexible loads outside high-consumption periods.,Moderate
2010-08-03 16:00:00,1.3614,0.083233333333333,241.4465,5.58333333333333,0.0,0.216666666666667,17.8833333333333,16,1,0,0.408038888888889,0.1694293858200988,5.626893507855808,0.9533611111111109,0.9533611111111109,0.28600833333333325,2.288066666666666,Review the active loads during this period and consider shifting flexible usage. Consider scheduling flexible loads outside high-consumption periods.,Moderate
2010-08-04 04:00:00,1.15493333333333,0.095733333333333,239.939833333333,4.78333333333333,0.0,0.45,16.0166666666667,4,2,0,0.4296166666666667,0.23774537753876623,3.0508129082273943,0.7253166666666633,0.7253166666666633,0.21759499999999898,1.7407599999999919,Review the active loads during this period and consider shifting flexible usage. Consider scheduling flexible loads outside high-consumption periods.,Moderate
2010-08-06 03:00:00,1.2259,0.080266666666667,241.219166666667,5.03666666666667,0.0,0.183333333333333,17.3333333333333,3,4,0,0.36876250000000005,0.19522350706649216,4.390544524477081,0.8571374999999999,0.8571374999999999,0.25714124999999993,2.0571299999999995,Review the active loads during this period and consider shifting flexible usage. Consider scheduling flexible loads outside high-consumption periods.,Moderate
2010-08-08 02:00:00,1.18263333333333,0.1185,241.918,4.86666666666667,0.0,0.666666666666667,16.0666666666667,2,6,1,0.36921111111111116,0.1904502558879403,4.271048198017814,0.8134222222222189,0.8134222222222189,0.24402666666666567,1.9522133333333254,Review the active loads during this period and consider shifting flexible usage. Consider scheduling flexible loads outside high-consumption periods.,Moderate
2010-08-09 13:00:00,1.09646666666667,0.056866666666667,238.961333333333,4.58,0.0,0.0,15.4,13,0,0,0.37061805555555555,0.19728558053702308,3.679177206642834,0.7258486111111144,0.7258486111111144,0.21775458333333433,1.7420366666666747,Review the active loads during this period and consider shifting flexible usage. Consider scheduling flexible loads outside high-consumption periods.,Moderate
2010-08-10 01:00:00,1.249,0.122133333333333,241.2055,5.14333333333333,0.0,0.45,17.3833333333333,1,1,0,0.3745222222222224,0.20329009392152558,4.301625135336625,0.8744777777777777,0.8744777777777777,0.2623433333333333,2.0987466666666665,Review the active loads during this period and consider shifting flexible usage. Consider scheduling flexible loads outside high-consumption periods.,Moderate
2010-08-10 13:00:00,1.15486666666667,0.1483,241.118,4.80333333333333,0.0,0.616666666666667,15.5,13,1,0,0.37938611111111126,0.24902446611976942,3.1140737600561224,0.7754805555555588,0.7754805555555588,0.23264416666666765,1.8611533333333412,Review the active loads during this period and consider shifting flexible usage. Consider scheduling flexible loads outside high-consumption periods.,Moderate
2010-08-13 00:00:00,1.02486666666667,0.140733333333333,239.230166666667,4.33,0.0,0.65,13.3166666666667,0,4,0,0.36784583333333337,0.18829883839859066,3.4892452811767,0.6570208333333365,0.6570208333333365,0.19710625000000095,1.5768500000000076,Review the active loads during this period and consider shifting flexible usage. Consider scheduling flexible loads outside high-consumption periods.,Moderate
2010-08-13 12:00:00,1.1694,0.080666666666667,239.352333333333,4.85666666666667,0.0,0.0,16.3333333333333,12,4,0,0.3670458333333335,0.19783547471152907,4.055663767262204,0.8023541666666665,0.8023541666666665,0.24070624999999993,1.9256499999999994,Review the active loads during this period and consider shifting flexible usage. Consider scheduling flexible loads outside high-consumption periods.,Moderate
2010-08-14 00:00:00,1.1578,0.1348,240.0925,4.83333333333333,0.0,0.666666666666667,15.65,0,5,1,0.3710375000000001,0.23376817376195136,3.3655672084822315,0.7867624999999998,0.7867624999999998,0.23602874999999993,1.8882299999999994,Review the active loads during this period and consider shifting flexible usage. Consider scheduling flexible loads outside high-consumption periods.,Moderate
2010-08-15 11:00:00,1.22656666666667,0.0795,241.909333333333,5.01333333333333,0.0,0.25,17.2833333333333,11,6,1,0.36204166666666676,0.19411789391789394,4.453607972718225,0.8645250000000031,0.8645250000000031,0.2593575000000009,2.0748600000000073,Review the active loads during this period and consider shifting flexible usage. Consider scheduling flexible loads outside high-consumption periods.,Moderate
2010-08-15 16:00:00,1.8561,0.265633333333333,240.378666666667,7.94,0.0,21.1166666666667,1.55,16,6,1,0.3979222222222225,0.2707264929360332,5.386165801373246,1.4581777777777776,1.4581777777777776,0.43745333333333325,3.499626666666666,Review the active loads during this period and consider shifting flexible usage. Consider scheduling flexible loads outside high-consumption periods.,Moderate
2010-08-15 17:00:00,1.9023,0.1656,240.0385,8.09666666666667,0.0,24.2333333333333,1.63333333333333,17,6,1,0.4653472222222224,0.39985341697227017,3.593698882601847,1.4369527777777777,1.4369527777777777,0.43108583333333333,3.4486866666666667,"Review the active loads during this period and consider shifting flexible usage. This occurred during an evening period, so peak-load shifting may help reduce consumption.",Moderate
2010-08-15 18:00:00,2.1767,0.2189,239.7585,9.17333333333334,0.0,12.75,17.3666666666667,18,6,1,0.5326347222222224,0.4935148495364151,3.3313390252028605,1.6440652777777776,1.6440652777777776,0.49321958333333327,3.945756666666666,"Review the active loads during this period and consider shifting flexible usage. This occurred during an evening period, so peak-load shifting may help reduce consumption.",Moderate
2010-08-24 08:00:00,1.42223333333333,0.1189,240.316166666667,5.91333333333333,0.0,0.583333333333333,19.5166666666667,8,1,0,0.5146486111111112,0.2845704982959226,3.1893141687457303,0.9075847222222188,0.9075847222222188,0.2722754166666656,2.178203333333325,Review the active loads during this period and consider shifting flexible usage. Consider scheduling flexible loads outside high-consumption periods.,Moderate
2010-08-25 08:00:00,1.83913333333333,0.133333333333333,239.2305,7.69,7.38333333333333,0.666666666666667,19.2,8,2,0,0.5102624999999997,0.30654149955275917,4.335043820403237,1.3288708333333301,1.3288708333333301,0.398661249999999,3.189289999999992,Review the active loads during this period and consider shifting flexible usage. Consider scheduling flexible loads outside high-consumption periods.,Moderate
2010-08-27 09:00:00,1.6963,0.096033333333333,238.267,7.14,0.0,4.71666666666667,19.15,9,4,0,0.5247541666666667,0.28208131760243416,4.153220224901642,1.171545833333333,1.171545833333333,0.3514637499999999,2.8117099999999993,Review the active loads during this period and consider shifting flexible usage. Consider scheduling flexible loads outside high-consumption periods.,Moderate
2010-08-27 12:00:00,2.14253333333333,0.4401,241.735333333333,9.04333333333333,0.0,7.75,19.65,12,4,0,0.6661236111111113,0.4499060518655201,3.281595604460834,1.4764097222222188,1.4764097222222188,0.4429229166666656,3.543383333333325,Review the active loads during this period and consider shifting flexible usage. Consider scheduling flexible loads outside high-consumption periods.,Moderate
2010-08-27 14:00:00,2.99656666666667,0.3868,238.957,12.7933333333333,7.1,10.4833333333333,19.1666666666667,14,4,0,0.7931722222222223,0.5727419178061125,3.847098275754896,2.2033944444444478,2.2033944444444478,0.6610183333333343,5.288146666666674,Review the active loads during this period and consider shifting flexible usage. Consider scheduling flexible loads outside high-consumption periods.,Moderate
2010-08-29 21:00:00,3.2345,0.102533333333333,237.157166666667,13.6,8.05,0.266666666666667,18.8333333333333,21,6,1,0.9282694444444446,0.7182112030356018,3.2110757195209545,2.3062305555555556,2.3062305555555556,0.6918691666666666,5.534953333333333,"Review the active loads during this period and consider shifting flexible usage. This occurred during an evening period, so peak-load shifting may help reduce consumption.",Moderate
2010-09-07 19:00:00,2.76093333333333,0.2352,239.783,12.05,14.4333333333333,0.716666666666667,19.3833333333333,19,1,0,0.8068666666666667,0.49334955104559924,3.9608157391148677,1.9540666666666633,1.9540666666666633,0.586219999999999,4.689759999999992,"Review the active loads during this period and consider shifting flexible usage. This occurred during an evening period, so peak-load shifting may help reduce consumption.",Moderate
2010-09-16 20:00:00,2.9843,0.1341,236.512,12.6433333333333,7.75,1.11666666666667,18.7,20,3,0,0.8523958333333335,0.5488798862217298,3.8840996367016554,2.1319041666666667,2.1319041666666667,0.63957125,5.11657,"Review the active loads during this period and consider shifting flexible usage. This occurred during an evening period, so peak-load shifting may help reduce consumption.",Moderate
2010-09-19 20:00:00,2.34356666666667,0.1202,241.168333333333,9.72333333333333,0.0,1.13333333333333,14.1666666666667,20,6,1,0.6529513888888888,0.5127968237162116,3.2968520856388714,1.690615277777781,1.690615277777781,0.5071845833333343,4.057476666666674,"Review the active loads during this period and consider shifting flexible usage. This occurred during an evening period, so peak-load shifting may help reduce consumption.",Moderate
2010-10-01 12:00:00,2.44936666666667,0.131666666666667,240.172,10.5533333333333,12.25,1.2,18.3,12,4,0,0.7696208333333335,0.5462581318832134,3.075003803682424,1.6797458333333362,1.6797458333333362,0.5039237500000008,4.031390000000006,Review the active loads during this period and consider shifting flexible usage. Consider scheduling flexible loads outside high-consumption periods.,Moderate
2010-10-02 20:00:00,3.9403,0.201333333333333,239.333,16.6333333333333,28.7,0.916666666666667,14.3333333333333,20,5,1,1.0649388888888895,0.6543609698082233,4.394151307578455,2.8753611111111104,2.8753611111111104,0.8626083333333331,6.900866666666665,"Review the active loads during this period and consider shifting flexible usage. This occurred during an evening period, so peak-load shifting may help reduce consumption.",Moderate
2010-10-07 12:00:00,2.74033333333333,0.309633333333333,240.3515,11.9966666666667,12.9166666666667,1.03333333333333,19.3333333333333,12,3,0,0.887161111111111,0.5731014681694876,3.233584845178178,1.8531722222222191,1.8531722222222191,0.5559516666666657,4.447613333333326,Review the active loads during this period and consider shifting flexible usage. Consider scheduling flexible loads outside high-consumption periods.,Moderate
2010-10-10 19:00:00,3.4918,0.3733,236.563166666667,14.84,8.35,0.866666666666667,19.8833333333333,19,6,1,1.123204166666667,0.6083922678073437,3.893205023577623,2.368595833333333,2.368595833333333,0.7105787499999999,5.684629999999999,"Review the active loads during this period and consider shifting flexible usage. This occurred during an evening period, so peak-load shifting may help reduce consumption.",Moderate
2010-10-10 21:00:00,3.90126666666667,0.453766666666667,238.115666666667,16.5566666666667,11.65,1.11666666666667,20.0833333333333,21,6,1,1.2551361111111115,0.8713593110637188,3.0367846214040837,2.6461305555555583,2.6461305555555583,0.7938391666666674,6.350713333333339,"Review the active loads during this period and consider shifting flexible usage. This occurred during an evening period, so peak-load shifting may help reduce consumption.",Moderate
2010-10-14 19:00:00,4.11776666666667,0.280733333333333,236.344333333333,17.7866666666667,7.43333333333333,0.183333333333333,19.7833333333333,19,3,0,1.3097638888888892,0.8732365173637842,3.2156268341306515,2.808002777777781,2.808002777777781,0.8424008333333343,6.739206666666674,"Review the active loads during this period and consider shifting flexible usage. This occurred during an evening period, so peak-load shifting may help reduce consumption.",Moderate
2010-10-17 16:00:00,1.19143333333333,0.065033333333333,243.644166666667,4.82666666666667,0.0,0.0,13.9833333333333,16,6,1,0.4149374999999998,0.17384153406878153,4.466687650294806,0.7764958333333303,0.7764958333333303,0.23294874999999907,1.8635899999999925,Review the active loads during this period and consider shifting flexible usage. Consider scheduling flexible loads outside high-consumption periods.,Moderate
2010-10-17 19:00:00,2.0301,0.344166666666667,238.332166666667,8.65666666666667,8.26666666666667,0.683333333333333,2.5,19,6,1,0.4641749999999997,0.23338857301609212,6.709518721347295,1.5659250000000002,1.5659250000000002,0.46977750000000007,3.7582200000000006,"Reduce non-essential loads and shift flexible equipment usage to a lower-consumption period. This occurred during an evening period, so peak-load shifting may help reduce consumption.",High
2010-10-17 20:00:00,2.45403333333333,0.119633333333333,239.794,10.2166666666667,8.31666666666667,0.0,3.75,20,6,1,0.533220833333333,0.3946494081386627,4.867136401038531,1.9208124999999971,1.9208124999999971,0.5762437499999992,4.609949999999993,"Review the active loads during this period and consider shifting flexible usage. This occurred during an evening period, so peak-load shifting may help reduce consumption.",Moderate
2010-10-18 09:00:00,3.65706666666667,0.2319,237.970333333333,15.4533333333333,0.0,29.85,19.65,9,0,0,0.8973902777777775,0.7852548919683939,3.5143701963718144,2.7596763888888924,2.7596763888888924,0.8279029166666677,6.623223333333342,Review the active loads during this period and consider shifting flexible usage. Consider scheduling flexible loads outside high-consumption periods.,Moderate
2010-10-26 11:00:00,3.0101,0.2522,245.207166666667,12.3333333333333,0.0,22.2,21.2,11,1,0,0.6606333333333335,0.3506811231659348,6.699723798805529,2.3494666666666664,2.3494666666666664,0.7048399999999999,5.638719999999999,Reduce non-essential loads and shift flexible equipment usage to a lower-consumption period. Consider scheduling flexible loads outside high-consumption periods.,High
2010-10-28 15:00:00,2.2539,0.203666666666667,246.7795,9.15333333333333,9.06666666666667,1.16666666666667,21.55,15,3,0,0.7359430555555555,0.46081799518244687,3.2940487574567383,1.5179569444444443,1.5179569444444443,0.4553870833333333,3.643096666666666,Review the active loads during this period and consider shifting flexible usage. Consider scheduling flexible loads outside high-consumption periods.,Moderate
2010-10-30 11:00:00,3.13323333333333,0.300033333333333,239.857166666667,13.65,22.2166666666667,0.0,20.2833333333333,11,5,1,0.8764458333333338,0.44082221506621433,5.119495848595135,2.256787499999996,2.256787499999996,0.6770362499999988,5.41628999999999,Review the active loads during this period and consider shifting flexible usage. Consider scheduling flexible loads outside high-consumption periods.,Moderate
2010-11-02 23:00:00,2.28646666666667,0.164,245.939166666667,9.28666666666667,0.0,0.0,16.2166666666667,23,1,0,0.7932722222222218,0.4689202078397166,3.1843252209656163,1.4931944444444483,1.4931944444444483,0.44795833333333446,3.5836666666666757,Review the active loads during this period and consider shifting flexible usage. Consider scheduling flexible loads outside high-consumption periods.,Moderate
2010-11-03 21:00:00,3.14316666666667,0.1615,240.2685,13.11,0.0,8.2,18.1833333333333,21,2,0,0.9257402777777782,0.6017706339960492,3.6848364868921966,2.217426388888892,2.217426388888892,0.6652279166666676,5.321823333333341,"Review the active loads during this period and consider shifting flexible usage. This occurred during an evening period, so peak-load shifting may help reduce consumption.",Moderate
2010-11-04 08:00:00,4.4189,0.080633333333333,239.044833333333,18.5033333333333,7.93333333333333,40.0833333333333,18.1333333333333,8,3,0,0.9354944444444447,0.7529586361130693,4.626290726324126,3.483405555555555,3.483405555555555,1.0450216666666665,8.360173333333332,Review the active loads during this period and consider shifting flexible usage. Consider scheduling flexible loads outside high-consumption periods.,Moderate
2010-11-14 15:00:00,4.15656666666667,0.237066666666667,234.8875,17.9433333333333,40.85,0.0,8.01666666666667,15,6,1,1.3881888888888894,0.775379106569795,3.570353849260688,2.768377777777781,2.768377777777781,0.8305133333333342,6.644106666666674,Review the active loads during this period and consider shifting flexible usage. Consider scheduling flexible loads outside high-consumption periods.,Moderate
2010-11-20 18:00:00,5.62683333333333,0.199066666666667,230.514333333333,24.72,14.35,29.8166666666667,16.3333333333333,18,5,1,1.1846319444444444,0.712546217331704,6.234264221517797,4.442201388888886,4.442201388888886,1.3326604166666658,10.661283333333326,"Reduce non-essential loads and shift flexible equipment usage to a lower-consumption period. This occurred during an evening period, so peak-load shifting may help reduce consumption.",High
2010-11-22 08:00:00,2.59023333333333,0.1348,237.52,10.91,8.68333333333334,8.23333333333333,17.3,8,0,0,0.6200694444444445,0.5181785188361702,3.8020948713078204,1.9701638888888855,1.9701638888888855,0.5910491666666656,4.728393333333325,Review the active loads during this period and consider shifting flexible usage. Consider scheduling flexible loads outside high-consumption periods.,Moderate
2010-11-22 10:00:00,3.10536666666667,0.0634,235.492666666667,13.1833333333333,8.86666666666667,18.4833333333333,17.0166666666667,10,0,0,0.6743402777777777,0.6440896442678244,3.77436030919638,2.4310263888888923,2.4310263888888923,0.7293079166666677,5.834463333333342,Review the active loads during this period and consider shifting flexible usage. Consider scheduling flexible loads outside high-consumption periods.,Moderate
